Use of uninitialized value in require at /home/ben/mambaforge/envs/roary/lib/site_perl/5.26.2/x86_64-linux-thread-multi/Encode.pm line 61.
2026/04/21 17:26:23 Output directory created: roary_output
2026/04/21 17:26:23 Fixing input GFF files
2026/04/21 17:27:07 Extracting proteins from GFF files

Please cite Roary if you use any of the results it produces:
    Andrew J. Page, Carla A. Cummins, Martin Hunt, Vanessa K. Wong, Sandra Reuter, Matthew T. G. Holden, Maria Fookes, Daniel Falush, Jacqueline A. Keane, Julian Parkhill,
	"Roary: Rapid large-scale prokaryote pan genome analysis", Bioinformatics, 2015 Nov 15;31(22):3691-3693
    doi: http://doi.org/10.1093/bioinformatics/btv421
	Pubmed: 26198102

Extracting proteins from /media/ben/eb2bfd7c-b1ec-4a81-b90b-3fe588646dea/CPL/scratch/Christian/roary_cf_pseudomonas/gff3_files/13121-1.gff
Extracting proteins from /media/ben/eb2bfd7c-b1ec-4a81-b90b-3fe588646dea/CPL/scratch/Christian/roary_cf_pseudomonas/gff3_files/15108-1.gff
Extracting proteins from /media/ben/eb2bfd7c-b1ec-4a81-b90b-3fe588646dea/CPL/scratch/Christian/roary_cf_pseudomonas/gff3_files/1709-12.gff
Extracting proteins from /media/ben/eb2bfd7c-b1ec-4a81-b90b-3fe588646dea/CPL/scratch/Christian/roary_cf_pseudomonas/gff3_files/2192_suppressed.gff
Extracting proteins from /media/ben/eb2bfd7c-b1ec-4a81-b90b-3fe588646dea/CPL/scratch/Christian/roary_cf_pseudomonas/gff3_files/39016.gff
Extracting proteins from /media/ben/eb2bfd7c-b1ec-4a81-b90b-3fe588646dea/CPL/scratch/Christian/roary_cf_pseudomonas/gff3_files/39177.gff
Extracting proteins from /media/ben/eb2bfd7c-b1ec-4a81-b90b-3fe588646dea/CPL/scratch/Christian/roary_cf_pseudomonas/gff3_files/57P31PA.gff
Extracting proteins from /media/ben/eb2bfd7c-b1ec-4a81-b90b-3fe588646dea/CPL/scratch/Christian/roary_cf_pseudomonas/gff3_files/679.gff
Extracting proteins from /media/ben/eb2bfd7c-b1ec-4a81-b90b-3fe588646dea/CPL/scratch/Christian/roary_cf_pseudomonas/gff3_files/968333S.gff
Extracting proteins from /media/ben/eb2bfd7c-b1ec-4a81-b90b-3fe588646dea/CPL/scratch/Christian/roary_cf_pseudomonas/gff3_files/A5803.gff
Extracting proteins from /media/ben/eb2bfd7c-b1ec-4a81-b90b-3fe588646dea/CPL/scratch/Christian/roary_cf_pseudomonas/gff3_files/AA2.gff
Extracting proteins from /media/ben/eb2bfd7c-b1ec-4a81-b90b-3fe588646dea/CPL/scratch/Christian/roary_cf_pseudomonas/gff3_files/AES-1R.gff
Extracting proteins from /media/ben/eb2bfd7c-b1ec-4a81-b90b-3fe588646dea/CPL/scratch/Christian/roary_cf_pseudomonas/gff3_files/AMT0023-30.gff
Extracting proteins from /media/ben/eb2bfd7c-b1ec-4a81-b90b-3fe588646dea/CPL/scratch/Christian/roary_cf_pseudomonas/gff3_files/AMT0023-34.gff
Extracting proteins from /media/ben/eb2bfd7c-b1ec-4a81-b90b-3fe588646dea/CPL/scratch/Christian/roary_cf_pseudomonas/gff3_files/AMT0060-1.gff
Extracting proteins from /media/ben/eb2bfd7c-b1ec-4a81-b90b-3fe588646dea/CPL/scratch/Christian/roary_cf_pseudomonas/gff3_files/AMT0060-2.gff
Extracting proteins from /media/ben/eb2bfd7c-b1ec-4a81-b90b-3fe588646dea/CPL/scratch/Christian/roary_cf_pseudomonas/gff3_files/AMT0060-3.gff
Extracting proteins from /media/ben/eb2bfd7c-b1ec-4a81-b90b-3fe588646dea/CPL/scratch/Christian/roary_cf_pseudomonas/gff3_files/AUS23.gff
Extracting proteins from /media/ben/eb2bfd7c-b1ec-4a81-b90b-3fe588646dea/CPL/scratch/Christian/roary_cf_pseudomonas/gff3_files/AUS52.gff
Extracting proteins from /media/ben/eb2bfd7c-b1ec-4a81-b90b-3fe588646dea/CPL/scratch/Christian/roary_cf_pseudomonas/gff3_files/C3719.gff
Extracting proteins from /media/ben/eb2bfd7c-b1ec-4a81-b90b-3fe588646dea/CPL/scratch/Christian/roary_cf_pseudomonas/gff3_files/CHA.gff
Extracting proteins from /media/ben/eb2bfd7c-b1ec-4a81-b90b-3fe588646dea/CPL/scratch/Christian/roary_cf_pseudomonas/gff3_files/CPHL9433.gff
Extracting proteins from /media/ben/eb2bfd7c-b1ec-4a81-b90b-3fe588646dea/CPL/scratch/Christian/roary_cf_pseudomonas/gff3_files/DFI10.1.gff
Extracting proteins from /media/ben/eb2bfd7c-b1ec-4a81-b90b-3fe588646dea/CPL/scratch/Christian/roary_cf_pseudomonas/gff3_files/DFI13.1.gff
Extracting proteins from /media/ben/eb2bfd7c-b1ec-4a81-b90b-3fe588646dea/CPL/scratch/Christian/roary_cf_pseudomonas/gff3_files/DFI4.1.gff
Extracting proteins from /media/ben/eb2bfd7c-b1ec-4a81-b90b-3fe588646dea/CPL/scratch/Christian/roary_cf_pseudomonas/gff3_files/DK2.gff
Extracting proteins from /media/ben/eb2bfd7c-b1ec-4a81-b90b-3fe588646dea/CPL/scratch/Christian/roary_cf_pseudomonas/gff3_files/IST27.gff
Extracting proteins from /media/ben/eb2bfd7c-b1ec-4a81-b90b-3fe588646dea/CPL/scratch/Christian/roary_cf_pseudomonas/gff3_files/IST27N.gff
Extracting proteins from /media/ben/eb2bfd7c-b1ec-4a81-b90b-3fe588646dea/CPL/scratch/Christian/roary_cf_pseudomonas/gff3_files/Jpn1563.gff
Extracting proteins from /media/ben/eb2bfd7c-b1ec-4a81-b90b-3fe588646dea/CPL/scratch/Christian/roary_cf_pseudomonas/gff3_files/KK1.gff
Extracting proteins from /media/ben/eb2bfd7c-b1ec-4a81-b90b-3fe588646dea/CPL/scratch/Christian/roary_cf_pseudomonas/gff3_files/LES400.gff
Extracting proteins from /media/ben/eb2bfd7c-b1ec-4a81-b90b-3fe588646dea/CPL/scratch/Christian/roary_cf_pseudomonas/gff3_files/LES431.gff
Extracting proteins from /media/ben/eb2bfd7c-b1ec-4a81-b90b-3fe588646dea/CPL/scratch/Christian/roary_cf_pseudomonas/gff3_files/LESB58.gff
Extracting proteins from /media/ben/eb2bfd7c-b1ec-4a81-b90b-3fe588646dea/CPL/scratch/Christian/roary_cf_pseudomonas/gff3_files/LMG14084.gff
Extracting proteins from /media/ben/eb2bfd7c-b1ec-4a81-b90b-3fe588646dea/CPL/scratch/Christian/roary_cf_pseudomonas/gff3_files/Mi162.gff
Extracting proteins from /media/ben/eb2bfd7c-b1ec-4a81-b90b-3fe588646dea/CPL/scratch/Christian/roary_cf_pseudomonas/gff3_files/NCTC12903.gff
Extracting proteins from /media/ben/eb2bfd7c-b1ec-4a81-b90b-3fe588646dea/CPL/scratch/Christian/roary_cf_pseudomonas/gff3_files/NH57388A.gff
Extracting proteins from /media/ben/eb2bfd7c-b1ec-4a81-b90b-3fe588646dea/CPL/scratch/Christian/roary_cf_pseudomonas/gff3_files/PA14.gff
Extracting proteins from /media/ben/eb2bfd7c-b1ec-4a81-b90b-3fe588646dea/CPL/scratch/Christian/roary_cf_pseudomonas/gff3_files/PAK.gff
Extracting proteins from /media/ben/eb2bfd7c-b1ec-4a81-b90b-3fe588646dea/CPL/scratch/Christian/roary_cf_pseudomonas/gff3_files/PAO1.gff
Extracting proteins from /media/ben/eb2bfd7c-b1ec-4a81-b90b-3fe588646dea/CPL/scratch/Christian/roary_cf_pseudomonas/gff3_files/PAO1_panel.gff
Extracting proteins from /media/ben/eb2bfd7c-b1ec-4a81-b90b-3fe588646dea/CPL/scratch/Christian/roary_cf_pseudomonas/gff3_files/PAO258.gff
Extracting proteins from /media/ben/eb2bfd7c-b1ec-4a81-b90b-3fe588646dea/CPL/scratch/Christian/roary_cf_pseudomonas/gff3_files/PIB10.9.gff
Extracting proteins from /media/ben/eb2bfd7c-b1ec-4a81-b90b-3fe588646dea/CPL/scratch/Christian/roary_cf_pseudomonas/gff3_files/PIB1.4.gff
Extracting proteins from /media/ben/eb2bfd7c-b1ec-4a81-b90b-3fe588646dea/CPL/scratch/Christian/roary_cf_pseudomonas/gff3_files/PIB19.8.gff
Extracting proteins from /media/ben/eb2bfd7c-b1ec-4a81-b90b-3fe588646dea/CPL/scratch/Christian/roary_cf_pseudomonas/gff3_files/PIB45.5.gff
Extracting proteins from /media/ben/eb2bfd7c-b1ec-4a81-b90b-3fe588646dea/CPL/scratch/Christian/roary_cf_pseudomonas/gff3_files/PIB50.3.gff
Extracting proteins from /media/ben/eb2bfd7c-b1ec-4a81-b90b-3fe588646dea/CPL/scratch/Christian/roary_cf_pseudomonas/gff3_files/PIB63.5.gff
Extracting proteins from /media/ben/eb2bfd7c-b1ec-4a81-b90b-3fe588646dea/CPL/scratch/Christian/roary_cf_pseudomonas/gff3_files/PIB9.1.gff
Extracting proteins from /media/ben/eb2bfd7c-b1ec-4a81-b90b-3fe588646dea/CPL/scratch/Christian/roary_cf_pseudomonas/gff3_files/PIC1.4.gff
Extracting proteins from /media/ben/eb2bfd7c-b1ec-4a81-b90b-3fe588646dea/CPL/scratch/Christian/roary_cf_pseudomonas/gff3_files/PIC15.1.gff
Extracting proteins from /media/ben/eb2bfd7c-b1ec-4a81-b90b-3fe588646dea/CPL/scratch/Christian/roary_cf_pseudomonas/gff3_files/PIC18.1.gff
Extracting proteins from /media/ben/eb2bfd7c-b1ec-4a81-b90b-3fe588646dea/CPL/scratch/Christian/roary_cf_pseudomonas/gff3_files/PIC21.1.gff
Extracting proteins from /media/ben/eb2bfd7c-b1ec-4a81-b90b-3fe588646dea/CPL/scratch/Christian/roary_cf_pseudomonas/gff3_files/PIC7.9.gff
Extracting proteins from /media/ben/eb2bfd7c-b1ec-4a81-b90b-3fe588646dea/CPL/scratch/Christian/roary_cf_pseudomonas/gff3_files/Pr335.gff
Extracting proteins from /media/ben/eb2bfd7c-b1ec-4a81-b90b-3fe588646dea/CPL/scratch/Christian/roary_cf_pseudomonas/gff3_files/RDE1.gff
Extracting proteins from /media/ben/eb2bfd7c-b1ec-4a81-b90b-3fe588646dea/CPL/scratch/Christian/roary_cf_pseudomonas/gff3_files/RDE2.gff
Extracting proteins from /media/ben/eb2bfd7c-b1ec-4a81-b90b-3fe588646dea/CPL/scratch/Christian/roary_cf_pseudomonas/gff3_files/RDE3.gff
Extracting proteins from /media/ben/eb2bfd7c-b1ec-4a81-b90b-3fe588646dea/CPL/scratch/Christian/roary_cf_pseudomonas/gff3_files/RDE4.gff
Extracting proteins from /media/ben/eb2bfd7c-b1ec-4a81-b90b-3fe588646dea/CPL/scratch/Christian/roary_cf_pseudomonas/gff3_files/RP1.gff
Extracting proteins from /media/ben/eb2bfd7c-b1ec-4a81-b90b-3fe588646dea/CPL/scratch/Christian/roary_cf_pseudomonas/gff3_files/TBCF10839.gff
Extracting proteins from /media/ben/eb2bfd7c-b1ec-4a81-b90b-3fe588646dea/CPL/scratch/Christian/roary_cf_pseudomonas/gff3_files/U018A.gff
Combine proteins into a single file
Iteratively run cd-hit
Parallel all against all blast
Cluster with MCL
2026/04/21 17:36:18 Running command: pan_genome_post_analysis -o clustered_proteins -p pan_genome.fa -s gene_presence_absence.csv -c _clustered.clstr --output_multifasta_files -i /media/ben/eb2bfd7c-b1ec-4a81-b90b-3fe588646dea/CPL/scratch/Christian/roary_cf_pseudomonas/roary_output/A9T_9wGyEu//_gff_files -f /media/ben/eb2bfd7c-b1ec-4a81-b90b-3fe588646dea/CPL/scratch/Christian/roary_cf_pseudomonas/roary_output/A9T_9wGyEu//_fasta_files -t 11     -v --mafft  -j Local --processors 8 --group_limit 50000 -cd 99
Use of uninitialized value in require at /home/ben/mambaforge/envs/roary/lib/site_perl/5.26.2/x86_64-linux-thread-multi/Encode.pm line 61.
2026/04/21 17:36:19 Reinflate clusters
2026/04/21 17:36:19 Split groups with paralogs
2026/04/21 17:36:31 Labelling the groups
2026/04/21 17:36:31 Transfering the annotation to the groups
2026/04/21 17:37:16 Creating accessory binary gene presence and absence fasta
2026/04/21 17:37:25 Creating accessory binary gene presence and absence tree
2026/04/21 17:37:25 Running command: /home/ben/mambaforge/envs/roary/bin/FastTree -fastest -nt accessory_binary_genes.fa > accessory_binary_genes.fa.newick 
FastTree Version 2.1.11 Double precision (No SSE3)
Alignment: accessory_binary_genes.fa
Nucleotide distances: Jukes-Cantor Joins: balanced Support: SH-like 1000
Search: Fastest+2nd +NNI +SPR (2 rounds range 10) +ML-NNI opt-each=1
TopHits: 1.00*sqrtN close=default refresh=0.50
ML Model: Jukes-Cantor, CAT approximation with 20 rate categories
Initial topology in 0.08 seconds
Refining topology: 24 rounds ME-NNIs, 2 rounds ME-SPRs, 12 rounds ML-NNIs
      0.11 seconds: ME NNI round 3 of 24, 1 of 60 splits
      0.53 seconds: SPR round   1 of   2, 101 of 122 nodes
      0.64 seconds: SPR round   2 of   2, 1 of 122 nodes
      1.06 seconds: SPR round   2 of   2, 101 of 122 nodes
Total branch-length 5.951 after 1.19 sec
      1.19 seconds: ML Lengths 1 of 60 splits
ML-NNI round 1: LogLk = -88909.426 NNIs 6 max delta 45.80 Time 1.54
      1.54 seconds: Site likelihoods with rate category 1 of 20
Switched to using 20 rate categories (CAT approximation)
Rate categories were divided by 0.922 so that average rate = 1.0
CAT-based log-likelihoods may not be comparable across runs
Use -gamma for approximate but comparable Gamma(20) log-likelihoods
ML-NNI round 2: LogLk = -86185.597 NNIs 1 max delta 29.37 Time 1.71
      1.71 seconds: ML NNI round 3 of 12, 1 of 60 splits
ML-NNI round 3: LogLk = -86183.974 NNIs 0 max delta 0.00 Time 1.75
Turning off heuristics for final round of ML NNIs (converged)
ML-NNI round 4: LogLk = -86099.037 NNIs 2 max delta 62.39 Time 2.02 (final)
      2.01 seconds: ML Lengths 1 of 60 splits
Optimize all lengths: LogLk = -86091.878 Time 2.09
Total time: 2.50 seconds Unique: 62/62 Bad splits: 1/59 Worst delta-LogLk 68.510
Saving 7 x 7 in image
Error in `ggplot_add()`:
! Can't add `ggsave(filename = "conserved_vs_total_genes.png", scale =
  1)` to a <ggplot> object.
Backtrace:
    ▆
 1. └─ggplot2:::`+.gg`(...)
 2.   └─ggplot2:::add_ggplot(e1, e2, e2name)
 3.     ├─ggplot2::ggplot_add(object, p, objectname)
 4.     └─ggplot2:::ggplot_add.default(object, p, objectname)
 5.       └─cli::cli_abort("Can't add {.var {object_name}} to a {.cls ggplot} object.")
 6.         └─rlang::abort(...)
Warning message:
A numeric `legend.position` argument in `theme()` was deprecated in ggplot2
3.5.0.
ℹ Please use the `legend.position.inside` argument of `theme()` instead. 
Execution halted
Use of uninitialized value in require at (eval 4061) line 1.
2026/04/21 17:40:46 Running command: protein_alignment_from_nucleotides  -v  --mafft pan_genome_sequences/group_17996.fa
2026/04/21 17:40:46 Running command: protein_alignment_from_nucleotides  -v  --mafft pan_genome_sequences/ftsY.fa
2026/04/21 17:40:46 Running command: protein_alignment_from_nucleotides  -v  --mafft pan_genome_sequences/cyoB.fa
2026/04/21 17:40:46 Running command: protein_alignment_from_nucleotides  -v  --mafft pan_genome_sequences/ftsN_2.fa
2026/04/21 17:40:46 Running command: protein_alignment_from_nucleotides  -v  --mafft pan_genome_sequences/group_18150.fa
2026/04/21 17:40:46 Running command: protein_alignment_from_nucleotides  -v  --mafft pan_genome_sequences/group_1971.fa
2026/04/21 17:40:46 Running command: protein_alignment_from_nucleotides  -v  --mafft pan_genome_sequences/lrp_4.fa
2026/04/21 17:40:46 Running command: protein_alignment_from_nucleotides  -v  --mafft pan_genome_sequences/rppH.fa
2026/04/21 17:40:46 Running command: protein_alignment_from_nucleotides  -v  --mafft pan_genome_sequences/slyB.fa
2026/04/21 17:40:46 Running command: protein_alignment_from_nucleotides  -v  --mafft pan_genome_sequences/ppiB.fa
2026/04/21 17:40:46 Running command: protein_alignment_from_nucleotides  -v  --mafft pan_genome_sequences/group_4670.fa
2026/04/21 17:40:46 Running command: protein_alignment_from_nucleotides  -v  --mafft pan_genome_sequences/yhaI.fa
2026/04/21 17:40:46 Running command: protein_alignment_from_nucleotides  -v  --mafft pan_genome_sequences/leuE_2.fa
2026/04/21 17:40:46 Running command: protein_alignment_from_nucleotides  -v  --mafft pan_genome_sequences/group_5284.fa
2026/04/21 17:40:46 Running command: protein_alignment_from_nucleotides  -v  --mafft pan_genome_sequences/group_18140.fa
2026/04/21 17:40:46 Running command: protein_alignment_from_nucleotides  -v  --mafft pan_genome_sequences/rmlD.fa
2026/04/21 17:40:46 Running command: protein_alignment_from_nucleotides  -v  --mafft pan_genome_sequences/mupP_2.fa
2026/04/21 17:40:46 Running command: protein_alignment_from_nucleotides  -v  --mafft pan_genome_sequences/uvrD.fa
2026/04/21 17:40:46 Running command: protein_alignment_from_nucleotides  -v  --mafft pan_genome_sequences/gltS.fa
2026/04/21 17:40:46 Running command: protein_alignment_from_nucleotides  -v  --mafft pan_genome_sequences/rhaS_12.fa
2026/04/21 17:40:46 Running command: protein_alignment_from_nucleotides  -v  --mafft pan_genome_sequences/flgH.fa
2026/04/21 17:40:46 Running command: protein_alignment_from_nucleotides  -v  --mafft pan_genome_sequences/group_2967.fa
2026/04/21 17:40:46 Running command: protein_alignment_from_nucleotides  -v  --mafft pan_genome_sequences/xpt.fa
2026/04/21 17:40:46 Running command: protein_alignment_from_nucleotides  -v  --mafft pan_genome_sequences/group_3729.fa
2026/04/21 17:40:46 Running command: protein_alignment_from_nucleotides  -v  --mafft pan_genome_sequences/group_2036.fa
2026/04/21 17:40:46 Running command: protein_alignment_from_nucleotides  -v  --mafft pan_genome_sequences/cmpR_4.fa
2026/04/21 17:40:46 Running command: protein_alignment_from_nucleotides  -v  --mafft pan_genome_sequences/pyrD.fa
2026/04/21 17:40:46 Running command: protein_alignment_from_nucleotides  -v  --mafft pan_genome_sequences/group_3375.fa
2026/04/21 17:40:46 Running command: protein_alignment_from_nucleotides  -v  --mafft pan_genome_sequences/group_18121.fa
2026/04/21 17:40:46 Running command: protein_alignment_from_nucleotides  -v  --mafft pan_genome_sequences/gltK.fa
2026/04/21 17:40:46 Running command: protein_alignment_from_nucleotides  -v  --mafft pan_genome_sequences/group_5270.fa
2026/04/21 17:40:46 Running command: protein_alignment_from_nucleotides  -v  --mafft pan_genome_sequences/uacT_1.fa
2026/04/21 17:40:46 Running command: protein_alignment_from_nucleotides  -v  --mafft pan_genome_sequences/ubiA.fa
2026/04/21 17:40:46 Running command: protein_alignment_from_nucleotides  -v  --mafft pan_genome_sequences/pcaG.fa
2026/04/21 17:40:46 Running command: protein_alignment_from_nucleotides  -v  --mafft pan_genome_sequences/algD.fa
2026/04/21 17:40:46 Running command: protein_alignment_from_nucleotides  -v  --mafft pan_genome_sequences/ppa.fa
2026/04/21 17:40:46 Running command: protein_alignment_from_nucleotides  -v  --mafft pan_genome_sequences/algK.fa
2026/04/21 17:40:46 Running command: protein_alignment_from_nucleotides  -v  --mafft pan_genome_sequences/group_5468.fa
2026/04/21 17:40:46 Running command: protein_alignment_from_nucleotides  -v  --mafft pan_genome_sequences/guaD_1.fa
2026/04/21 17:40:46 Running command: protein_alignment_from_nucleotides  -v  --mafft pan_genome_sequences/fliE.fa
2026/04/21 17:40:46 Running command: protein_alignment_from_nucleotides  -v  --mafft pan_genome_sequences/group_3481.fa
2026/04/21 17:40:46 Running command: protein_alignment_from_nucleotides  -v  --mafft pan_genome_sequences/mrcB.fa
2026/04/21 17:40:46 Running command: protein_alignment_from_nucleotides  -v  --mafft pan_genome_sequences/group_4703.fa
2026/04/21 17:40:46 Running command: protein_alignment_from_nucleotides  -v  --mafft pan_genome_sequences/group_5494.fa
2026/04/21 17:40:46 Running command: protein_alignment_from_nucleotides  -v  --mafft pan_genome_sequences/ihfA.fa
2026/04/21 17:40:46 Running command: protein_alignment_from_nucleotides  -v  --mafft pan_genome_sequences/lolA.fa
2026/04/21 17:40:46 Running command: protein_alignment_from_nucleotides  -v  --mafft pan_genome_sequences/group_5476.fa
2026/04/21 17:40:46 Running command: protein_alignment_from_nucleotides  -v  --mafft pan_genome_sequences/pucI_1.fa
2026/04/21 17:40:46 Running command: protein_alignment_from_nucleotides  -v  --mafft pan_genome_sequences/cmoA_2.fa
2026/04/21 17:40:46 Running command: protein_alignment_from_nucleotides  -v  --mafft pan_genome_sequences/group_18008.fa
2026/04/21 17:40:46 Running command: protein_alignment_from_nucleotides  -v  --mafft pan_genome_sequences/group_18113.fa
2026/04/21 17:40:46 Running command: protein_alignment_from_nucleotides  -v  --mafft pan_genome_sequences/ldc.fa
2026/04/21 17:40:46 Running command: protein_alignment_from_nucleotides  -v  --mafft pan_genome_sequences/yhhW.fa
2026/04/21 17:40:46 Running command: protein_alignment_from_nucleotides  -v  --mafft pan_genome_sequences/hdl_IVa.fa
2026/04/21 17:40:46 Running command: protein_alignment_from_nucleotides  -v  --mafft pan_genome_sequences/group_18332.fa
2026/04/21 17:40:46 Running command: protein_alignment_from_nucleotides  -v  --mafft pan_genome_sequences/yafV.fa
2026/04/21 17:40:46 Running command: protein_alignment_from_nucleotides  -v  --mafft pan_genome_sequences/cspA_1.fa
2026/04/21 17:40:46 Running command: protein_alignment_from_nucleotides  -v  --mafft pan_genome_sequences/clsC.fa
2026/04/21 17:40:46 Running command: protein_alignment_from_nucleotides  -v  --mafft pan_genome_sequences/group_5100.fa
2026/04/21 17:40:46 Running command: protein_alignment_from_nucleotides  -v  --mafft pan_genome_sequences/metC.fa
2026/04/21 17:40:46 Running command: protein_alignment_from_nucleotides  -v  --mafft pan_genome_sequences/lpxB.fa
2026/04/21 17:40:46 Running command: protein_alignment_from_nucleotides  -v  --mafft pan_genome_sequences/phnM.fa
2026/04/21 17:40:46 Running command: protein_alignment_from_nucleotides  -v  --mafft pan_genome_sequences/group_18568.fa
2026/04/21 17:40:46 Running command: protein_alignment_from_nucleotides  -v  --mafft pan_genome_sequences/rutB_3.fa
2026/04/21 17:40:46 Running command: protein_alignment_from_nucleotides  -v  --mafft pan_genome_sequences/pncA.fa
2026/04/21 17:40:46 Running command: protein_alignment_from_nucleotides  -v  --mafft pan_genome_sequences/dacC.fa
2026/04/21 17:40:46 Running command: protein_alignment_from_nucleotides  -v  --mafft pan_genome_sequences/acrB_1.fa
2026/04/21 17:40:46 Running command: protein_alignment_from_nucleotides  -v  --mafft pan_genome_sequences/betI_3.fa
2026/04/21 17:40:46 Running command: protein_alignment_from_nucleotides  -v  --mafft pan_genome_sequences/group_3352.fa
2026/04/21 17:40:46 Running command: protein_alignment_from_nucleotides  -v  --mafft pan_genome_sequences/mmsA_1.fa
2026/04/21 17:40:46 Running command: protein_alignment_from_nucleotides  -v  --mafft pan_genome_sequences/rdoA.fa
2026/04/21 17:40:46 Running command: protein_alignment_from_nucleotides  -v  --mafft pan_genome_sequences/group_4962.fa
2026/04/21 17:40:46 Running command: protein_alignment_from_nucleotides  -v  --mafft pan_genome_sequences/rhdA.fa
2026/04/21 17:40:46 Running command: protein_alignment_from_nucleotides  -v  --mafft pan_genome_sequences/group_1457.fa
2026/04/21 17:40:46 Running command: protein_alignment_from_nucleotides  -v  --mafft pan_genome_sequences/group_17670.fa
2026/04/21 17:40:46 Running command: protein_alignment_from_nucleotides  -v  --mafft pan_genome_sequences/group_4795.fa
2026/04/21 17:40:46 Running command: protein_alignment_from_nucleotides  -v  --mafft pan_genome_sequences/dnaN.fa
2026/04/21 17:40:46 Running command: protein_alignment_from_nucleotides  -v  --mafft pan_genome_sequences/group_4794.fa
2026/04/21 17:40:46 Running command: protein_alignment_from_nucleotides  -v  --mafft pan_genome_sequences/sspA_2.fa
2026/04/21 17:40:46 Running command: protein_alignment_from_nucleotides  -v  --mafft pan_genome_sequences/atpF.fa
2026/04/21 17:40:46 Running command: protein_alignment_from_nucleotides  -v  --mafft pan_genome_sequences/group_18359.fa
2026/04/21 17:40:46 Running command: protein_alignment_from_nucleotides  -v  --mafft pan_genome_sequences/group_2260.fa
2026/04/21 17:40:46 Running command: protein_alignment_from_nucleotides  -v  --mafft pan_genome_sequences/group_17329.fa
2026/04/21 17:40:46 Running command: protein_alignment_from_nucleotides  -v  --mafft pan_genome_sequences/mdtA_3.fa
2026/04/21 17:40:46 Running command: protein_alignment_from_nucleotides  -v  --mafft pan_genome_sequences/group_18526.fa
2026/04/21 17:40:46 Running command: protein_alignment_from_nucleotides  -v  --mafft pan_genome_sequences/ubiD.fa
2026/04/21 17:40:46 Running command: protein_alignment_from_nucleotides  -v  --mafft pan_genome_sequences/cvfB.fa
2026/04/21 17:40:46 Running command: protein_alignment_from_nucleotides  -v  --mafft pan_genome_sequences/hexR_1.fa
2026/04/21 17:40:46 Running command: protein_alignment_from_nucleotides  -v  --mafft pan_genome_sequences/pucB.fa
2026/04/21 17:40:46 Running command: protein_alignment_from_nucleotides  -v  --mafft pan_genome_sequences/group_3185.fa
2026/04/21 17:40:46 Running command: protein_alignment_from_nucleotides  -v  --mafft pan_genome_sequences/group_3463.fa
2026/04/21 17:40:46 Running command: protein_alignment_from_nucleotides  -v  --mafft pan_genome_sequences/mtr_2.fa
2026/04/21 17:40:46 Running command: protein_alignment_from_nucleotides  -v  --mafft pan_genome_sequences/rhaS_4.fa
2026/04/21 17:40:46 Running command: protein_alignment_from_nucleotides  -v  --mafft pan_genome_sequences/yejF_1.fa
2026/04/21 17:40:46 Running command: protein_alignment_from_nucleotides  -v  --mafft pan_genome_sequences/acsA_3.fa
2026/04/21 17:40:46 Running command: protein_alignment_from_nucleotides  -v  --mafft pan_genome_sequences/epsM.fa
2026/04/21 17:40:46 Running command: protein_alignment_from_nucleotides  -v  --mafft pan_genome_sequences/group_5138.fa
2026/04/21 17:40:46 Running command: protein_alignment_from_nucleotides  -v  --mafft pan_genome_sequences/tolQ_2.fa
2026/04/21 17:40:46 Running command: protein_alignment_from_nucleotides  -v  --mafft pan_genome_sequences/group_5667.fa
2026/04/21 17:40:46 Running command: protein_alignment_from_nucleotides  -v  --mafft pan_genome_sequences/group_5955.fa
2026/04/21 17:40:46 Running command: protein_alignment_from_nucleotides  -v  --mafft pan_genome_sequences/group_4648.fa
2026/04/21 17:40:46 Running command: protein_alignment_from_nucleotides  -v  --mafft pan_genome_sequences/group_3367.fa
2026/04/21 17:40:46 Running command: protein_alignment_from_nucleotides  -v  --mafft pan_genome_sequences/yadH.fa
2026/04/21 17:40:46 Running command: protein_alignment_from_nucleotides  -v  --mafft pan_genome_sequences/rdgB.fa
2026/04/21 17:40:46 Running command: protein_alignment_from_nucleotides  -v  --mafft pan_genome_sequences/group_5995.fa
2026/04/21 17:40:46 Running command: protein_alignment_from_nucleotides  -v  --mafft pan_genome_sequences/dctP_3.fa
2026/04/21 17:40:46 Running command: protein_alignment_from_nucleotides  -v  --mafft pan_genome_sequences/phzF_1.fa
2026/04/21 17:40:46 Running command: protein_alignment_from_nucleotides  -v  --mafft pan_genome_sequences/epsF_1.fa
2026/04/21 17:40:46 Running command: protein_alignment_from_nucleotides  -v  --mafft pan_genome_sequences/group_18321.fa
2026/04/21 17:40:46 Running command: protein_alignment_from_nucleotides  -v  --mafft pan_genome_sequences/amiE.fa
2026/04/21 17:40:46 Running command: protein_alignment_from_nucleotides  -v  --mafft pan_genome_sequences/recO.fa
2026/04/21 17:40:46 Running command: protein_alignment_from_nucleotides  -v  --mafft pan_genome_sequences/polB.fa
2026/04/21 17:40:46 Running command: protein_alignment_from_nucleotides  -v  --mafft pan_genome_sequences/swrC.fa
2026/04/21 17:40:46 Running command: protein_alignment_from_nucleotides  -v  --mafft pan_genome_sequences/fadE.fa
2026/04/21 17:40:46 Running command: protein_alignment_from_nucleotides  -v  --mafft pan_genome_sequences/dauR.fa
2026/04/21 17:40:46 Running command: protein_alignment_from_nucleotides  -v  --mafft pan_genome_sequences/exuT_3.fa
2026/04/21 17:40:46 Running command: protein_alignment_from_nucleotides  -v  --mafft pan_genome_sequences/thiC.fa
2026/04/21 17:40:46 Running command: protein_alignment_from_nucleotides  -v  --mafft pan_genome_sequences/group_6021.fa
2026/04/21 17:40:46 Running command: protein_alignment_from_nucleotides  -v  --mafft pan_genome_sequences/radA.fa
2026/04/21 17:40:46 Running command: protein_alignment_from_nucleotides  -v  --mafft pan_genome_sequences/gmhA.fa
2026/04/21 17:40:46 Running command: protein_alignment_from_nucleotides  -v  --mafft pan_genome_sequences/dedA.fa
2026/04/21 17:40:46 Running command: protein_alignment_from_nucleotides  -v  --mafft pan_genome_sequences/group_17674.fa
2026/04/21 17:40:46 Running command: protein_alignment_from_nucleotides  -v  --mafft pan_genome_sequences/dgkA.fa
2026/04/21 17:40:46 Running command: protein_alignment_from_nucleotides  -v  --mafft pan_genome_sequences/group_2183.fa
2026/04/21 17:40:46 Running command: protein_alignment_from_nucleotides  -v  --mafft pan_genome_sequences/group_5104.fa
2026/04/21 17:40:46 Running command: protein_alignment_from_nucleotides  -v  --mafft pan_genome_sequences/gspD.fa
2026/04/21 17:40:46 Running command: protein_alignment_from_nucleotides  -v  --mafft pan_genome_sequences/rpsA.fa
2026/04/21 17:40:46 Running command: protein_alignment_from_nucleotides  -v  --mafft pan_genome_sequences/mltB_1.fa
2026/04/21 17:40:46 Running command: protein_alignment_from_nucleotides  -v  --mafft pan_genome_sequences/rfaF.fa
2026/04/21 17:40:46 Running command: protein_alignment_from_nucleotides  -v  --mafft pan_genome_sequences/group_5385.fa
2026/04/21 17:40:46 Running command: protein_alignment_from_nucleotides  -v  --mafft pan_genome_sequences/uao.fa
2026/04/21 17:40:46 Running command: protein_alignment_from_nucleotides  -v  --mafft pan_genome_sequences/group_4292.fa
2026/04/21 17:40:46 Running command: protein_alignment_from_nucleotides  -v  --mafft pan_genome_sequences/group_5397.fa
2026/04/21 17:40:46 Running command: protein_alignment_from_nucleotides  -v  --mafft pan_genome_sequences/hutH_2.fa
2026/04/21 17:40:46 Running command: protein_alignment_from_nucleotides  -v  --mafft pan_genome_sequences/moaB_2.fa
2026/04/21 17:40:46 Running command: protein_alignment_from_nucleotides  -v  --mafft pan_genome_sequences/group_3407.fa
2026/04/21 17:40:46 Running command: protein_alignment_from_nucleotides  -v  --mafft pan_genome_sequences/group_17761.fa
2026/04/21 17:40:46 Running command: protein_alignment_from_nucleotides  -v  --mafft pan_genome_sequences/jefA.fa
2026/04/21 17:40:46 Running command: protein_alignment_from_nucleotides  -v  --mafft pan_genome_sequences/group_18027.fa
2026/04/21 17:40:46 Running command: protein_alignment_from_nucleotides  -v  --mafft pan_genome_sequences/group_3465.fa
2026/04/21 17:40:46 Running command: protein_alignment_from_nucleotides  -v  --mafft pan_genome_sequences/group_18283.fa
2026/04/21 17:40:46 Running command: protein_alignment_from_nucleotides  -v  --mafft pan_genome_sequences/group_5731.fa
2026/04/21 17:40:46 Running command: protein_alignment_from_nucleotides  -v  --mafft pan_genome_sequences/glsA2.fa
2026/04/21 17:40:46 Running command: protein_alignment_from_nucleotides  -v  --mafft pan_genome_sequences/bepF_3.fa
2026/04/21 17:40:46 Running command: protein_alignment_from_nucleotides  -v  --mafft pan_genome_sequences/rsmI.fa
2026/04/21 17:40:46 Running command: protein_alignment_from_nucleotides  -v  --mafft pan_genome_sequences/group_5276.fa
2026/04/21 17:40:46 Running command: protein_alignment_from_nucleotides  -v  --mafft pan_genome_sequences/COQ3_1.fa
2026/04/21 17:40:46 Running command: protein_alignment_from_nucleotides  -v  --mafft pan_genome_sequences/pccB.fa
2026/04/21 17:40:46 Running command: protein_alignment_from_nucleotides  -v  --mafft pan_genome_sequences/group_6077.fa
2026/04/21 17:40:46 Running command: protein_alignment_from_nucleotides  -v  --mafft pan_genome_sequences/rimO.fa
2026/04/21 17:40:46 Running command: protein_alignment_from_nucleotides  -v  --mafft pan_genome_sequences/group_4304.fa
2026/04/21 17:40:46 Running command: protein_alignment_from_nucleotides  -v  --mafft pan_genome_sequences/uvrB.fa
2026/04/21 17:40:46 Running command: protein_alignment_from_nucleotides  -v  --mafft pan_genome_sequences/sspB.fa
2026/04/21 17:40:46 Running command: protein_alignment_from_nucleotides  -v  --mafft pan_genome_sequences/dht.fa
2026/04/21 17:40:46 Running command: protein_alignment_from_nucleotides  -v  --mafft pan_genome_sequences/group_4698.fa
2026/04/21 17:40:46 Running command: protein_alignment_from_nucleotides  -v  --mafft pan_genome_sequences/fdhE.fa
2026/04/21 17:40:46 Running command: protein_alignment_from_nucleotides  -v  --mafft pan_genome_sequences/group_6019.fa
2026/04/21 17:40:46 Running command: protein_alignment_from_nucleotides  -v  --mafft pan_genome_sequences/dgcN.fa
2026/04/21 17:40:46 Running command: protein_alignment_from_nucleotides  -v  --mafft pan_genome_sequences/tdcG.fa
2026/04/21 17:40:46 Running command: protein_alignment_from_nucleotides  -v  --mafft pan_genome_sequences/spuC_2.fa
2026/04/21 17:40:46 Running command: protein_alignment_from_nucleotides  -v  --mafft pan_genome_sequences/algA_1.fa
2026/04/21 17:40:46 Running command: protein_alignment_from_nucleotides  -v  --mafft pan_genome_sequences/group_17890.fa
2026/04/21 17:40:46 Running command: protein_alignment_from_nucleotides  -v  --mafft pan_genome_sequences/rhaS_3.fa
2026/04/21 17:40:46 Running command: protein_alignment_from_nucleotides  -v  --mafft pan_genome_sequences/group_5079.fa
2026/04/21 17:40:46 Running command: protein_alignment_from_nucleotides  -v  --mafft pan_genome_sequences/group_5283.fa
2026/04/21 17:40:46 Running command: protein_alignment_from_nucleotides  -v  --mafft pan_genome_sequences/hflK.fa
2026/04/21 17:40:46 Running command: protein_alignment_from_nucleotides  -v  --mafft pan_genome_sequences/fdoH.fa
2026/04/21 17:40:46 Running command: protein_alignment_from_nucleotides  -v  --mafft pan_genome_sequences/group_4458.fa
2026/04/21 17:40:46 Running command: protein_alignment_from_nucleotides  -v  --mafft pan_genome_sequences/group_2887.fa
2026/04/21 17:40:46 Running command: protein_alignment_from_nucleotides  -v  --mafft pan_genome_sequences/group_18028.fa
2026/04/21 17:40:46 Running command: protein_alignment_from_nucleotides  -v  --mafft pan_genome_sequences/puuD.fa
2026/04/21 17:40:46 Running command: protein_alignment_from_nucleotides  -v  --mafft pan_genome_sequences/group_3403.fa
2026/04/21 17:40:46 Running command: protein_alignment_from_nucleotides  -v  --mafft pan_genome_sequences/metP.fa
2026/04/21 17:40:46 Running command: protein_alignment_from_nucleotides  -v  --mafft pan_genome_sequences/artI.fa
2026/04/21 17:40:46 Running command: protein_alignment_from_nucleotides  -v  --mafft pan_genome_sequences/group_5275.fa
2026/04/21 17:40:46 Running command: protein_alignment_from_nucleotides  -v  --mafft pan_genome_sequences/fecA_2.fa
2026/04/21 17:40:46 Running command: protein_alignment_from_nucleotides  -v  --mafft pan_genome_sequences/ycgL.fa
2026/04/21 17:40:46 Running command: protein_alignment_from_nucleotides  -v  --mafft pan_genome_sequences/queG.fa
2026/04/21 17:40:46 Running command: protein_alignment_from_nucleotides  -v  --mafft pan_genome_sequences/group_17353.fa
2026/04/21 17:40:46 Running command: protein_alignment_from_nucleotides  -v  --mafft pan_genome_sequences/adhB.fa
2026/04/21 17:40:46 Running command: protein_alignment_from_nucleotides  -v  --mafft pan_genome_sequences/purL.fa
2026/04/21 17:40:46 Running command: protein_alignment_from_nucleotides  -v  --mafft pan_genome_sequences/xpkA.fa
2026/04/21 17:40:46 Running command: protein_alignment_from_nucleotides  -v  --mafft pan_genome_sequences/yjiA_2.fa
2026/04/21 17:40:46 Running command: protein_alignment_from_nucleotides  -v  --mafft pan_genome_sequences/group_5242.fa
2026/04/21 17:40:46 Running command: protein_alignment_from_nucleotides  -v  --mafft pan_genome_sequences/ywiE_2.fa
2026/04/21 17:40:46 Running command: protein_alignment_from_nucleotides  -v  --mafft pan_genome_sequences/gatC.fa
2026/04/21 17:40:46 Running command: protein_alignment_from_nucleotides  -v  --mafft pan_genome_sequences/phaJ.fa
2026/04/21 17:40:46 Running command: protein_alignment_from_nucleotides  -v  --mafft pan_genome_sequences/lsrG_1.fa
2026/04/21 17:40:46 Running command: protein_alignment_from_nucleotides  -v  --mafft pan_genome_sequences/group_17086.fa
2026/04/21 17:40:46 Running command: protein_alignment_from_nucleotides  -v  --mafft pan_genome_sequences/ubiG.fa
2026/04/21 17:40:46 Running command: protein_alignment_from_nucleotides  -v  --mafft pan_genome_sequences/yjcH_1.fa
2026/04/21 17:40:46 Running command: protein_alignment_from_nucleotides  -v  --mafft pan_genome_sequences/group_5795.fa
2026/04/21 17:40:46 Running command: protein_alignment_from_nucleotides  -v  --mafft pan_genome_sequences/puuA_2.fa
2026/04/21 17:40:46 Running command: protein_alignment_from_nucleotides  -v  --mafft pan_genome_sequences/yybH.fa
2026/04/21 17:40:46 Running command: protein_alignment_from_nucleotides  -v  --mafft pan_genome_sequences/group_5934.fa
2026/04/21 17:40:46 Running command: protein_alignment_from_nucleotides  -v  --mafft pan_genome_sequences/dmlR_2.fa
2026/04/21 17:40:46 Running command: protein_alignment_from_nucleotides  -v  --mafft pan_genome_sequences/group_17526.fa
2026/04/21 17:40:46 Running command: protein_alignment_from_nucleotides  -v  --mafft pan_genome_sequences/crcB.fa
2026/04/21 17:40:46 Running command: protein_alignment_from_nucleotides  -v  --mafft pan_genome_sequences/group_17914.fa
2026/04/21 17:40:46 Running command: protein_alignment_from_nucleotides  -v  --mafft pan_genome_sequences/nqrC.fa
2026/04/21 17:40:46 Running command: protein_alignment_from_nucleotides  -v  --mafft pan_genome_sequences/group_17660.fa
2026/04/21 17:40:46 Running command: protein_alignment_from_nucleotides  -v  --mafft pan_genome_sequences/group_3075.fa
2026/04/21 17:40:46 Running command: protein_alignment_from_nucleotides  -v  --mafft pan_genome_sequences/group_1163.fa
2026/04/21 17:40:46 Running command: protein_alignment_from_nucleotides  -v  --mafft pan_genome_sequences/hmrR.fa
2026/04/21 17:40:46 Running command: protein_alignment_from_nucleotides  -v  --mafft pan_genome_sequences/group_4680.fa
2026/04/21 17:40:46 Running command: protein_alignment_from_nucleotides  -v  --mafft pan_genome_sequences/nudE.fa
2026/04/21 17:40:46 Running command: protein_alignment_from_nucleotides  -v  --mafft pan_genome_sequences/group_4843.fa
2026/04/21 17:40:46 Running command: protein_alignment_from_nucleotides  -v  --mafft pan_genome_sequences/group_5372.fa
2026/04/21 17:40:46 Running command: protein_alignment_from_nucleotides  -v  --mafft pan_genome_sequences/atoC_2.fa
2026/04/21 17:40:46 Running command: protein_alignment_from_nucleotides  -v  --mafft pan_genome_sequences/pcaB_1.fa
2026/04/21 17:40:46 Running command: protein_alignment_from_nucleotides  -v  --mafft pan_genome_sequences/group_3282.fa
2026/04/21 17:40:46 Running command: protein_alignment_from_nucleotides  -v  --mafft pan_genome_sequences/rpoH.fa
2026/04/21 17:40:46 Running command: protein_alignment_from_nucleotides  -v  --mafft pan_genome_sequences/group_2982.fa
2026/04/21 17:40:46 Running command: protein_alignment_from_nucleotides  -v  --mafft pan_genome_sequences/adiA.fa
2026/04/21 17:40:46 Running command: protein_alignment_from_nucleotides  -v  --mafft pan_genome_sequences/yfcG_1.fa
2026/04/21 17:40:46 Running command: protein_alignment_from_nucleotides  -v  --mafft pan_genome_sequences/psd.fa
2026/04/21 17:40:46 Running command: protein_alignment_from_nucleotides  -v  --mafft pan_genome_sequences/zapE_2.fa
2026/04/21 17:40:46 Running command: protein_alignment_from_nucleotides  -v  --mafft pan_genome_sequences/iscA.fa
2026/04/21 17:40:46 Running command: protein_alignment_from_nucleotides  -v  --mafft pan_genome_sequences/group_6062.fa
2026/04/21 17:40:46 Running command: protein_alignment_from_nucleotides  -v  --mafft pan_genome_sequences/group_17681.fa
2026/04/21 17:40:46 Running command: protein_alignment_from_nucleotides  -v  --mafft pan_genome_sequences/purA.fa
2026/04/21 17:40:46 Running command: protein_alignment_from_nucleotides  -v  --mafft pan_genome_sequences/group_17551.fa
2026/04/21 17:40:46 Running command: protein_alignment_from_nucleotides  -v  --mafft pan_genome_sequences/nudJ.fa
2026/04/21 17:40:46 Running command: protein_alignment_from_nucleotides  -v  --mafft pan_genome_sequences/group_4950.fa
2026/04/21 17:40:46 Running command: protein_alignment_from_nucleotides  -v  --mafft pan_genome_sequences/cydB.fa
2026/04/21 17:40:46 Running command: protein_alignment_from_nucleotides  -v  --mafft pan_genome_sequences/recQ.fa
2026/04/21 17:40:46 Running command: protein_alignment_from_nucleotides  -v  --mafft pan_genome_sequences/rpsK.fa
2026/04/21 17:40:46 Running command: protein_alignment_from_nucleotides  -v  --mafft pan_genome_sequences/pal_3.fa
2026/04/21 17:40:46 Running command: protein_alignment_from_nucleotides  -v  --mafft pan_genome_sequences/lspA.fa
2026/04/21 17:40:46 Running command: protein_alignment_from_nucleotides  -v  --mafft pan_genome_sequences/nanT_1.fa
2026/04/21 17:40:46 Running command: protein_alignment_from_nucleotides  -v  --mafft pan_genome_sequences/dctB_1.fa
2026/04/21 17:40:46 Running command: protein_alignment_from_nucleotides  -v  --mafft pan_genome_sequences/gabD.fa
2026/04/21 17:40:46 Running command: protein_alignment_from_nucleotides  -v  --mafft pan_genome_sequences/sasA_14.fa
2026/04/21 17:40:46 Running command: protein_alignment_from_nucleotides  -v  --mafft pan_genome_sequences/cobT.fa
2026/04/21 17:40:46 Running command: protein_alignment_from_nucleotides  -v  --mafft pan_genome_sequences/group_4282.fa
2026/04/21 17:40:46 Running command: protein_alignment_from_nucleotides  -v  --mafft pan_genome_sequences/group_18096.fa
2026/04/21 17:40:46 Running command: protein_alignment_from_nucleotides  -v  --mafft pan_genome_sequences/group_5929.fa
2026/04/21 17:40:46 Running command: protein_alignment_from_nucleotides  -v  --mafft pan_genome_sequences/efp.fa
2026/04/21 17:40:46 Running command: protein_alignment_from_nucleotides  -v  --mafft pan_genome_sequences/naiP.fa
2026/04/21 17:40:46 Running command: protein_alignment_from_nucleotides  -v  --mafft pan_genome_sequences/ratA.fa
2026/04/21 17:40:46 Running command: protein_alignment_from_nucleotides  -v  --mafft pan_genome_sequences/rkpK_2.fa
2026/04/21 17:40:46 Running command: protein_alignment_from_nucleotides  -v  --mafft pan_genome_sequences/nicA.fa
2026/04/21 17:40:46 Running command: protein_alignment_from_nucleotides  -v  --mafft pan_genome_sequences/trpC.fa
2026/04/21 17:40:46 Running command: protein_alignment_from_nucleotides  -v  --mafft pan_genome_sequences/ddl_1.fa
2026/04/21 17:40:46 Running command: protein_alignment_from_nucleotides  -v  --mafft pan_genome_sequences/uhpC.fa
2026/04/21 17:40:46 Running command: protein_alignment_from_nucleotides  -v  --mafft pan_genome_sequences/arfB.fa
2026/04/21 17:40:46 Running command: protein_alignment_from_nucleotides  -v  --mafft pan_genome_sequences/argP_4.fa
2026/04/21 17:40:46 Running command: protein_alignment_from_nucleotides  -v  --mafft pan_genome_sequences/group_5139.fa
2026/04/21 17:40:46 Running command: protein_alignment_from_nucleotides  -v  --mafft pan_genome_sequences/pleD_2.fa
2026/04/21 17:40:46 Running command: protein_alignment_from_nucleotides  -v  --mafft pan_genome_sequences/hxcR.fa
2026/04/21 17:40:46 Running command: protein_alignment_from_nucleotides  -v  --mafft pan_genome_sequences/group_5376.fa
2026/04/21 17:40:46 Running command: protein_alignment_from_nucleotides  -v  --mafft pan_genome_sequences/group_18311.fa
2026/04/21 17:40:46 Running command: protein_alignment_from_nucleotides  -v  --mafft pan_genome_sequences/dapE.fa
2026/04/21 17:40:46 Running command: protein_alignment_from_nucleotides  -v  --mafft pan_genome_sequences/group_3166.fa
2026/04/21 17:40:46 Running command: protein_alignment_from_nucleotides  -v  --mafft pan_genome_sequences/gloB_2.fa
2026/04/21 17:40:46 Running command: protein_alignment_from_nucleotides  -v  --mafft pan_genome_sequences/estA.fa
2026/04/21 17:40:46 Running command: protein_alignment_from_nucleotides  -v  --mafft pan_genome_sequences/group_3845.fa
2026/04/21 17:40:46 Running command: protein_alignment_from_nucleotides  -v  --mafft pan_genome_sequences/nadC.fa
2026/04/21 17:40:46 Running command: protein_alignment_from_nucleotides  -v  --mafft pan_genome_sequences/cysNC.fa
2026/04/21 17:40:46 Running command: protein_alignment_from_nucleotides  -v  --mafft pan_genome_sequences/group_3732.fa
2026/04/21 17:40:46 Running command: protein_alignment_from_nucleotides  -v  --mafft pan_genome_sequences/phnI.fa
2026/04/21 17:40:46 Running command: protein_alignment_from_nucleotides  -v  --mafft pan_genome_sequences/mrdA.fa
2026/04/21 17:40:46 Running command: protein_alignment_from_nucleotides  -v  --mafft pan_genome_sequences/actIII_1.fa
2026/04/21 17:40:46 Running command: protein_alignment_from_nucleotides  -v  --mafft pan_genome_sequences/ppsR.fa
2026/04/21 17:40:46 Running command: protein_alignment_from_nucleotides  -v  --mafft pan_genome_sequences/feoC.fa
2026/04/21 17:40:46 Running command: protein_alignment_from_nucleotides  -v  --mafft pan_genome_sequences/soxA.fa
2026/04/21 17:40:46 Running command: protein_alignment_from_nucleotides  -v  --mafft pan_genome_sequences/phnR_3.fa
2026/04/21 17:40:46 Running command: protein_alignment_from_nucleotides  -v  --mafft pan_genome_sequences/hisB.fa
2026/04/21 17:40:46 Running command: protein_alignment_from_nucleotides  -v  --mafft pan_genome_sequences/gstB_2.fa
2026/04/21 17:40:46 Running command: protein_alignment_from_nucleotides  -v  --mafft pan_genome_sequences/group_4586.fa
2026/04/21 17:40:46 Running command: protein_alignment_from_nucleotides  -v  --mafft pan_genome_sequences/dmlR_11.fa
2026/04/21 17:40:46 Running command: protein_alignment_from_nucleotides  -v  --mafft pan_genome_sequences/ftsL.fa
2026/04/21 17:40:46 Running command: protein_alignment_from_nucleotides  -v  --mafft pan_genome_sequences/group_3541.fa
2026/04/21 17:40:46 Running command: protein_alignment_from_nucleotides  -v  --mafft pan_genome_sequences/group_17659.fa
2026/04/21 17:40:46 Running command: protein_alignment_from_nucleotides  -v  --mafft pan_genome_sequences/nusG.fa
2026/04/21 17:40:46 Running command: protein_alignment_from_nucleotides  -v  --mafft pan_genome_sequences/yceJ.fa
2026/04/21 17:40:46 Running command: protein_alignment_from_nucleotides  -v  --mafft pan_genome_sequences/group_4507.fa
2026/04/21 17:40:46 Running command: protein_alignment_from_nucleotides  -v  --mafft pan_genome_sequences/gcvA_3.fa
2026/04/21 17:40:46 Running command: protein_alignment_from_nucleotides  -v  --mafft pan_genome_sequences/ibpB.fa
2026/04/21 17:40:46 Running command: protein_alignment_from_nucleotides  -v  --mafft pan_genome_sequences/ompR_2.fa
2026/04/21 17:40:46 Running command: protein_alignment_from_nucleotides  -v  --mafft pan_genome_sequences/sodB_1.fa
2026/04/21 17:40:46 Running command: protein_alignment_from_nucleotides  -v  --mafft pan_genome_sequences/kstR2.fa
2026/04/21 17:40:46 Running command: protein_alignment_from_nucleotides  -v  --mafft pan_genome_sequences/glyA_2.fa
2026/04/21 17:40:46 Running command: protein_alignment_from_nucleotides  -v  --mafft pan_genome_sequences/coaD.fa
2026/04/21 17:40:46 Running command: protein_alignment_from_nucleotides  -v  --mafft pan_genome_sequences/osmV.fa
2026/04/21 17:40:46 Running command: protein_alignment_from_nucleotides  -v  --mafft pan_genome_sequences/pntB.fa
2026/04/21 17:40:46 Running command: protein_alignment_from_nucleotides  -v  --mafft pan_genome_sequences/betC.fa
2026/04/21 17:40:46 Running command: protein_alignment_from_nucleotides  -v  --mafft pan_genome_sequences/yjiK_1.fa
2026/04/21 17:40:46 Running command: protein_alignment_from_nucleotides  -v  --mafft pan_genome_sequences/rhaS_13.fa
2026/04/21 17:40:46 Running command: protein_alignment_from_nucleotides  -v  --mafft pan_genome_sequences/cfiB.fa
2026/04/21 17:40:46 Running command: protein_alignment_from_nucleotides  -v  --mafft pan_genome_sequences/group_5487.fa
2026/04/21 17:40:46 Running command: protein_alignment_from_nucleotides  -v  --mafft pan_genome_sequences/bdcA.fa
2026/04/21 17:40:46 Running command: protein_alignment_from_nucleotides  -v  --mafft pan_genome_sequences/aroP_1.fa
2026/04/21 17:40:46 Running command: protein_alignment_from_nucleotides  -v  --mafft pan_genome_sequences/mlaC.fa
2026/04/21 17:40:46 Running command: protein_alignment_from_nucleotides  -v  --mafft pan_genome_sequences/phzS.fa
2026/04/21 17:40:46 Running command: protein_alignment_from_nucleotides  -v  --mafft pan_genome_sequences/group_17889.fa
2026/04/21 17:40:46 Running command: protein_alignment_from_nucleotides  -v  --mafft pan_genome_sequences/phhA.fa
2026/04/21 17:40:46 Running command: protein_alignment_from_nucleotides  -v  --mafft pan_genome_sequences/rfbB.fa
2026/04/21 17:40:46 Running command: protein_alignment_from_nucleotides  -v  --mafft pan_genome_sequences/rhlB.fa
2026/04/21 17:40:46 Running command: protein_alignment_from_nucleotides  -v  --mafft pan_genome_sequences/group_18075.fa
2026/04/21 17:40:46 Running command: protein_alignment_from_nucleotides  -v  --mafft pan_genome_sequences/lptB_2.fa
2026/04/21 17:40:46 Running command: protein_alignment_from_nucleotides  -v  --mafft pan_genome_sequences/group_2881.fa
2026/04/21 17:40:46 Running command: protein_alignment_from_nucleotides  -v  --mafft pan_genome_sequences/group_2883.fa
2026/04/21 17:40:46 Running command: protein_alignment_from_nucleotides  -v  --mafft pan_genome_sequences/fadD_2.fa
2026/04/21 17:40:46 Running command: protein_alignment_from_nucleotides  -v  --mafft pan_genome_sequences/serA.fa
2026/04/21 17:40:46 Running command: protein_alignment_from_nucleotides  -v  --mafft pan_genome_sequences/nadB.fa
2026/04/21 17:40:46 Running command: protein_alignment_from_nucleotides  -v  --mafft pan_genome_sequences/phnX_2.fa
2026/04/21 17:40:46 Running command: protein_alignment_from_nucleotides  -v  --mafft pan_genome_sequences/cysZ.fa
2026/04/21 17:40:46 Running command: protein_alignment_from_nucleotides  -v  --mafft pan_genome_sequences/hemF.fa
2026/04/21 17:40:46 Running command: protein_alignment_from_nucleotides  -v  --mafft pan_genome_sequences/rnr.fa
2026/04/21 17:40:46 Running command: protein_alignment_from_nucleotides  -v  --mafft pan_genome_sequences/pgrR_1.fa
2026/04/21 17:40:46 Running command: protein_alignment_from_nucleotides  -v  --mafft pan_genome_sequences/group_17080.fa
2026/04/21 17:40:46 Running command: protein_alignment_from_nucleotides  -v  --mafft pan_genome_sequences/apxIB_1.fa
2026/04/21 17:40:46 Running command: protein_alignment_from_nucleotides  -v  --mafft pan_genome_sequences/group_17972.fa
2026/04/21 17:40:46 Running command: protein_alignment_from_nucleotides  -v  --mafft pan_genome_sequences/gdhB.fa
2026/04/21 17:40:46 Running command: protein_alignment_from_nucleotides  -v  --mafft pan_genome_sequences/ptsN.fa
2026/04/21 17:40:46 Running command: protein_alignment_from_nucleotides  -v  --mafft pan_genome_sequences/rutR_2.fa
2026/04/21 17:40:46 Running command: protein_alignment_from_nucleotides  -v  --mafft pan_genome_sequences/ligA.fa
2026/04/21 17:40:46 Running command: protein_alignment_from_nucleotides  -v  --mafft pan_genome_sequences/group_5999.fa
2026/04/21 17:40:46 Running command: protein_alignment_from_nucleotides  -v  --mafft pan_genome_sequences/ycfH.fa
2026/04/21 17:40:46 Running command: protein_alignment_from_nucleotides  -v  --mafft pan_genome_sequences/mscS_2.fa
2026/04/21 17:40:46 Running command: protein_alignment_from_nucleotides  -v  --mafft pan_genome_sequences/group_18513.fa
2026/04/21 17:40:46 Running command: protein_alignment_from_nucleotides  -v  --mafft pan_genome_sequences/group_5921.fa
2026/04/21 17:40:46 Running command: protein_alignment_from_nucleotides  -v  --mafft pan_genome_sequences/group_3676.fa
2026/04/21 17:40:46 Running command: protein_alignment_from_nucleotides  -v  --mafft pan_genome_sequences/mdtK_1.fa
2026/04/21 17:40:46 Running command: protein_alignment_from_nucleotides  -v  --mafft pan_genome_sequences/tolC_1.fa
2026/04/21 17:40:46 Running command: protein_alignment_from_nucleotides  -v  --mafft pan_genome_sequences/cheV.fa
2026/04/21 17:40:46 Running command: protein_alignment_from_nucleotides  -v  --mafft pan_genome_sequences/minD.fa
2026/04/21 17:40:46 Running command: protein_alignment_from_nucleotides  -v  --mafft pan_genome_sequences/pip.fa
2026/04/21 17:40:46 Running command: protein_alignment_from_nucleotides  -v  --mafft pan_genome_sequences/group_17071.fa
2026/04/21 17:40:46 Running command: protein_alignment_from_nucleotides  -v  --mafft pan_genome_sequences/dinG_2.fa
2026/04/21 17:40:46 Running command: protein_alignment_from_nucleotides  -v  --mafft pan_genome_sequences/lsrK.fa
2026/04/21 17:40:46 Running command: protein_alignment_from_nucleotides  -v  --mafft pan_genome_sequences/ccmH.fa
2026/04/21 17:40:46 Running command: protein_alignment_from_nucleotides  -v  --mafft pan_genome_sequences/mco.fa
2026/04/21 17:40:46 Running command: protein_alignment_from_nucleotides  -v  --mafft pan_genome_sequences/group_3669.fa
2026/04/21 17:40:46 Running command: protein_alignment_from_nucleotides  -v  --mafft pan_genome_sequences/group_18268.fa
2026/04/21 17:40:46 Running command: protein_alignment_from_nucleotides  -v  --mafft pan_genome_sequences/atoC_1.fa
2026/04/21 17:40:46 Running command: protein_alignment_from_nucleotides  -v  --mafft pan_genome_sequences/plsY.fa
2026/04/21 17:40:46 Running command: protein_alignment_from_nucleotides  -v  --mafft pan_genome_sequences/cra.fa
2026/04/21 17:40:46 Running command: protein_alignment_from_nucleotides  -v  --mafft pan_genome_sequences/argD.fa
2026/04/21 17:40:46 Running command: protein_alignment_from_nucleotides  -v  --mafft pan_genome_sequences/fabV.fa
2026/04/21 17:40:46 Running command: protein_alignment_from_nucleotides  -v  --mafft pan_genome_sequences/ftsB.fa
2026/04/21 17:40:46 Running command: protein_alignment_from_nucleotides  -v  --mafft pan_genome_sequences/btuR.fa
2026/04/21 17:40:46 Running command: protein_alignment_from_nucleotides  -v  --mafft pan_genome_sequences/group_3557.fa
2026/04/21 17:40:46 Running command: protein_alignment_from_nucleotides  -v  --mafft pan_genome_sequences/hupB_1.fa
2026/04/21 17:40:46 Running command: protein_alignment_from_nucleotides  -v  --mafft pan_genome_sequences/pyrC_1.fa
2026/04/21 17:40:46 Running command: protein_alignment_from_nucleotides  -v  --mafft pan_genome_sequences/meh.fa
2026/04/21 17:40:46 Running command: protein_alignment_from_nucleotides  -v  --mafft pan_genome_sequences/metXS.fa
2026/04/21 17:40:46 Running command: protein_alignment_from_nucleotides  -v  --mafft pan_genome_sequences/group_5928.fa
2026/04/21 17:40:46 Running command: protein_alignment_from_nucleotides  -v  --mafft pan_genome_sequences/group_2564.fa
2026/04/21 17:40:46 Running command: protein_alignment_from_nucleotides  -v  --mafft pan_genome_sequences/epsE.fa
2026/04/21 17:40:46 Running command: protein_alignment_from_nucleotides  -v  --mafft pan_genome_sequences/group_1627.fa
2026/04/21 17:40:46 Running command: protein_alignment_from_nucleotides  -v  --mafft pan_genome_sequences/rdgC.fa
2026/04/21 17:40:46 Running command: protein_alignment_from_nucleotides  -v  --mafft pan_genome_sequences/group_17861.fa
2026/04/21 17:40:46 Running command: protein_alignment_from_nucleotides  -v  --mafft pan_genome_sequences/group_17585.fa
2026/04/21 17:40:46 Running command: protein_alignment_from_nucleotides  -v  --mafft pan_genome_sequences/yegS.fa
2026/04/21 17:40:46 Running command: protein_alignment_from_nucleotides  -v  --mafft pan_genome_sequences/yedZ1.fa
2026/04/21 17:40:46 Running command: protein_alignment_from_nucleotides  -v  --mafft pan_genome_sequences/murD.fa
2026/04/21 17:40:46 Running command: protein_alignment_from_nucleotides  -v  --mafft pan_genome_sequences/group_5364.fa
2026/04/21 17:40:46 Running command: protein_alignment_from_nucleotides  -v  --mafft pan_genome_sequences/napA_3.fa
2026/04/21 17:40:46 Running command: protein_alignment_from_nucleotides  -v  --mafft pan_genome_sequences/group_5317.fa
2026/04/21 17:40:46 Running command: protein_alignment_from_nucleotides  -v  --mafft pan_genome_sequences/algU_2.fa
2026/04/21 17:40:46 Running command: protein_alignment_from_nucleotides  -v  --mafft pan_genome_sequences/group_18589.fa
2026/04/21 17:40:46 Running command: protein_alignment_from_nucleotides  -v  --mafft pan_genome_sequences/hmuU_2.fa
2026/04/21 17:40:46 Running command: protein_alignment_from_nucleotides  -v  --mafft pan_genome_sequences/phnK.fa
2026/04/21 17:40:46 Running command: protein_alignment_from_nucleotides  -v  --mafft pan_genome_sequences/bioB.fa
2026/04/21 17:40:46 Running command: protein_alignment_from_nucleotides  -v  --mafft pan_genome_sequences/group_17231.fa
2026/04/21 17:40:46 Running command: protein_alignment_from_nucleotides  -v  --mafft pan_genome_sequences/group_18137.fa
2026/04/21 17:40:46 Running command: protein_alignment_from_nucleotides  -v  --mafft pan_genome_sequences/vfr.fa
2026/04/21 17:40:46 Running command: protein_alignment_from_nucleotides  -v  --mafft pan_genome_sequences/hisZ.fa
2026/04/21 17:40:46 Running command: protein_alignment_from_nucleotides  -v  --mafft pan_genome_sequences/ousV.fa
2026/04/21 17:40:46 Running command: protein_alignment_from_nucleotides  -v  --mafft pan_genome_sequences/phnC_2.fa
2026/04/21 17:40:46 Running command: protein_alignment_from_nucleotides  -v  --mafft pan_genome_sequences/group_5678.fa
2026/04/21 17:40:46 Running command: protein_alignment_from_nucleotides  -v  --mafft pan_genome_sequences/recF.fa
2026/04/21 17:40:46 Running command: protein_alignment_from_nucleotides  -v  --mafft pan_genome_sequences/pcs.fa
2026/04/21 17:40:46 Running command: protein_alignment_from_nucleotides  -v  --mafft pan_genome_sequences/mobA.fa
2026/04/21 17:40:46 Running command: protein_alignment_from_nucleotides  -v  --mafft pan_genome_sequences/group_17463.fa
2026/04/21 17:40:46 Running command: protein_alignment_from_nucleotides  -v  --mafft pan_genome_sequences/ribE.fa
2026/04/21 17:40:46 Running command: protein_alignment_from_nucleotides  -v  --mafft pan_genome_sequences/edd.fa
2026/04/21 17:40:46 Running command: protein_alignment_from_nucleotides  -v  --mafft pan_genome_sequences/group_3116.fa
2026/04/21 17:40:46 Running command: protein_alignment_from_nucleotides  -v  --mafft pan_genome_sequences/gltC_5.fa
2026/04/21 17:40:46 Running command: protein_alignment_from_nucleotides  -v  --mafft pan_genome_sequences/group_6876.fa
2026/04/21 17:40:46 Running command: protein_alignment_from_nucleotides  -v  --mafft pan_genome_sequences/gmk.fa
2026/04/21 17:40:46 Running command: protein_alignment_from_nucleotides  -v  --mafft pan_genome_sequences/dnaK_2.fa
2026/04/21 17:40:46 Running command: protein_alignment_from_nucleotides  -v  --mafft pan_genome_sequences/group_5547.fa
2026/04/21 17:40:46 Running command: protein_alignment_from_nucleotides  -v  --mafft pan_genome_sequences/group_5155.fa
2026/04/21 17:40:46 Running command: protein_alignment_from_nucleotides  -v  --mafft pan_genome_sequences/zapA.fa
2026/04/21 17:40:46 Running command: protein_alignment_from_nucleotides  -v  --mafft pan_genome_sequences/fabZ.fa
2026/04/21 17:40:46 Running command: protein_alignment_from_nucleotides  -v  --mafft pan_genome_sequences/group_5794.fa
2026/04/21 17:40:46 Running command: protein_alignment_from_nucleotides  -v  --mafft pan_genome_sequences/davT.fa
2026/04/21 17:40:46 Running command: protein_alignment_from_nucleotides  -v  --mafft pan_genome_sequences/group_17493.fa
2026/04/21 17:40:46 Running command: protein_alignment_from_nucleotides  -v  --mafft pan_genome_sequences/mrcA.fa
2026/04/21 17:40:46 Running command: protein_alignment_from_nucleotides  -v  --mafft pan_genome_sequences/group_18289.fa
2026/04/21 17:40:46 Running command: protein_alignment_from_nucleotides  -v  --mafft pan_genome_sequences/znuA.fa
2026/04/21 17:40:46 Running command: protein_alignment_from_nucleotides  -v  --mafft pan_genome_sequences/yaeQ.fa
2026/04/21 17:40:46 Running command: protein_alignment_from_nucleotides  -v  --mafft pan_genome_sequences/selD.fa
2026/04/21 17:40:46 Running command: protein_alignment_from_nucleotides  -v  --mafft pan_genome_sequences/atpG.fa
2026/04/21 17:40:46 Running command: protein_alignment_from_nucleotides  -v  --mafft pan_genome_sequences/rsfS.fa
2026/04/21 17:40:46 Running command: protein_alignment_from_nucleotides  -v  --mafft pan_genome_sequences/acoR_2.fa
2026/04/21 17:40:46 Running command: protein_alignment_from_nucleotides  -v  --mafft pan_genome_sequences/group_5467.fa
2026/04/21 17:40:46 Running command: protein_alignment_from_nucleotides  -v  --mafft pan_genome_sequences/group_4307.fa
2026/04/21 17:40:46 Running command: protein_alignment_from_nucleotides  -v  --mafft pan_genome_sequences/citG.fa
2026/04/21 17:40:46 Running command: protein_alignment_from_nucleotides  -v  --mafft pan_genome_sequences/group_18254.fa
2026/04/21 17:40:46 Running command: protein_alignment_from_nucleotides  -v  --mafft pan_genome_sequences/group_2421.fa
2026/04/21 17:40:46 Running command: protein_alignment_from_nucleotides  -v  --mafft pan_genome_sequences/soj_1.fa
2026/04/21 17:40:46 Running command: protein_alignment_from_nucleotides  -v  --mafft pan_genome_sequences/group_5516.fa
2026/04/21 17:40:46 Running command: protein_alignment_from_nucleotides  -v  --mafft pan_genome_sequences/uvrC.fa
2026/04/21 17:40:46 Running command: protein_alignment_from_nucleotides  -v  --mafft pan_genome_sequences/cysS.fa
2026/04/21 17:40:46 Running command: protein_alignment_from_nucleotides  -v  --mafft pan_genome_sequences/ppx.fa
2026/04/21 17:40:46 Running command: protein_alignment_from_nucleotides  -v  --mafft pan_genome_sequences/menH_2.fa
2026/04/21 17:40:46 Running command: protein_alignment_from_nucleotides  -v  --mafft pan_genome_sequences/nudL.fa
2026/04/21 17:40:46 Running command: protein_alignment_from_nucleotides  -v  --mafft pan_genome_sequences/bauA_2.fa
2026/04/21 17:40:46 Running command: protein_alignment_from_nucleotides  -v  --mafft pan_genome_sequences/kdpA.fa
2026/04/21 17:40:46 Running command: protein_alignment_from_nucleotides  -v  --mafft pan_genome_sequences/group_18469.fa
2026/04/21 17:40:46 Running command: protein_alignment_from_nucleotides  -v  --mafft pan_genome_sequences/phnE_1.fa
2026/04/21 17:40:46 Running command: protein_alignment_from_nucleotides  -v  --mafft pan_genome_sequences/lrp_1.fa
2026/04/21 17:40:46 Running command: protein_alignment_from_nucleotides  -v  --mafft pan_genome_sequences/group_17104.fa
2026/04/21 17:40:46 Running command: protein_alignment_from_nucleotides  -v  --mafft pan_genome_sequences/norB.fa
2026/04/21 17:40:46 Running command: protein_alignment_from_nucleotides  -v  --mafft pan_genome_sequences/dut.fa
2026/04/21 17:40:46 Running command: protein_alignment_from_nucleotides  -v  --mafft pan_genome_sequences/group_18290.fa
2026/04/21 17:40:46 Running command: protein_alignment_from_nucleotides  -v  --mafft pan_genome_sequences/purE.fa
2026/04/21 17:40:46 Running command: protein_alignment_from_nucleotides  -v  --mafft pan_genome_sequences/phnH.fa
2026/04/21 17:40:46 Running command: protein_alignment_from_nucleotides  -v  --mafft pan_genome_sequences/group_18253.fa
2026/04/21 17:40:46 Running command: protein_alignment_from_nucleotides  -v  --mafft pan_genome_sequences/fadB_1.fa
2026/04/21 17:40:46 Running command: protein_alignment_from_nucleotides  -v  --mafft pan_genome_sequences/group_17944.fa
2026/04/21 17:40:46 Running command: protein_alignment_from_nucleotides  -v  --mafft pan_genome_sequences/group_17535.fa
2026/04/21 17:40:46 Running command: protein_alignment_from_nucleotides  -v  --mafft pan_genome_sequences/prsD_1.fa
2026/04/21 17:40:46 Running command: protein_alignment_from_nucleotides  -v  --mafft pan_genome_sequences/group_5936.fa
2026/04/21 17:40:46 Running command: protein_alignment_from_nucleotides  -v  --mafft pan_genome_sequences/ilvA_2.fa
2026/04/21 17:40:46 Running command: protein_alignment_from_nucleotides  -v  --mafft pan_genome_sequences/lgt.fa
2026/04/21 17:40:46 Running command: protein_alignment_from_nucleotides  -v  --mafft pan_genome_sequences/pncB2_1.fa
2026/04/21 17:40:46 Running command: protein_alignment_from_nucleotides  -v  --mafft pan_genome_sequences/group_17732.fa
2026/04/21 17:40:46 Running command: protein_alignment_from_nucleotides  -v  --mafft pan_genome_sequences/group_2568.fa
2026/04/21 17:40:46 Running command: protein_alignment_from_nucleotides  -v  --mafft pan_genome_sequences/potA_1.fa
2026/04/21 17:40:46 Running command: protein_alignment_from_nucleotides  -v  --mafft pan_genome_sequences/group_5416.fa
2026/04/21 17:40:46 Running command: protein_alignment_from_nucleotides  -v  --mafft pan_genome_sequences/group_4439.fa
2026/04/21 17:40:46 Running command: protein_alignment_from_nucleotides  -v  --mafft pan_genome_sequences/moaA_1.fa
2026/04/21 17:40:46 Running command: protein_alignment_from_nucleotides  -v  --mafft pan_genome_sequences/ompP1.fa
2026/04/21 17:40:46 Running command: protein_alignment_from_nucleotides  -v  --mafft pan_genome_sequences/napD.fa
2026/04/21 17:40:46 Running command: protein_alignment_from_nucleotides  -v  --mafft pan_genome_sequences/osmW.fa
2026/04/21 17:40:46 Running command: protein_alignment_from_nucleotides  -v  --mafft pan_genome_sequences/dctM_2.fa
2026/04/21 17:40:46 Running command: protein_alignment_from_nucleotides  -v  --mafft pan_genome_sequences/dgt_1.fa
2026/04/21 17:40:46 Running command: protein_alignment_from_nucleotides  -v  --mafft pan_genome_sequences/group_17902.fa
2026/04/21 17:40:46 Running command: protein_alignment_from_nucleotides  -v  --mafft pan_genome_sequences/group_18606.fa
2026/04/21 17:40:46 Running command: protein_alignment_from_nucleotides  -v  --mafft pan_genome_sequences/ycaD_2.fa
2026/04/21 17:40:46 Running command: protein_alignment_from_nucleotides  -v  --mafft pan_genome_sequences/trkI.fa
2026/04/21 17:40:46 Running command: protein_alignment_from_nucleotides  -v  --mafft pan_genome_sequences/patZ.fa
2026/04/21 17:40:46 Running command: protein_alignment_from_nucleotides  -v  --mafft pan_genome_sequences/group_5111.fa
2026/04/21 17:40:46 Running command: protein_alignment_from_nucleotides  -v  --mafft pan_genome_sequences/rpoE.fa
2026/04/21 17:40:46 Running command: protein_alignment_from_nucleotides  -v  --mafft pan_genome_sequences/pigA.fa
2026/04/21 17:40:46 Running command: protein_alignment_from_nucleotides  -v  --mafft pan_genome_sequences/aphB.fa
2026/04/21 17:40:46 Running command: protein_alignment_from_nucleotides  -v  --mafft pan_genome_sequences/mltA.fa
2026/04/21 17:40:46 Running command: protein_alignment_from_nucleotides  -v  --mafft pan_genome_sequences/qseB_2.fa
2026/04/21 17:40:46 Running command: protein_alignment_from_nucleotides  -v  --mafft pan_genome_sequences/group_4957.fa
2026/04/21 17:40:46 Running command: protein_alignment_from_nucleotides  -v  --mafft pan_genome_sequences/arcB.fa
2026/04/21 17:40:46 Running command: protein_alignment_from_nucleotides  -v  --mafft pan_genome_sequences/group_5072.fa
2026/04/21 17:40:46 Running command: protein_alignment_from_nucleotides  -v  --mafft pan_genome_sequences/algB.fa
2026/04/21 17:40:46 Running command: protein_alignment_from_nucleotides  -v  --mafft pan_genome_sequences/tcdA.fa
2026/04/21 17:40:46 Running command: protein_alignment_from_nucleotides  -v  --mafft pan_genome_sequences/group_17112.fa
2026/04/21 17:40:46 Running command: protein_alignment_from_nucleotides  -v  --mafft pan_genome_sequences/group_4518.fa
2026/04/21 17:40:46 Running command: protein_alignment_from_nucleotides  -v  --mafft pan_genome_sequences/cobP.fa
2026/04/21 17:40:46 Running command: protein_alignment_from_nucleotides  -v  --mafft pan_genome_sequences/group_17871.fa
2026/04/21 17:40:46 Running command: protein_alignment_from_nucleotides  -v  --mafft pan_genome_sequences/fecR_1.fa
2026/04/21 17:40:46 Running command: protein_alignment_from_nucleotides  -v  --mafft pan_genome_sequences/group_18328.fa
2026/04/21 17:40:46 Running command: protein_alignment_from_nucleotides  -v  --mafft pan_genome_sequences/yidC.fa
2026/04/21 17:40:46 Running command: protein_alignment_from_nucleotides  -v  --mafft pan_genome_sequences/degS.fa
2026/04/21 17:40:46 Running command: protein_alignment_from_nucleotides  -v  --mafft pan_genome_sequences/ypjD.fa
2026/04/21 17:40:46 Running command: protein_alignment_from_nucleotides  -v  --mafft pan_genome_sequences/yjiE_2.fa
2026/04/21 17:40:46 Running command: protein_alignment_from_nucleotides  -v  --mafft pan_genome_sequences/group_18327.fa
2026/04/21 17:40:46 Running command: protein_alignment_from_nucleotides  -v  --mafft pan_genome_sequences/elaA.fa
2026/04/21 17:40:46 Running command: protein_alignment_from_nucleotides  -v  --mafft pan_genome_sequences/group_5466.fa
2026/04/21 17:40:46 Running command: protein_alignment_from_nucleotides  -v  --mafft pan_genome_sequences/group_18269.fa
2026/04/21 17:40:46 Running command: protein_alignment_from_nucleotides  -v  --mafft pan_genome_sequences/fecI_1.fa
2026/04/21 17:40:46 Running command: protein_alignment_from_nucleotides  -v  --mafft pan_genome_sequences/pimC.fa
2026/04/21 17:40:46 Running command: protein_alignment_from_nucleotides  -v  --mafft pan_genome_sequences/group_1430.fa
2026/04/21 17:40:46 Running command: protein_alignment_from_nucleotides  -v  --mafft pan_genome_sequences/ybgC_1.fa
2026/04/21 17:40:46 Running command: protein_alignment_from_nucleotides  -v  --mafft pan_genome_sequences/caiC.fa
2026/04/21 17:40:46 Running command: protein_alignment_from_nucleotides  -v  --mafft pan_genome_sequences/mnmA.fa
2026/04/21 17:40:46 Running command: protein_alignment_from_nucleotides  -v  --mafft pan_genome_sequences/yhfP.fa
2026/04/21 17:40:46 Running command: protein_alignment_from_nucleotides  -v  --mafft pan_genome_sequences/pcpR_2.fa
2026/04/21 17:40:46 Running command: protein_alignment_from_nucleotides  -v  --mafft pan_genome_sequences/def_1.fa
2026/04/21 17:40:46 Running command: protein_alignment_from_nucleotides  -v  --mafft pan_genome_sequences/ndhC_1.fa
2026/04/21 17:40:46 Running command: protein_alignment_from_nucleotides  -v  --mafft pan_genome_sequences/group_6081.fa
2026/04/21 17:40:46 Running command: protein_alignment_from_nucleotides  -v  --mafft pan_genome_sequences/secD_1.fa
2026/04/21 17:40:46 Running command: protein_alignment_from_nucleotides  -v  --mafft pan_genome_sequences/group_17450.fa
2026/04/21 17:40:46 Running command: protein_alignment_from_nucleotides  -v  --mafft pan_genome_sequences/oadA.fa
2026/04/21 17:40:46 Running command: protein_alignment_from_nucleotides  -v  --mafft pan_genome_sequences/group_291.fa
2026/04/21 17:40:46 Running command: protein_alignment_from_nucleotides  -v  --mafft pan_genome_sequences/group_3043.fa
2026/04/21 17:40:46 Running command: protein_alignment_from_nucleotides  -v  --mafft pan_genome_sequences/leuB.fa
2026/04/21 17:40:46 Running command: protein_alignment_from_nucleotides  -v  --mafft pan_genome_sequences/group_17077.fa
2026/04/21 17:40:46 Running command: protein_alignment_from_nucleotides  -v  --mafft pan_genome_sequences/bepA_2.fa
2026/04/21 17:40:46 Running command: protein_alignment_from_nucleotides  -v  --mafft pan_genome_sequences/COQ3_2.fa
2026/04/21 17:40:46 Running command: protein_alignment_from_nucleotides  -v  --mafft pan_genome_sequences/tadA.fa
2026/04/21 17:40:46 Running command: protein_alignment_from_nucleotides  -v  --mafft pan_genome_sequences/pcaR.fa
2026/04/21 17:40:46 Running command: protein_alignment_from_nucleotides  -v  --mafft pan_genome_sequences/group_4808.fa
2026/04/21 17:40:46 Running command: protein_alignment_from_nucleotides  -v  --mafft pan_genome_sequences/group_17915.fa
2026/04/21 17:40:46 Running command: protein_alignment_from_nucleotides  -v  --mafft pan_genome_sequences/deaD.fa
2026/04/21 17:40:46 Running command: protein_alignment_from_nucleotides  -v  --mafft pan_genome_sequences/group_17810.fa
2026/04/21 17:40:46 Running command: protein_alignment_from_nucleotides  -v  --mafft pan_genome_sequences/group_3736.fa
2026/04/21 17:40:46 Running command: protein_alignment_from_nucleotides  -v  --mafft pan_genome_sequences/bfr_2.fa
2026/04/21 17:40:46 Running command: protein_alignment_from_nucleotides  -v  --mafft pan_genome_sequences/dnaA.fa
2026/04/21 17:40:46 Running command: protein_alignment_from_nucleotides  -v  --mafft pan_genome_sequences/gpuA.fa
2026/04/21 17:40:46 Running command: protein_alignment_from_nucleotides  -v  --mafft pan_genome_sequences/fdoG.fa
2026/04/21 17:40:46 Running command: protein_alignment_from_nucleotides  -v  --mafft pan_genome_sequences/cpxR.fa
2026/04/21 17:40:46 Running command: protein_alignment_from_nucleotides  -v  --mafft pan_genome_sequences/hisI.fa
2026/04/21 17:40:46 Running command: protein_alignment_from_nucleotides  -v  --mafft pan_genome_sequences/recA.fa
2026/04/21 17:40:46 Running command: protein_alignment_from_nucleotides  -v  --mafft pan_genome_sequences/group_3122.fa
2026/04/21 17:40:46 Running command: protein_alignment_from_nucleotides  -v  --mafft pan_genome_sequences/group_2870.fa
2026/04/21 17:40:46 Running command: protein_alignment_from_nucleotides  -v  --mafft pan_genome_sequences/xerD.fa
2026/04/21 17:40:46 Running command: protein_alignment_from_nucleotides  -v  --mafft pan_genome_sequences/tauB.fa
2026/04/21 17:40:46 Running command: protein_alignment_from_nucleotides  -v  --mafft pan_genome_sequences/rfaG.fa
2026/04/21 17:40:46 Running command: protein_alignment_from_nucleotides  -v  --mafft pan_genome_sequences/group_4233.fa
2026/04/21 17:40:46 Running command: protein_alignment_from_nucleotides  -v  --mafft pan_genome_sequences/moaE.fa
2026/04/21 17:40:46 Running command: protein_alignment_from_nucleotides  -v  --mafft pan_genome_sequences/ctaB.fa
2026/04/21 17:40:46 Running command: protein_alignment_from_nucleotides  -v  --mafft pan_genome_sequences/folX.fa
2026/04/21 17:40:46 Running command: protein_alignment_from_nucleotides  -v  --mafft pan_genome_sequences/group_5824.fa
2026/04/21 17:40:46 Running command: protein_alignment_from_nucleotides  -v  --mafft pan_genome_sequences/argS.fa
2026/04/21 17:40:46 Running command: protein_alignment_from_nucleotides  -v  --mafft pan_genome_sequences/group_4488.fa
2026/04/21 17:40:46 Running command: protein_alignment_from_nucleotides  -v  --mafft pan_genome_sequences/cysA.fa
2026/04/21 17:40:46 Running command: protein_alignment_from_nucleotides  -v  --mafft pan_genome_sequences/lppL.fa
2026/04/21 17:40:46 Running command: protein_alignment_from_nucleotides  -v  --mafft pan_genome_sequences/aaeB_2.fa
2026/04/21 17:40:46 Running command: protein_alignment_from_nucleotides  -v  --mafft pan_genome_sequences/group_2214.fa
2026/04/21 17:40:46 Running command: protein_alignment_from_nucleotides  -v  --mafft pan_genome_sequences/group_4297.fa
2026/04/21 17:40:46 Running command: protein_alignment_from_nucleotides  -v  --mafft pan_genome_sequences/cobD.fa
2026/04/21 17:40:46 Running command: protein_alignment_from_nucleotides  -v  --mafft pan_genome_sequences/aroP_3.fa
2026/04/21 17:40:46 Running command: protein_alignment_from_nucleotides  -v  --mafft pan_genome_sequences/group_4527.fa
2026/04/21 17:40:46 Running command: protein_alignment_from_nucleotides  -v  --mafft pan_genome_sequences/soj_2.fa
2026/04/21 17:40:46 Running command: protein_alignment_from_nucleotides  -v  --mafft pan_genome_sequences/puuB_11.fa
2026/04/21 17:40:46 Running command: protein_alignment_from_nucleotides  -v  --mafft pan_genome_sequences/acnA.fa
2026/04/21 17:40:46 Running command: protein_alignment_from_nucleotides  -v  --mafft pan_genome_sequences/group_5257.fa
2026/04/21 17:40:46 Running command: protein_alignment_from_nucleotides  -v  --mafft pan_genome_sequences/garR_3.fa
2026/04/21 17:40:46 Running command: protein_alignment_from_nucleotides  -v  --mafft pan_genome_sequences/group_1306.fa
2026/04/21 17:40:46 Running command: protein_alignment_from_nucleotides  -v  --mafft pan_genome_sequences/thiO.fa
2026/04/21 17:40:46 Running command: protein_alignment_from_nucleotides  -v  --mafft pan_genome_sequences/group_2535.fa
2026/04/21 17:40:46 Running command: protein_alignment_from_nucleotides  -v  --mafft pan_genome_sequences/tsaC1.fa
2026/04/21 17:40:46 Running command: protein_alignment_from_nucleotides  -v  --mafft pan_genome_sequences/braC.fa
2026/04/21 17:40:46 Running command: protein_alignment_from_nucleotides  -v  --mafft pan_genome_sequences/cidA_1.fa
2026/04/21 17:40:46 Running command: protein_alignment_from_nucleotides  -v  --mafft pan_genome_sequences/ctaE.fa
2026/04/21 17:40:46 Running command: protein_alignment_from_nucleotides  -v  --mafft pan_genome_sequences/group_17567.fa
2026/04/21 17:40:46 Running command: protein_alignment_from_nucleotides  -v  --mafft pan_genome_sequences/group_6245.fa
2026/04/21 17:40:46 Running command: protein_alignment_from_nucleotides  -v  --mafft pan_genome_sequences/ispD.fa
2026/04/21 17:40:46 Running command: protein_alignment_from_nucleotides  -v  --mafft pan_genome_sequences/group_3968.fa
2026/04/21 17:40:46 Running command: protein_alignment_from_nucleotides  -v  --mafft pan_genome_sequences/rpsR.fa
2026/04/21 17:40:46 Running command: protein_alignment_from_nucleotides  -v  --mafft pan_genome_sequences/nqrD.fa
2026/04/21 17:40:46 Running command: protein_alignment_from_nucleotides  -v  --mafft pan_genome_sequences/hisF.fa
2026/04/21 17:40:46 Running command: protein_alignment_from_nucleotides  -v  --mafft pan_genome_sequences/betA_2.fa
2026/04/21 17:40:46 Running command: protein_alignment_from_nucleotides  -v  --mafft pan_genome_sequences/group_18528.fa
2026/04/21 17:40:46 Running command: protein_alignment_from_nucleotides  -v  --mafft pan_genome_sequences/yfeW.fa
2026/04/21 17:40:46 Running command: protein_alignment_from_nucleotides  -v  --mafft pan_genome_sequences/puuB_3.fa
2026/04/21 17:40:46 Running command: protein_alignment_from_nucleotides  -v  --mafft pan_genome_sequences/group_2601.fa
2026/04/21 17:40:46 Running command: protein_alignment_from_nucleotides  -v  --mafft pan_genome_sequences/farB_1.fa
2026/04/21 17:40:46 Running command: protein_alignment_from_nucleotides  -v  --mafft pan_genome_sequences/pepP.fa
2026/04/21 17:40:46 Running command: protein_alignment_from_nucleotides  -v  --mafft pan_genome_sequences/gltP.fa
2026/04/21 17:40:46 Running command: protein_alignment_from_nucleotides  -v  --mafft pan_genome_sequences/flhA.fa
2026/04/21 17:40:46 Running command: protein_alignment_from_nucleotides  -v  --mafft pan_genome_sequences/ttgI_4.fa
2026/04/21 17:40:46 Running command: protein_alignment_from_nucleotides  -v  --mafft pan_genome_sequences/hcr.fa
2026/04/21 17:40:46 Running command: protein_alignment_from_nucleotides  -v  --mafft pan_genome_sequences/slyD.fa
2026/04/21 17:40:46 Running command: protein_alignment_from_nucleotides  -v  --mafft pan_genome_sequences/pcpR_5.fa
2026/04/21 17:40:46 Running command: protein_alignment_from_nucleotides  -v  --mafft pan_genome_sequences/fabF_1.fa
2026/04/21 17:40:46 Running command: protein_alignment_from_nucleotides  -v  --mafft pan_genome_sequences/sucA.fa
2026/04/21 17:40:46 Running command: protein_alignment_from_nucleotides  -v  --mafft pan_genome_sequences/group_5239.fa
2026/04/21 17:40:46 Running command: protein_alignment_from_nucleotides  -v  --mafft pan_genome_sequences/lptC.fa
2026/04/21 17:40:46 Running command: protein_alignment_from_nucleotides  -v  --mafft pan_genome_sequences/ybaB.fa
2026/04/21 17:40:46 Running command: protein_alignment_from_nucleotides  -v  --mafft pan_genome_sequences/group_2952.fa
2026/04/21 17:40:46 Running command: protein_alignment_from_nucleotides  -v  --mafft pan_genome_sequences/minC.fa
2026/04/21 17:40:46 Running command: protein_alignment_from_nucleotides  -v  --mafft pan_genome_sequences/folE_2.fa
2026/04/21 17:40:46 Running command: protein_alignment_from_nucleotides  -v  --mafft pan_genome_sequences/coaBC.fa
2026/04/21 17:40:46 Running command: protein_alignment_from_nucleotides  -v  --mafft pan_genome_sequences/group_4535.fa
2026/04/21 17:40:46 Running command: protein_alignment_from_nucleotides  -v  --mafft pan_genome_sequences/potH.fa
2026/04/21 17:40:46 Running command: protein_alignment_from_nucleotides  -v  --mafft pan_genome_sequences/metXA.fa
2026/04/21 17:40:46 Running command: protein_alignment_from_nucleotides  -v  --mafft pan_genome_sequences/group_436.fa
2026/04/21 17:40:46 Running command: protein_alignment_from_nucleotides  -v  --mafft pan_genome_sequences/pyrE.fa
2026/04/21 17:40:46 Running command: protein_alignment_from_nucleotides  -v  --mafft pan_genome_sequences/rutR_4.fa
2026/04/21 17:40:46 Running command: protein_alignment_from_nucleotides  -v  --mafft pan_genome_sequences/rlmB.fa
2026/04/21 17:40:46 Running command: protein_alignment_from_nucleotides  -v  --mafft pan_genome_sequences/nhaP2_2.fa
2026/04/21 17:40:46 Running command: protein_alignment_from_nucleotides  -v  --mafft pan_genome_sequences/nhaB.fa
2026/04/21 17:40:46 Running command: protein_alignment_from_nucleotides  -v  --mafft pan_genome_sequences/group_4823.fa
2026/04/21 17:40:46 Running command: protein_alignment_from_nucleotides  -v  --mafft pan_genome_sequences/ccmM.fa
2026/04/21 17:40:46 Running command: protein_alignment_from_nucleotides  -v  --mafft pan_genome_sequences/psiF.fa
2026/04/21 17:40:46 Running command: protein_alignment_from_nucleotides  -v  --mafft pan_genome_sequences/group_18445.fa
2026/04/21 17:40:46 Running command: protein_alignment_from_nucleotides  -v  --mafft pan_genome_sequences/folB.fa
2026/04/21 17:40:46 Running command: protein_alignment_from_nucleotides  -v  --mafft pan_genome_sequences/xanP_1.fa
2026/04/21 17:40:46 Running command: protein_alignment_from_nucleotides  -v  --mafft pan_genome_sequences/group_6086.fa
2026/04/21 17:40:46 Running command: protein_alignment_from_nucleotides  -v  --mafft pan_genome_sequences/prpB.fa
2026/04/21 17:40:46 Running command: protein_alignment_from_nucleotides  -v  --mafft pan_genome_sequences/lldR_2.fa
2026/04/21 17:40:46 Running command: protein_alignment_from_nucleotides  -v  --mafft pan_genome_sequences/group_5670.fa
2026/04/21 17:40:46 Running command: protein_alignment_from_nucleotides  -v  --mafft pan_genome_sequences/nosD.fa
2026/04/21 17:40:46 Running command: protein_alignment_from_nucleotides  -v  --mafft pan_genome_sequences/mlaA.fa
2026/04/21 17:40:46 Running command: protein_alignment_from_nucleotides  -v  --mafft pan_genome_sequences/group_5300.fa
2026/04/21 17:40:46 Running command: protein_alignment_from_nucleotides  -v  --mafft pan_genome_sequences/fadA_2.fa
2026/04/21 17:40:46 Running command: protein_alignment_from_nucleotides  -v  --mafft pan_genome_sequences/group_17396.fa
2026/04/21 17:40:46 Running command: protein_alignment_from_nucleotides  -v  --mafft pan_genome_sequences/pxpB_1.fa
2026/04/21 17:40:46 Running command: protein_alignment_from_nucleotides  -v  --mafft pan_genome_sequences/group_1304.fa
2026/04/21 17:40:46 Running command: protein_alignment_from_nucleotides  -v  --mafft pan_genome_sequences/group_5800.fa
2026/04/21 17:40:46 Running command: protein_alignment_from_nucleotides  -v  --mafft pan_genome_sequences/group_17771.fa
2026/04/21 17:40:46 Running command: protein_alignment_from_nucleotides  -v  --mafft pan_genome_sequences/mmgC_1.fa
2026/04/21 17:40:46 Running command: protein_alignment_from_nucleotides  -v  --mafft pan_genome_sequences/group_4394.fa
2026/04/21 17:40:46 Running command: protein_alignment_from_nucleotides  -v  --mafft pan_genome_sequences/icd_2.fa
2026/04/21 17:40:46 Running command: protein_alignment_from_nucleotides  -v  --mafft pan_genome_sequences/nagR_1.fa
2026/04/21 17:40:46 Running command: protein_alignment_from_nucleotides  -v  --mafft pan_genome_sequences/fumC_2.fa
2026/04/21 17:40:46 Running command: protein_alignment_from_nucleotides  -v  --mafft pan_genome_sequences/dnaK_1.fa
2026/04/21 17:40:46 Running command: protein_alignment_from_nucleotides  -v  --mafft pan_genome_sequences/nlpD.fa
2026/04/21 17:40:46 Running command: protein_alignment_from_nucleotides  -v  --mafft pan_genome_sequences/nrdZ.fa
2026/04/21 17:40:46 Running command: protein_alignment_from_nucleotides  -v  --mafft pan_genome_sequences/spuE_2.fa
2026/04/21 17:40:46 Running command: protein_alignment_from_nucleotides  -v  --mafft pan_genome_sequences/sdhE.fa
2026/04/21 17:40:46 Running command: protein_alignment_from_nucleotides  -v  --mafft pan_genome_sequences/cmpR_2.fa
2026/04/21 17:40:46 Running command: protein_alignment_from_nucleotides  -v  --mafft pan_genome_sequences/czcR_4.fa
2026/04/21 17:40:46 Running command: protein_alignment_from_nucleotides  -v  --mafft pan_genome_sequences/codB.fa
2026/04/21 17:40:46 Running command: protein_alignment_from_nucleotides  -v  --mafft pan_genome_sequences/group_3167.fa
2026/04/21 17:40:46 Running command: protein_alignment_from_nucleotides  -v  --mafft pan_genome_sequences/group_18567.fa
2026/04/21 17:40:46 Running command: protein_alignment_from_nucleotides  -v  --mafft pan_genome_sequences/group_2249.fa
2026/04/21 17:40:46 Running command: protein_alignment_from_nucleotides  -v  --mafft pan_genome_sequences/group_18536.fa
2026/04/21 17:40:46 Running command: protein_alignment_from_nucleotides  -v  --mafft pan_genome_sequences/rplD.fa
2026/04/21 17:40:46 Running command: protein_alignment_from_nucleotides  -v  --mafft pan_genome_sequences/group_17075.fa
2026/04/21 17:40:46 Running command: protein_alignment_from_nucleotides  -v  --mafft pan_genome_sequences/panB_2.fa
2026/04/21 17:40:46 Running command: protein_alignment_from_nucleotides  -v  --mafft pan_genome_sequences/yajR.fa
2026/04/21 17:40:46 Running command: protein_alignment_from_nucleotides  -v  --mafft pan_genome_sequences/xcpY.fa
2026/04/21 17:40:46 Running command: protein_alignment_from_nucleotides  -v  --mafft pan_genome_sequences/group_18267.fa
2026/04/21 17:40:46 Running command: protein_alignment_from_nucleotides  -v  --mafft pan_genome_sequences/hflC.fa
2026/04/21 17:40:46 Running command: protein_alignment_from_nucleotides  -v  --mafft pan_genome_sequences/parB.fa
2026/04/21 17:40:46 Running command: protein_alignment_from_nucleotides  -v  --mafft pan_genome_sequences/rlmN_2.fa
2026/04/21 17:40:46 Running command: protein_alignment_from_nucleotides  -v  --mafft pan_genome_sequences/ydaF.fa
2026/04/21 17:40:46 Running command: protein_alignment_from_nucleotides  -v  --mafft pan_genome_sequences/ydiK_2.fa
2026/04/21 17:40:46 Running command: protein_alignment_from_nucleotides  -v  --mafft pan_genome_sequences/accB_2.fa
2026/04/21 17:40:46 Running command: protein_alignment_from_nucleotides  -v  --mafft pan_genome_sequences/dapF.fa
2026/04/21 17:40:46 Running command: protein_alignment_from_nucleotides  -v  --mafft pan_genome_sequences/rpsT.fa
2026/04/21 17:40:46 Running command: protein_alignment_from_nucleotides  -v  --mafft pan_genome_sequences/group_18040.fa
2026/04/21 17:40:46 Running command: protein_alignment_from_nucleotides  -v  --mafft pan_genome_sequences/group_3483.fa
2026/04/21 17:40:46 Running command: protein_alignment_from_nucleotides  -v  --mafft pan_genome_sequences/livJ.fa
2026/04/21 17:40:46 Running command: protein_alignment_from_nucleotides  -v  --mafft pan_genome_sequences/cntI_2.fa
2026/04/21 17:40:46 Running command: protein_alignment_from_nucleotides  -v  --mafft pan_genome_sequences/group_2335.fa
2026/04/21 17:40:46 Running command: protein_alignment_from_nucleotides  -v  --mafft pan_genome_sequences/glnQ_3.fa
2026/04/21 17:40:46 Running command: protein_alignment_from_nucleotides  -v  --mafft pan_genome_sequences/folD.fa
2026/04/21 17:40:46 Running command: protein_alignment_from_nucleotides  -v  --mafft pan_genome_sequences/ybiI.fa
2026/04/21 17:40:46 Running command: protein_alignment_from_nucleotides  -v  --mafft pan_genome_sequences/group_4949.fa
2026/04/21 17:40:46 Running command: protein_alignment_from_nucleotides  -v  --mafft pan_genome_sequences/group_3212.fa
2026/04/21 17:40:46 Running command: protein_alignment_from_nucleotides  -v  --mafft pan_genome_sequences/group_18177.fa
2026/04/21 17:40:46 Running command: protein_alignment_from_nucleotides  -v  --mafft pan_genome_sequences/group_5642.fa
2026/04/21 17:40:46 Running command: protein_alignment_from_nucleotides  -v  --mafft pan_genome_sequences/group_18529.fa
2026/04/21 17:40:46 Running command: protein_alignment_from_nucleotides  -v  --mafft pan_genome_sequences/group_5154.fa
2026/04/21 17:40:46 Running command: protein_alignment_from_nucleotides  -v  --mafft pan_genome_sequences/vanW.fa
2026/04/21 17:40:46 Running command: protein_alignment_from_nucleotides  -v  --mafft pan_genome_sequences/group_5262.fa
2026/04/21 17:40:46 Running command: protein_alignment_from_nucleotides  -v  --mafft pan_genome_sequences/osmE.fa
2026/04/21 17:40:46 Running command: protein_alignment_from_nucleotides  -v  --mafft pan_genome_sequences/group_4873.fa
2026/04/21 17:40:46 Running command: protein_alignment_from_nucleotides  -v  --mafft pan_genome_sequences/ldh.fa
2026/04/21 17:40:46 Running command: protein_alignment_from_nucleotides  -v  --mafft pan_genome_sequences/hom.fa
2026/04/21 17:40:46 Running command: protein_alignment_from_nucleotides  -v  --mafft pan_genome_sequences/group_4437.fa
2026/04/21 17:40:46 Running command: protein_alignment_from_nucleotides  -v  --mafft pan_genome_sequences/sbp_2.fa
2026/04/21 17:40:46 Running command: protein_alignment_from_nucleotides  -v  --mafft pan_genome_sequences/group_5674.fa
2026/04/21 17:40:46 Running command: protein_alignment_from_nucleotides  -v  --mafft pan_genome_sequences/moaB_1.fa
2026/04/21 17:40:46 Running command: protein_alignment_from_nucleotides  -v  --mafft pan_genome_sequences/group_4580.fa
2026/04/21 17:40:46 Running command: protein_alignment_from_nucleotides  -v  --mafft pan_genome_sequences/group_5296.fa
2026/04/21 17:40:46 Running command: protein_alignment_from_nucleotides  -v  --mafft pan_genome_sequences/gluQ.fa
2026/04/21 17:40:46 Running command: protein_alignment_from_nucleotides  -v  --mafft pan_genome_sequences/plsB.fa
2026/04/21 17:40:46 Running command: protein_alignment_from_nucleotides  -v  --mafft pan_genome_sequences/bcpA.fa
2026/04/21 17:40:46 Running command: protein_alignment_from_nucleotides  -v  --mafft pan_genome_sequences/lysP.fa
2026/04/21 17:40:46 Running command: protein_alignment_from_nucleotides  -v  --mafft pan_genome_sequences/rapA_1.fa
2026/04/21 17:40:46 Running command: protein_alignment_from_nucleotides  -v  --mafft pan_genome_sequences/rhlA_1.fa
2026/04/21 17:40:46 Running command: protein_alignment_from_nucleotides  -v  --mafft pan_genome_sequences/group_18458.fa
2026/04/21 17:40:46 Running command: protein_alignment_from_nucleotides  -v  --mafft pan_genome_sequences/group_18291.fa
2026/04/21 17:40:46 Running command: protein_alignment_from_nucleotides  -v  --mafft pan_genome_sequences/rubA1.fa
2026/04/21 17:40:46 Running command: protein_alignment_from_nucleotides  -v  --mafft pan_genome_sequences/group_5616.fa
2026/04/21 17:40:46 Running command: protein_alignment_from_nucleotides  -v  --mafft pan_genome_sequences/rpmF.fa
2026/04/21 17:40:46 Running command: protein_alignment_from_nucleotides  -v  --mafft pan_genome_sequences/yedY1.fa
2026/04/21 17:40:46 Running command: protein_alignment_from_nucleotides  -v  --mafft pan_genome_sequences/scpB.fa
2026/04/21 17:40:46 Running command: protein_alignment_from_nucleotides  -v  --mafft pan_genome_sequences/mlaE.fa
2026/04/21 17:40:46 Running command: protein_alignment_from_nucleotides  -v  --mafft pan_genome_sequences/mtnC.fa
2026/04/21 17:40:46 Running command: protein_alignment_from_nucleotides  -v  --mafft pan_genome_sequences/pbpG.fa
2026/04/21 17:40:46 Running command: protein_alignment_from_nucleotides  -v  --mafft pan_genome_sequences/groS.fa
2026/04/21 17:40:46 Running command: protein_alignment_from_nucleotides  -v  --mafft pan_genome_sequences/rlmE.fa
2026/04/21 17:40:46 Running command: protein_alignment_from_nucleotides  -v  --mafft pan_genome_sequences/group_17279.fa
2026/04/21 17:40:46 Running command: protein_alignment_from_nucleotides  -v  --mafft pan_genome_sequences/group_18338.fa
2026/04/21 17:40:46 Running command: protein_alignment_from_nucleotides  -v  --mafft pan_genome_sequences/folE_1.fa
2026/04/21 17:40:46 Running command: protein_alignment_from_nucleotides  -v  --mafft pan_genome_sequences/group_3227.fa
2026/04/21 17:40:46 Running command: protein_alignment_from_nucleotides  -v  --mafft pan_genome_sequences/group_4221.fa
2026/04/21 17:40:46 Running command: protein_alignment_from_nucleotides  -v  --mafft pan_genome_sequences/group_4524.fa
2026/04/21 17:40:46 Running command: protein_alignment_from_nucleotides  -v  --mafft pan_genome_sequences/group_18520.fa
2026/04/21 17:40:46 Running command: protein_alignment_from_nucleotides  -v  --mafft pan_genome_sequences/hisC_1.fa
2026/04/21 17:40:46 Running command: protein_alignment_from_nucleotides  -v  --mafft pan_genome_sequences/quiP_1.fa
2026/04/21 17:40:46 Running command: protein_alignment_from_nucleotides  -v  --mafft pan_genome_sequences/aceF.fa
2026/04/21 17:40:46 Running command: protein_alignment_from_nucleotides  -v  --mafft pan_genome_sequences/sohB.fa
2026/04/21 17:40:46 Running command: protein_alignment_from_nucleotides  -v  --mafft pan_genome_sequences/emrA_2.fa
2026/04/21 17:40:46 Running command: protein_alignment_from_nucleotides  -v  --mafft pan_genome_sequences/group_18323.fa
2026/04/21 17:40:46 Running command: protein_alignment_from_nucleotides  -v  --mafft pan_genome_sequences/group_17277.fa
2026/04/21 17:40:46 Running command: protein_alignment_from_nucleotides  -v  --mafft pan_genome_sequences/tktA.fa
2026/04/21 17:40:46 Running command: protein_alignment_from_nucleotides  -v  --mafft pan_genome_sequences/dctP_2.fa
2026/04/21 17:40:46 Running command: protein_alignment_from_nucleotides  -v  --mafft pan_genome_sequences/putP_2.fa
2026/04/21 17:40:46 Running command: protein_alignment_from_nucleotides  -v  --mafft pan_genome_sequences/folM.fa
2026/04/21 17:40:46 Running command: protein_alignment_from_nucleotides  -v  --mafft pan_genome_sequences/group_18571.fa
2026/04/21 17:40:46 Running command: protein_alignment_from_nucleotides  -v  --mafft pan_genome_sequences/yohK_2.fa
2026/04/21 17:40:46 Running command: protein_alignment_from_nucleotides  -v  --mafft pan_genome_sequences/phnZ.fa
2026/04/21 17:40:46 Running command: protein_alignment_from_nucleotides  -v  --mafft pan_genome_sequences/rarD_2.fa
2026/04/21 17:40:46 Running command: protein_alignment_from_nucleotides  -v  --mafft pan_genome_sequences/fis.fa
2026/04/21 17:40:46 Running command: protein_alignment_from_nucleotides  -v  --mafft pan_genome_sequences/corC.fa
2026/04/21 17:40:46 Running command: protein_alignment_from_nucleotides  -v  --mafft pan_genome_sequences/lptB_1.fa
2026/04/21 17:40:46 Running command: protein_alignment_from_nucleotides  -v  --mafft pan_genome_sequences/group_17605.fa
2026/04/21 17:40:46 Running command: protein_alignment_from_nucleotides  -v  --mafft pan_genome_sequences/ttgI_2.fa
2026/04/21 17:40:46 Running command: protein_alignment_from_nucleotides  -v  --mafft pan_genome_sequences/group_3621.fa
2026/04/21 17:40:46 Running command: protein_alignment_from_nucleotides  -v  --mafft pan_genome_sequences/dadA1_2.fa
2026/04/21 17:40:46 Running command: protein_alignment_from_nucleotides  -v  --mafft pan_genome_sequences/yecS_4.fa
2026/04/21 17:40:46 Running command: protein_alignment_from_nucleotides  -v  --mafft pan_genome_sequences/yciI.fa
2026/04/21 17:40:46 Running command: protein_alignment_from_nucleotides  -v  --mafft pan_genome_sequences/rluE.fa
2026/04/21 17:40:46 Running command: protein_alignment_from_nucleotides  -v  --mafft pan_genome_sequences/nusB.fa
2026/04/21 17:40:46 Running command: protein_alignment_from_nucleotides  -v  --mafft pan_genome_sequences/tatB.fa
2026/04/21 17:40:46 Running command: protein_alignment_from_nucleotides  -v  --mafft pan_genome_sequences/ffh.fa
2026/04/21 17:40:46 Running command: protein_alignment_from_nucleotides  -v  --mafft pan_genome_sequences/kdsB.fa
2026/04/21 17:40:46 Running command: protein_alignment_from_nucleotides  -v  --mafft pan_genome_sequences/group_18058.fa
2026/04/21 17:40:46 Running command: protein_alignment_from_nucleotides  -v  --mafft pan_genome_sequences/hemA.fa
2026/04/21 17:40:46 Running command: protein_alignment_from_nucleotides  -v  --mafft pan_genome_sequences/fliR.fa
2026/04/21 17:40:46 Running command: protein_alignment_from_nucleotides  -v  --mafft pan_genome_sequences/group_18298.fa
2026/04/21 17:40:46 Running command: protein_alignment_from_nucleotides  -v  --mafft pan_genome_sequences/group_17111.fa
2026/04/21 17:40:46 Running command: protein_alignment_from_nucleotides  -v  --mafft pan_genome_sequences/ubiB.fa
2026/04/21 17:40:46 Running command: protein_alignment_from_nucleotides  -v  --mafft pan_genome_sequences/ygiF.fa
2026/04/21 17:40:46 Running command: protein_alignment_from_nucleotides  -v  --mafft pan_genome_sequences/cysL_2.fa
2026/04/21 17:40:46 Running command: protein_alignment_from_nucleotides  -v  --mafft pan_genome_sequences/group_5141.fa
2026/04/21 17:40:46 Running command: protein_alignment_from_nucleotides  -v  --mafft pan_genome_sequences/pxpA.fa
2026/04/21 17:40:46 Running command: protein_alignment_from_nucleotides  -v  --mafft pan_genome_sequences/mraZ.fa
2026/04/21 17:40:46 Running command: protein_alignment_from_nucleotides  -v  --mafft pan_genome_sequences/ppk.fa
2026/04/21 17:40:46 Running command: protein_alignment_from_nucleotides  -v  --mafft pan_genome_sequences/group_18441.fa
2026/04/21 17:40:46 Running command: protein_alignment_from_nucleotides  -v  --mafft pan_genome_sequences/group_3743.fa
2026/04/21 17:40:46 Running command: protein_alignment_from_nucleotides  -v  --mafft pan_genome_sequences/pknD_2.fa
2026/04/21 17:40:46 Running command: protein_alignment_from_nucleotides  -v  --mafft pan_genome_sequences/group_2968.fa
2026/04/21 17:40:46 Running command: protein_alignment_from_nucleotides  -v  --mafft pan_genome_sequences/group_5517.fa
2026/04/21 17:40:46 Running command: protein_alignment_from_nucleotides  -v  --mafft pan_genome_sequences/mntH_2.fa
2026/04/21 17:40:46 Running command: protein_alignment_from_nucleotides  -v  --mafft pan_genome_sequences/ycaL.fa
2026/04/21 17:40:46 Running command: protein_alignment_from_nucleotides  -v  --mafft pan_genome_sequences/oprD_4.fa
2026/04/21 17:40:46 Running command: protein_alignment_from_nucleotides  -v  --mafft pan_genome_sequences/proB.fa
2026/04/21 17:40:46 Running command: protein_alignment_from_nucleotides  -v  --mafft pan_genome_sequences/mrpF.fa
2026/04/21 17:40:46 Running command: protein_alignment_from_nucleotides  -v  --mafft pan_genome_sequences/yeiG.fa
2026/04/21 17:40:46 Running command: protein_alignment_from_nucleotides  -v  --mafft pan_genome_sequences/fabR_1.fa
2026/04/21 17:40:46 Running command: protein_alignment_from_nucleotides  -v  --mafft pan_genome_sequences/hemC.fa
2026/04/21 17:40:46 Running command: protein_alignment_from_nucleotides  -v  --mafft pan_genome_sequences/group_4249.fa
2026/04/21 17:40:46 Running command: protein_alignment_from_nucleotides  -v  --mafft pan_genome_sequences/yfmJ.fa
2026/04/21 17:40:46 Running command: protein_alignment_from_nucleotides  -v  --mafft pan_genome_sequences/yhfA.fa
2026/04/21 17:40:46 Running command: protein_alignment_from_nucleotides  -v  --mafft pan_genome_sequences/group_17184.fa
2026/04/21 17:40:46 Running command: protein_alignment_from_nucleotides  -v  --mafft pan_genome_sequences/zwf_2.fa
2026/04/21 17:40:46 Running command: protein_alignment_from_nucleotides  -v  --mafft pan_genome_sequences/group_5347.fa
2026/04/21 17:40:46 Running command: protein_alignment_from_nucleotides  -v  --mafft pan_genome_sequences/rimP.fa
2026/04/21 17:40:46 Running command: protein_alignment_from_nucleotides  -v  --mafft pan_genome_sequences/dmdC_7.fa
2026/04/21 17:40:46 Running command: protein_alignment_from_nucleotides  -v  --mafft pan_genome_sequences/puuC_3.fa
2026/04/21 17:40:46 Running command: protein_alignment_from_nucleotides  -v  --mafft pan_genome_sequences/group_3487.fa
2026/04/21 17:40:46 Running command: protein_alignment_from_nucleotides  -v  --mafft pan_genome_sequences/mltD.fa
2026/04/21 17:40:46 Running command: protein_alignment_from_nucleotides  -v  --mafft pan_genome_sequences/mlaF.fa
2026/04/21 17:40:46 Running command: protein_alignment_from_nucleotides  -v  --mafft pan_genome_sequences/tas.fa
2026/04/21 17:40:46 Running command: protein_alignment_from_nucleotides  -v  --mafft pan_genome_sequences/mgtB.fa
2026/04/21 17:40:46 Running command: protein_alignment_from_nucleotides  -v  --mafft pan_genome_sequences/trpG.fa
2026/04/21 17:40:46 Running command: protein_alignment_from_nucleotides  -v  --mafft pan_genome_sequences/dmdC_6.fa
2026/04/21 17:40:46 Running command: protein_alignment_from_nucleotides  -v  --mafft pan_genome_sequences/phnD1.fa
2026/04/21 17:40:46 Running command: protein_alignment_from_nucleotides  -v  --mafft pan_genome_sequences/eamA_1.fa
2026/04/21 17:40:46 Running command: protein_alignment_from_nucleotides  -v  --mafft pan_genome_sequences/ftsN_1.fa
2026/04/21 17:40:46 Running command: protein_alignment_from_nucleotides  -v  --mafft pan_genome_sequences/atpH_1.fa
2026/04/21 17:40:46 Running command: protein_alignment_from_nucleotides  -v  --mafft pan_genome_sequences/ywrD.fa
2026/04/21 17:40:46 Running command: protein_alignment_from_nucleotides  -v  --mafft pan_genome_sequences/ahpF.fa
2026/04/21 17:40:46 Running command: protein_alignment_from_nucleotides  -v  --mafft pan_genome_sequences/gloB_1.fa
2026/04/21 17:40:46 Running command: protein_alignment_from_nucleotides  -v  --mafft pan_genome_sequences/ampR.fa
2026/04/21 17:40:46 Running command: protein_alignment_from_nucleotides  -v  --mafft pan_genome_sequences/puuB_1.fa
2026/04/21 17:40:46 Running command: protein_alignment_from_nucleotides  -v  --mafft pan_genome_sequences/rdmC_1.fa
2026/04/21 17:40:46 Running command: protein_alignment_from_nucleotides  -v  --mafft pan_genome_sequences/group_5869.fa
2026/04/21 17:40:46 Running command: protein_alignment_from_nucleotides  -v  --mafft pan_genome_sequences/oprD_3.fa
2026/04/21 17:40:46 Running command: protein_alignment_from_nucleotides  -v  --mafft pan_genome_sequences/argT_1.fa
2026/04/21 17:40:46 Running command: protein_alignment_from_nucleotides  -v  --mafft pan_genome_sequences/group_4528.fa
2026/04/21 17:40:46 Running command: protein_alignment_from_nucleotides  -v  --mafft pan_genome_sequences/lepB.fa
2026/04/21 17:40:46 Running command: protein_alignment_from_nucleotides  -v  --mafft pan_genome_sequences/yiaD.fa
2026/04/21 17:40:46 Running command: protein_alignment_from_nucleotides  -v  --mafft pan_genome_sequences/pabC.fa
2026/04/21 17:40:46 Running command: protein_alignment_from_nucleotides  -v  --mafft pan_genome_sequences/occP.fa
2026/04/21 17:40:46 Running command: protein_alignment_from_nucleotides  -v  --mafft pan_genome_sequences/flgG.fa
2026/04/21 17:40:46 Running command: protein_alignment_from_nucleotides  -v  --mafft pan_genome_sequences/cat1.fa
2026/04/21 17:40:46 Running command: protein_alignment_from_nucleotides  -v  --mafft pan_genome_sequences/pgsA.fa
2026/04/21 17:40:46 Running command: protein_alignment_from_nucleotides  -v  --mafft pan_genome_sequences/group_18238.fa
2026/04/21 17:40:46 Running command: protein_alignment_from_nucleotides  -v  --mafft pan_genome_sequences/hdfR_4.fa
2026/04/21 17:40:46 Running command: protein_alignment_from_nucleotides  -v  --mafft pan_genome_sequences/group_18314.fa
2026/04/21 17:40:46 Running command: protein_alignment_from_nucleotides  -v  --mafft pan_genome_sequences/gpsA.fa
2026/04/21 17:40:46 Running command: protein_alignment_from_nucleotides  -v  --mafft pan_genome_sequences/group_17938.fa
2026/04/21 17:40:46 Running command: protein_alignment_from_nucleotides  -v  --mafft pan_genome_sequences/group_4521.fa
2026/04/21 17:40:46 Running command: protein_alignment_from_nucleotides  -v  --mafft pan_genome_sequences/yrfG.fa
2026/04/21 17:40:46 Running command: protein_alignment_from_nucleotides  -v  --mafft pan_genome_sequences/alg8.fa
2026/04/21 17:40:46 Running command: protein_alignment_from_nucleotides  -v  --mafft pan_genome_sequences/phnF.fa
2026/04/21 17:40:46 Running command: protein_alignment_from_nucleotides  -v  --mafft pan_genome_sequences/yccS.fa
2026/04/21 17:40:46 Running command: protein_alignment_from_nucleotides  -v  --mafft pan_genome_sequences/group_1494.fa
2026/04/21 17:40:46 Running command: protein_alignment_from_nucleotides  -v  --mafft pan_genome_sequences/metK.fa
2026/04/21 17:40:46 Running command: protein_alignment_from_nucleotides  -v  --mafft pan_genome_sequences/group_5544.fa
2026/04/21 17:40:46 Running command: protein_alignment_from_nucleotides  -v  --mafft pan_genome_sequences/group_5619.fa
2026/04/21 17:40:46 Running command: protein_alignment_from_nucleotides  -v  --mafft pan_genome_sequences/group_2907.fa
2026/04/21 17:40:46 Running command: protein_alignment_from_nucleotides  -v  --mafft pan_genome_sequences/selO.fa
2026/04/21 17:40:46 Running command: protein_alignment_from_nucleotides  -v  --mafft pan_genome_sequences/gcl.fa
2026/04/21 17:40:46 Running command: protein_alignment_from_nucleotides  -v  --mafft pan_genome_sequences/rssB_1.fa
2026/04/21 17:40:46 Running command: protein_alignment_from_nucleotides  -v  --mafft pan_genome_sequences/rihB.fa
2026/04/21 17:40:46 Running command: protein_alignment_from_nucleotides  -v  --mafft pan_genome_sequences/potA_4.fa
2026/04/21 17:40:46 Running command: protein_alignment_from_nucleotides  -v  --mafft pan_genome_sequences/gntR_2.fa
2026/04/21 17:40:46 Running command: protein_alignment_from_nucleotides  -v  --mafft pan_genome_sequences/aceE.fa
2026/04/21 17:40:46 Running command: protein_alignment_from_nucleotides  -v  --mafft pan_genome_sequences/group_3018.fa
2026/04/21 17:40:46 Running command: protein_alignment_from_nucleotides  -v  --mafft pan_genome_sequences/bauC.fa
2026/04/21 17:40:46 Running command: protein_alignment_from_nucleotides  -v  --mafft pan_genome_sequences/cmpR_3.fa
2026/04/21 17:40:46 Running command: protein_alignment_from_nucleotides  -v  --mafft pan_genome_sequences/group_17673.fa
2026/04/21 17:40:46 Running command: protein_alignment_from_nucleotides  -v  --mafft pan_genome_sequences/xanP_2.fa
2026/04/21 17:40:46 Running command: protein_alignment_from_nucleotides  -v  --mafft pan_genome_sequences/guaA.fa
2026/04/21 17:40:46 Running command: protein_alignment_from_nucleotides  -v  --mafft pan_genome_sequences/group_17964.fa
2026/04/21 17:40:46 Running command: protein_alignment_from_nucleotides  -v  --mafft pan_genome_sequences/rimI.fa
2026/04/21 17:40:46 Running command: protein_alignment_from_nucleotides  -v  --mafft pan_genome_sequences/hslU.fa
2026/04/21 17:40:46 Running command: protein_alignment_from_nucleotides  -v  --mafft pan_genome_sequences/cheB2.fa
2026/04/21 17:40:46 Running command: protein_alignment_from_nucleotides  -v  --mafft pan_genome_sequences/gltJ_1.fa
2026/04/21 17:40:46 Running command: protein_alignment_from_nucleotides  -v  --mafft pan_genome_sequences/fecA_1.fa
2026/04/21 17:40:46 Running command: protein_alignment_from_nucleotides  -v  --mafft pan_genome_sequences/nemR_2.fa
2026/04/21 17:40:46 Running command: protein_alignment_from_nucleotides  -v  --mafft pan_genome_sequences/ahpC_2.fa
2026/04/21 17:40:46 Running command: protein_alignment_from_nucleotides  -v  --mafft pan_genome_sequences/surE.fa
2026/04/21 17:40:46 Running command: protein_alignment_from_nucleotides  -v  --mafft pan_genome_sequences/bioA.fa
2026/04/21 17:40:46 Running command: protein_alignment_from_nucleotides  -v  --mafft pan_genome_sequences/rpoZ.fa
2026/04/21 17:40:46 Running command: protein_alignment_from_nucleotides  -v  --mafft pan_genome_sequences/group_18320.fa
2026/04/21 17:40:46 Running command: protein_alignment_from_nucleotides  -v  --mafft pan_genome_sequences/potD_2.fa
2026/04/21 17:40:46 Running command: protein_alignment_from_nucleotides  -v  --mafft pan_genome_sequences/ylxH.fa
2026/04/21 17:40:46 Running command: protein_alignment_from_nucleotides  -v  --mafft pan_genome_sequences/cysE.fa
2026/04/21 17:40:46 Running command: protein_alignment_from_nucleotides  -v  --mafft pan_genome_sequences/group_4235.fa
2026/04/21 17:40:46 Running command: protein_alignment_from_nucleotides  -v  --mafft pan_genome_sequences/ycaD_1.fa
2026/04/21 17:40:46 Running command: protein_alignment_from_nucleotides  -v  --mafft pan_genome_sequences/cbbA.fa
2026/04/21 17:40:46 Running command: protein_alignment_from_nucleotides  -v  --mafft pan_genome_sequences/dmdC_5.fa
2026/04/21 17:40:46 Running command: protein_alignment_from_nucleotides  -v  --mafft pan_genome_sequences/pntAA.fa
2026/04/21 17:40:46 Running command: protein_alignment_from_nucleotides  -v  --mafft pan_genome_sequences/nhaP2_1.fa
2026/04/21 17:40:46 Running command: protein_alignment_from_nucleotides  -v  --mafft pan_genome_sequences/yejE_1.fa
2026/04/21 17:40:46 Running command: protein_alignment_from_nucleotides  -v  --mafft pan_genome_sequences/glnQ_2.fa
2026/04/21 17:40:46 Running command: protein_alignment_from_nucleotides  -v  --mafft pan_genome_sequences/group_18175.fa
2026/04/21 17:40:46 Running command: protein_alignment_from_nucleotides  -v  --mafft pan_genome_sequences/group_3438.fa
2026/04/21 17:40:46 Running command: protein_alignment_from_nucleotides  -v  --mafft pan_genome_sequences/frmA.fa
2026/04/21 17:40:46 Running command: protein_alignment_from_nucleotides  -v  --mafft pan_genome_sequences/rbfA.fa
2026/04/21 17:40:46 Running command: protein_alignment_from_nucleotides  -v  --mafft pan_genome_sequences/ywiE_1.fa
2026/04/21 17:40:46 Running command: protein_alignment_from_nucleotides  -v  --mafft pan_genome_sequences/group_17772.fa
2026/04/21 17:40:46 Running command: protein_alignment_from_nucleotides  -v  --mafft pan_genome_sequences/acpH.fa
2026/04/21 17:40:46 Running command: protein_alignment_from_nucleotides  -v  --mafft pan_genome_sequences/trpD_2.fa
2026/04/21 17:40:46 Running command: protein_alignment_from_nucleotides  -v  --mafft pan_genome_sequences/serS.fa
2026/04/21 17:40:46 Running command: protein_alignment_from_nucleotides  -v  --mafft pan_genome_sequences/group_4973.fa
2026/04/21 17:40:46 Running command: protein_alignment_from_nucleotides  -v  --mafft pan_genome_sequences/yrdA_1.fa
2026/04/21 17:40:46 Running command: protein_alignment_from_nucleotides  -v  --mafft pan_genome_sequences/cbdA.fa
2026/04/21 17:40:46 Running command: protein_alignment_from_nucleotides  -v  --mafft pan_genome_sequences/yjiE_1.fa
2026/04/21 17:40:46 Running command: protein_alignment_from_nucleotides  -v  --mafft pan_genome_sequences/group_5867.fa
2026/04/21 17:40:46 Running command: protein_alignment_from_nucleotides  -v  --mafft pan_genome_sequences/group_6007.fa
2026/04/21 17:40:46 Running command: protein_alignment_from_nucleotides  -v  --mafft pan_genome_sequences/btuE_2.fa
2026/04/21 17:40:46 Running command: protein_alignment_from_nucleotides  -v  --mafft pan_genome_sequences/alsT_1.fa
2026/04/21 17:40:46 Running command: protein_alignment_from_nucleotides  -v  --mafft pan_genome_sequences/ppk2.fa
2026/04/21 17:40:46 Running command: protein_alignment_from_nucleotides  -v  --mafft pan_genome_sequences/mdtA_2.fa
2026/04/21 17:40:46 Running command: protein_alignment_from_nucleotides  -v  --mafft pan_genome_sequences/ygjP.fa
2026/04/21 17:40:46 Running command: protein_alignment_from_nucleotides  -v  --mafft pan_genome_sequences/queA.fa
2026/04/21 17:40:46 Running command: protein_alignment_from_nucleotides  -v  --mafft pan_genome_sequences/nuoC.fa
2026/04/21 17:40:46 Running command: protein_alignment_from_nucleotides  -v  --mafft pan_genome_sequences/glpD_1.fa
2026/04/21 17:40:46 Running command: protein_alignment_from_nucleotides  -v  --mafft pan_genome_sequences/rhtA.fa
2026/04/21 17:40:46 Running command: protein_alignment_from_nucleotides  -v  --mafft pan_genome_sequences/fabI.fa
2026/04/21 17:40:46 Running command: protein_alignment_from_nucleotides  -v  --mafft pan_genome_sequences/mtaD.fa
2026/04/21 17:40:46 Running command: protein_alignment_from_nucleotides  -v  --mafft pan_genome_sequences/group_18183.fa
2026/04/21 17:40:46 Running command: protein_alignment_from_nucleotides  -v  --mafft pan_genome_sequences/infA.fa
2026/04/21 17:40:46 Running command: protein_alignment_from_nucleotides  -v  --mafft pan_genome_sequences/acrB_3.fa
2026/04/21 17:40:46 Running command: protein_alignment_from_nucleotides  -v  --mafft pan_genome_sequences/roxA.fa
2026/04/21 17:40:46 Running command: protein_alignment_from_nucleotides  -v  --mafft pan_genome_sequences/valS.fa
2026/04/21 17:40:46 Running command: protein_alignment_from_nucleotides  -v  --mafft pan_genome_sequences/group_5923.fa
2026/04/21 17:40:46 Running command: protein_alignment_from_nucleotides  -v  --mafft pan_genome_sequences/bdlA_1.fa
2026/04/21 17:40:46 Running command: protein_alignment_from_nucleotides  -v  --mafft pan_genome_sequences/group_18122.fa
2026/04/21 17:40:46 Running command: protein_alignment_from_nucleotides  -v  --mafft pan_genome_sequences/nfdA_1.fa
2026/04/21 17:40:46 Running command: protein_alignment_from_nucleotides  -v  --mafft pan_genome_sequences/pal_2.fa
2026/04/21 17:40:46 Running command: protein_alignment_from_nucleotides  -v  --mafft pan_genome_sequences/group_17418.fa
2026/04/21 17:40:46 Running command: protein_alignment_from_nucleotides  -v  --mafft pan_genome_sequences/group_18192.fa
2026/04/21 17:40:46 Running command: protein_alignment_from_nucleotides  -v  --mafft pan_genome_sequences/rho.fa
2026/04/21 17:40:46 Running command: protein_alignment_from_nucleotides  -v  --mafft pan_genome_sequences/group_18250.fa
2026/04/21 17:40:46 Running command: protein_alignment_from_nucleotides  -v  --mafft pan_genome_sequences/group_5061.fa
2026/04/21 17:40:46 Running command: protein_alignment_from_nucleotides  -v  --mafft pan_genome_sequences/group_6042.fa
2026/04/21 17:40:46 Running command: protein_alignment_from_nucleotides  -v  --mafft pan_genome_sequences/tsaC.fa
2026/04/21 17:40:46 Running command: protein_alignment_from_nucleotides  -v  --mafft pan_genome_sequences/inaA_1.fa
2026/04/21 17:40:46 Running command: protein_alignment_from_nucleotides  -v  --mafft pan_genome_sequences/parE.fa
2026/04/21 17:40:46 Running command: protein_alignment_from_nucleotides  -v  --mafft pan_genome_sequences/btr_2.fa
2026/04/21 17:40:46 Running command: protein_alignment_from_nucleotides  -v  --mafft pan_genome_sequences/rpsP.fa
2026/04/21 17:40:46 Running command: protein_alignment_from_nucleotides  -v  --mafft pan_genome_sequences/regA.fa
2026/04/21 17:40:46 Running command: protein_alignment_from_nucleotides  -v  --mafft pan_genome_sequences/group_2510.fa
2026/04/21 17:40:46 Running command: protein_alignment_from_nucleotides  -v  --mafft pan_genome_sequences/tolC_3.fa
2026/04/21 17:40:46 Running command: protein_alignment_from_nucleotides  -v  --mafft pan_genome_sequences/kdpD.fa
2026/04/21 17:40:46 Running command: protein_alignment_from_nucleotides  -v  --mafft pan_genome_sequences/group_17575.fa
2026/04/21 17:40:46 Running command: protein_alignment_from_nucleotides  -v  --mafft pan_genome_sequences/yecS_3.fa
2026/04/21 17:40:46 Running command: protein_alignment_from_nucleotides  -v  --mafft pan_genome_sequences/group_5316.fa
2026/04/21 17:40:46 Running command: protein_alignment_from_nucleotides  -v  --mafft pan_genome_sequences/bioC.fa
2026/04/21 17:40:46 Running command: protein_alignment_from_nucleotides  -v  --mafft pan_genome_sequences/group_18354.fa
2026/04/21 17:40:46 Running command: protein_alignment_from_nucleotides  -v  --mafft pan_genome_sequences/group_4978.fa
2026/04/21 17:40:46 Running command: protein_alignment_from_nucleotides  -v  --mafft pan_genome_sequences/dsbB_1.fa
2026/04/21 17:40:46 Running command: protein_alignment_from_nucleotides  -v  --mafft pan_genome_sequences/group_4922.fa
2026/04/21 17:40:46 Running command: protein_alignment_from_nucleotides  -v  --mafft pan_genome_sequences/group_5199.fa
2026/04/21 17:40:46 Running command: protein_alignment_from_nucleotides  -v  --mafft pan_genome_sequences/ycgJ.fa
2026/04/21 17:40:46 Running command: protein_alignment_from_nucleotides  -v  --mafft pan_genome_sequences/yhhQ.fa
2026/04/21 17:40:46 Running command: protein_alignment_from_nucleotides  -v  --mafft pan_genome_sequences/murC.fa
2026/04/21 17:40:46 Running command: protein_alignment_from_nucleotides  -v  --mafft pan_genome_sequences/group_5369.fa
2026/04/21 17:40:46 Running command: protein_alignment_from_nucleotides  -v  --mafft pan_genome_sequences/tpiA.fa
2026/04/21 17:40:46 Running command: protein_alignment_from_nucleotides  -v  --mafft pan_genome_sequences/group_4232.fa
2026/04/21 17:40:46 Running command: protein_alignment_from_nucleotides  -v  --mafft pan_genome_sequences/group_17096.fa
2026/04/21 17:40:46 Running command: protein_alignment_from_nucleotides  -v  --mafft pan_genome_sequences/pheT.fa
2026/04/21 17:40:46 Running command: protein_alignment_from_nucleotides  -v  --mafft pan_genome_sequences/rplW.fa
2026/04/21 17:40:46 Running command: protein_alignment_from_nucleotides  -v  --mafft pan_genome_sequences/anr.fa
2026/04/21 17:40:46 Running command: protein_alignment_from_nucleotides  -v  --mafft pan_genome_sequences/group_17245.fa
2026/04/21 17:40:46 Running command: protein_alignment_from_nucleotides  -v  --mafft pan_genome_sequences/group_18498.fa
2026/04/21 17:40:46 Running command: protein_alignment_from_nucleotides  -v  --mafft pan_genome_sequences/gyrA.fa
2026/04/21 17:40:46 Running command: protein_alignment_from_nucleotides  -v  --mafft pan_genome_sequences/group_6031.fa
2026/04/21 17:40:46 Running command: protein_alignment_from_nucleotides  -v  --mafft pan_genome_sequences/tdhA.fa
2026/04/21 17:40:46 Running command: protein_alignment_from_nucleotides  -v  --mafft pan_genome_sequences/hisC_2.fa
2026/04/21 17:40:46 Running command: protein_alignment_from_nucleotides  -v  --mafft pan_genome_sequences/group_5454.fa
2026/04/21 17:40:46 Running command: protein_alignment_from_nucleotides  -v  --mafft pan_genome_sequences/ctpB.fa
2026/04/21 17:40:46 Running command: protein_alignment_from_nucleotides  -v  --mafft pan_genome_sequences/fabG_11.fa
2026/04/21 17:40:46 Running command: protein_alignment_from_nucleotides  -v  --mafft pan_genome_sequences/rplI.fa
2026/04/21 17:40:46 Running command: protein_alignment_from_nucleotides  -v  --mafft pan_genome_sequences/emrA_4.fa
2026/04/21 17:40:46 Running command: protein_alignment_from_nucleotides  -v  --mafft pan_genome_sequences/group_4678.fa
2026/04/21 17:40:46 Running command: protein_alignment_from_nucleotides  -v  --mafft pan_genome_sequences/group_5965.fa
2026/04/21 17:40:46 Running command: protein_alignment_from_nucleotides  -v  --mafft pan_genome_sequences/glcC.fa
2026/04/21 17:40:46 Running command: protein_alignment_from_nucleotides  -v  --mafft pan_genome_sequences/smtB.fa
2026/04/21 17:40:46 Running command: protein_alignment_from_nucleotides  -v  --mafft pan_genome_sequences/rnt.fa
2026/04/21 17:40:46 Running command: protein_alignment_from_nucleotides  -v  --mafft pan_genome_sequences/group_2519.fa
2026/04/21 17:40:46 Running command: protein_alignment_from_nucleotides  -v  --mafft pan_genome_sequences/group_4472.fa
2026/04/21 17:40:46 Running command: protein_alignment_from_nucleotides  -v  --mafft pan_genome_sequences/group_3856.fa
2026/04/21 17:40:46 Running command: protein_alignment_from_nucleotides  -v  --mafft pan_genome_sequences/trmL.fa
2026/04/21 17:40:46 Running command: protein_alignment_from_nucleotides  -v  --mafft pan_genome_sequences/cysD.fa
2026/04/21 17:40:46 Running command: protein_alignment_from_nucleotides  -v  --mafft pan_genome_sequences/group_5132.fa
2026/04/21 17:40:46 Running command: protein_alignment_from_nucleotides  -v  --mafft pan_genome_sequences/fdx_1.fa
2026/04/21 17:40:46 Running command: protein_alignment_from_nucleotides  -v  --mafft pan_genome_sequences/sasA_1.fa
2026/04/21 17:40:46 Running command: protein_alignment_from_nucleotides  -v  --mafft pan_genome_sequences/group_5485.fa
2026/04/21 17:40:46 Running command: protein_alignment_from_nucleotides  -v  --mafft pan_genome_sequences/group_5988.fa
2026/04/21 17:40:46 Running command: protein_alignment_from_nucleotides  -v  --mafft pan_genome_sequences/cmk.fa
2026/04/21 17:40:46 Running command: protein_alignment_from_nucleotides  -v  --mafft pan_genome_sequences/group_18312.fa
2026/04/21 17:40:46 Running command: protein_alignment_from_nucleotides  -v  --mafft pan_genome_sequences/group_5384.fa
2026/04/21 17:40:46 Running command: protein_alignment_from_nucleotides  -v  --mafft pan_genome_sequences/fadH_1.fa
2026/04/21 17:40:46 Running command: protein_alignment_from_nucleotides  -v  --mafft pan_genome_sequences/group_4612.fa
2026/04/21 17:40:46 Running command: protein_alignment_from_nucleotides  -v  --mafft pan_genome_sequences/betT1.fa
2026/04/21 17:40:46 Running command: protein_alignment_from_nucleotides  -v  --mafft pan_genome_sequences/phnR_1.fa
2026/04/21 17:40:46 Running command: protein_alignment_from_nucleotides  -v  --mafft pan_genome_sequences/group_18371.fa
2026/04/21 17:40:46 Running command: protein_alignment_from_nucleotides  -v  --mafft pan_genome_sequences/potA_3.fa
2026/04/21 17:40:46 Running command: protein_alignment_from_nucleotides  -v  --mafft pan_genome_sequences/lysC.fa
2026/04/21 17:40:46 Running command: protein_alignment_from_nucleotides  -v  --mafft pan_genome_sequences/mdoG.fa
2026/04/21 17:40:46 Running command: protein_alignment_from_nucleotides  -v  --mafft pan_genome_sequences/mrdB.fa
2026/04/21 17:40:46 Running command: protein_alignment_from_nucleotides  -v  --mafft pan_genome_sequences/dauB.fa
2026/04/21 17:40:46 Running command: protein_alignment_from_nucleotides  -v  --mafft pan_genome_sequences/gdx_1.fa
2026/04/21 17:40:46 Running command: protein_alignment_from_nucleotides  -v  --mafft pan_genome_sequences/rplC.fa
2026/04/21 17:40:46 Running command: protein_alignment_from_nucleotides  -v  --mafft pan_genome_sequences/group_6820.fa
2026/04/21 17:40:46 Running command: protein_alignment_from_nucleotides  -v  --mafft pan_genome_sequences/group_18431.fa
2026/04/21 17:40:46 Running command: protein_alignment_from_nucleotides  -v  --mafft pan_genome_sequences/yggS.fa
2026/04/21 17:40:46 Running command: protein_alignment_from_nucleotides  -v  --mafft pan_genome_sequences/lldR_1.fa
2026/04/21 17:40:46 Running command: protein_alignment_from_nucleotides  -v  --mafft pan_genome_sequences/group_3391.fa
2026/04/21 17:40:46 Running command: protein_alignment_from_nucleotides  -v  --mafft pan_genome_sequences/group_3063.fa
2026/04/21 17:40:46 Running command: protein_alignment_from_nucleotides  -v  --mafft pan_genome_sequences/phoR.fa
2026/04/21 17:40:46 Running command: protein_alignment_from_nucleotides  -v  --mafft pan_genome_sequences/rbbA.fa
2026/04/21 17:40:46 Running command: protein_alignment_from_nucleotides  -v  --mafft pan_genome_sequences/pfeA_1.fa
2026/04/21 17:40:46 Running command: protein_alignment_from_nucleotides  -v  --mafft pan_genome_sequences/mexA_2.fa
2026/04/21 17:40:46 Running command: protein_alignment_from_nucleotides  -v  --mafft pan_genome_sequences/group_17486.fa
2026/04/21 17:40:46 Running command: protein_alignment_from_nucleotides  -v  --mafft pan_genome_sequences/group_18412.fa
2026/04/21 17:40:46 Running command: protein_alignment_from_nucleotides  -v  --mafft pan_genome_sequences/osmY_2.fa
2026/04/21 17:40:46 Running command: protein_alignment_from_nucleotides  -v  --mafft pan_genome_sequences/group_6889.fa
2026/04/21 17:40:46 Running command: protein_alignment_from_nucleotides  -v  --mafft pan_genome_sequences/group_2459.fa
2026/04/21 17:40:46 Running command: protein_alignment_from_nucleotides  -v  --mafft pan_genome_sequences/uspA2.fa
2026/04/21 17:40:46 Running command: protein_alignment_from_nucleotides  -v  --mafft pan_genome_sequences/group_5149.fa
2026/04/21 17:40:46 Running command: protein_alignment_from_nucleotides  -v  --mafft pan_genome_sequences/rlmI.fa
2026/04/21 17:40:46 Running command: protein_alignment_from_nucleotides  -v  --mafft pan_genome_sequences/group_5986.fa
2026/04/21 17:40:46 Running command: protein_alignment_from_nucleotides  -v  --mafft pan_genome_sequences/fadI.fa
2026/04/21 17:40:46 Running command: protein_alignment_from_nucleotides  -v  --mafft pan_genome_sequences/group_18366.fa
2026/04/21 17:40:46 Running command: protein_alignment_from_nucleotides  -v  --mafft pan_genome_sequences/group_4544.fa
2026/04/21 17:40:46 Running command: protein_alignment_from_nucleotides  -v  --mafft pan_genome_sequences/group_18429.fa
2026/04/21 17:40:46 Running command: protein_alignment_from_nucleotides  -v  --mafft pan_genome_sequences/malT_3.fa
2026/04/21 17:40:46 Running command: protein_alignment_from_nucleotides  -v  --mafft pan_genome_sequences/group_2859.fa
2026/04/21 17:40:46 Running command: protein_alignment_from_nucleotides  -v  --mafft pan_genome_sequences/accD.fa
2026/04/21 17:40:46 Running command: protein_alignment_from_nucleotides  -v  --mafft pan_genome_sequences/group_17804.fa
2026/04/21 17:40:46 Running command: protein_alignment_from_nucleotides  -v  --mafft pan_genome_sequences/gdx_3.fa
2026/04/21 17:40:46 Running command: protein_alignment_from_nucleotides  -v  --mafft pan_genome_sequences/group_3400.fa
2026/04/21 17:40:46 Running command: protein_alignment_from_nucleotides  -v  --mafft pan_genome_sequences/yhbU.fa
2026/04/21 17:40:46 Running command: protein_alignment_from_nucleotides  -v  --mafft pan_genome_sequences/ccoP2.fa
2026/04/21 17:40:46 Running command: protein_alignment_from_nucleotides  -v  --mafft pan_genome_sequences/hisH.fa
2026/04/21 17:40:46 Running command: protein_alignment_from_nucleotides  -v  --mafft pan_genome_sequences/cheY_2.fa
2026/04/21 17:40:46 Running command: protein_alignment_from_nucleotides  -v  --mafft pan_genome_sequences/group_3152.fa
2026/04/21 17:40:46 Running command: protein_alignment_from_nucleotides  -v  --mafft pan_genome_sequences/czcD_1.fa
2026/04/21 17:40:46 Running command: protein_alignment_from_nucleotides  -v  --mafft pan_genome_sequences/group_18112.fa
2026/04/21 17:40:46 Running command: protein_alignment_from_nucleotides  -v  --mafft pan_genome_sequences/nemA_3.fa
2026/04/21 17:40:46 Running command: protein_alignment_from_nucleotides  -v  --mafft pan_genome_sequences/msrB.fa
2026/04/21 17:40:46 Running command: protein_alignment_from_nucleotides  -v  --mafft pan_genome_sequences/glnA_1.fa
2026/04/21 17:40:46 Running command: protein_alignment_from_nucleotides  -v  --mafft pan_genome_sequences/nqrB.fa
2026/04/21 17:40:46 Running command: protein_alignment_from_nucleotides  -v  --mafft pan_genome_sequences/dsbA.fa
2026/04/21 17:40:46 Running command: protein_alignment_from_nucleotides  -v  --mafft pan_genome_sequences/group_2849.fa
2026/04/21 17:40:46 Running command: protein_alignment_from_nucleotides  -v  --mafft pan_genome_sequences/nqrF.fa
2026/04/21 17:40:46 Running command: protein_alignment_from_nucleotides  -v  --mafft pan_genome_sequences/group_5541.fa
2026/04/21 17:40:46 Running command: protein_alignment_from_nucleotides  -v  --mafft pan_genome_sequences/mmsB.fa
2026/04/21 17:40:46 Running command: protein_alignment_from_nucleotides  -v  --mafft pan_genome_sequences/group_18134.fa
2026/04/21 17:40:46 Running command: protein_alignment_from_nucleotides  -v  --mafft pan_genome_sequences/group_1977.fa
2026/04/21 17:40:46 Running command: protein_alignment_from_nucleotides  -v  --mafft pan_genome_sequences/dmdC_2.fa
2026/04/21 17:40:46 Running command: protein_alignment_from_nucleotides  -v  --mafft pan_genome_sequences/mraY.fa
2026/04/21 17:40:46 Running command: protein_alignment_from_nucleotides  -v  --mafft pan_genome_sequences/group_5567.fa
2026/04/21 17:40:46 Running command: protein_alignment_from_nucleotides  -v  --mafft pan_genome_sequences/group_5329.fa
2026/04/21 17:40:46 Running command: protein_alignment_from_nucleotides  -v  --mafft pan_genome_sequences/bchI.fa
2026/04/21 17:40:46 Running command: protein_alignment_from_nucleotides  -v  --mafft pan_genome_sequences/group_4904.fa
2026/04/21 17:40:46 Running command: protein_alignment_from_nucleotides  -v  --mafft pan_genome_sequences/fliM.fa
2026/04/21 17:40:46 Running command: protein_alignment_from_nucleotides  -v  --mafft pan_genome_sequences/rarA.fa
2026/04/21 17:40:46 Running command: protein_alignment_from_nucleotides  -v  --mafft pan_genome_sequences/cyoE.fa
2026/04/21 17:40:46 Running command: protein_alignment_from_nucleotides  -v  --mafft pan_genome_sequences/citE.fa
2026/04/21 17:40:46 Running command: protein_alignment_from_nucleotides  -v  --mafft pan_genome_sequences/pdhC.fa
2026/04/21 17:40:46 Running command: protein_alignment_from_nucleotides  -v  --mafft pan_genome_sequences/nuoI.fa
2026/04/21 17:40:46 Running command: protein_alignment_from_nucleotides  -v  --mafft pan_genome_sequences/lcdH_1.fa
2026/04/21 17:40:46 Running command: protein_alignment_from_nucleotides  -v  --mafft pan_genome_sequences/group_5741.fa
2026/04/21 17:40:46 Running command: protein_alignment_from_nucleotides  -v  --mafft pan_genome_sequences/group_3111.fa
2026/04/21 17:40:46 Running command: protein_alignment_from_nucleotides  -v  --mafft pan_genome_sequences/slyA.fa
2026/04/21 17:40:46 Running command: protein_alignment_from_nucleotides  -v  --mafft pan_genome_sequences/livF_3.fa
2026/04/21 17:40:46 Running command: protein_alignment_from_nucleotides  -v  --mafft pan_genome_sequences/aruI_1.fa
2026/04/21 17:40:46 Running command: protein_alignment_from_nucleotides  -v  --mafft pan_genome_sequences/group_18484.fa
2026/04/21 17:40:46 Running command: protein_alignment_from_nucleotides  -v  --mafft pan_genome_sequences/fdhA.fa
2026/04/21 17:40:46 Running command: protein_alignment_from_nucleotides  -v  --mafft pan_genome_sequences/cnoX.fa
2026/04/21 17:40:46 Running command: protein_alignment_from_nucleotides  -v  --mafft pan_genome_sequences/nosL.fa
2026/04/21 17:40:46 Running command: protein_alignment_from_nucleotides  -v  --mafft pan_genome_sequences/kce.fa
2026/04/21 17:40:46 Running command: protein_alignment_from_nucleotides  -v  --mafft pan_genome_sequences/kgtP_1.fa
2026/04/21 17:40:46 Running command: protein_alignment_from_nucleotides  -v  --mafft pan_genome_sequences/pleD_1.fa
2026/04/21 17:40:46 Running command: protein_alignment_from_nucleotides  -v  --mafft pan_genome_sequences/argE_2.fa
2026/04/21 17:40:46 Running command: protein_alignment_from_nucleotides  -v  --mafft pan_genome_sequences/fklB_1.fa
2026/04/21 17:40:46 Running command: protein_alignment_from_nucleotides  -v  --mafft pan_genome_sequences/ybeY.fa
2026/04/21 17:40:46 Running command: protein_alignment_from_nucleotides  -v  --mafft pan_genome_sequences/hcaR.fa
2026/04/21 17:40:46 Running command: protein_alignment_from_nucleotides  -v  --mafft pan_genome_sequences/group_18029.fa
2026/04/21 17:40:46 Running command: protein_alignment_from_nucleotides  -v  --mafft pan_genome_sequences/mmgC_3.fa
2026/04/21 17:40:46 Running command: protein_alignment_from_nucleotides  -v  --mafft pan_genome_sequences/metF.fa
2026/04/21 17:40:46 Running command: protein_alignment_from_nucleotides  -v  --mafft pan_genome_sequences/cbs.fa
2026/04/21 17:40:46 Running command: protein_alignment_from_nucleotides  -v  --mafft pan_genome_sequences/group_3382.fa
2026/04/21 17:40:46 Running command: protein_alignment_from_nucleotides  -v  --mafft pan_genome_sequences/group_17719.fa
2026/04/21 17:40:46 Running command: protein_alignment_from_nucleotides  -v  --mafft pan_genome_sequences/group_4239.fa
2026/04/21 17:40:46 Running command: protein_alignment_from_nucleotides  -v  --mafft pan_genome_sequences/aaeA_2.fa
2026/04/21 17:40:46 Running command: protein_alignment_from_nucleotides  -v  --mafft pan_genome_sequences/kbp.fa
2026/04/21 17:40:46 Running command: protein_alignment_from_nucleotides  -v  --mafft pan_genome_sequences/proC.fa
2026/04/21 17:40:46 Running command: protein_alignment_from_nucleotides  -v  --mafft pan_genome_sequences/group_3421.fa
2026/04/21 17:40:46 Running command: protein_alignment_from_nucleotides  -v  --mafft pan_genome_sequences/group_17932.fa
2026/04/21 17:40:46 Running command: protein_alignment_from_nucleotides  -v  --mafft pan_genome_sequences/group_17857.fa
2026/04/21 17:40:46 Running command: protein_alignment_from_nucleotides  -v  --mafft pan_genome_sequences/group_5483.fa
2026/04/21 17:40:46 Running command: protein_alignment_from_nucleotides  -v  --mafft pan_genome_sequences/group_18178.fa
2026/04/21 17:40:46 Running command: protein_alignment_from_nucleotides  -v  --mafft pan_genome_sequences/can.fa
2026/04/21 17:40:46 Running command: protein_alignment_from_nucleotides  -v  --mafft pan_genome_sequences/group_18495.fa
2026/04/21 17:40:46 Running command: protein_alignment_from_nucleotides  -v  --mafft pan_genome_sequences/iutA_2.fa
2026/04/21 17:40:46 Running command: protein_alignment_from_nucleotides  -v  --mafft pan_genome_sequences/topA.fa
2026/04/21 17:40:46 Running command: protein_alignment_from_nucleotides  -v  --mafft pan_genome_sequences/group_4758.fa
2026/04/21 17:40:46 Running command: protein_alignment_from_nucleotides  -v  --mafft pan_genome_sequences/group_18316.fa
2026/04/21 17:40:46 Running command: protein_alignment_from_nucleotides  -v  --mafft pan_genome_sequences/group_4217.fa
2026/04/21 17:40:46 Running command: protein_alignment_from_nucleotides  -v  --mafft pan_genome_sequences/nuoE.fa
2026/04/21 17:40:46 Running command: protein_alignment_from_nucleotides  -v  --mafft pan_genome_sequences/cdhR_6.fa
2026/04/21 17:40:46 Running command: protein_alignment_from_nucleotides  -v  --mafft pan_genome_sequences/panS_1.fa
2026/04/21 17:40:46 Running command: protein_alignment_from_nucleotides  -v  --mafft pan_genome_sequences/group_4520.fa
2026/04/21 17:40:46 Running command: protein_alignment_from_nucleotides  -v  --mafft pan_genome_sequences/group_17627.fa
2026/04/21 17:40:46 Running command: protein_alignment_from_nucleotides  -v  --mafft pan_genome_sequences/tsaE.fa
2026/04/21 17:40:46 Running command: protein_alignment_from_nucleotides  -v  --mafft pan_genome_sequences/htpX_1.fa
2026/04/21 17:40:46 Running command: protein_alignment_from_nucleotides  -v  --mafft pan_genome_sequences/group_2496.fa
2026/04/21 17:40:46 Running command: protein_alignment_from_nucleotides  -v  --mafft pan_genome_sequences/group_17257.fa
2026/04/21 17:40:46 Running command: protein_alignment_from_nucleotides  -v  --mafft pan_genome_sequences/ggt_2.fa
2026/04/21 17:40:46 Running command: protein_alignment_from_nucleotides  -v  --mafft pan_genome_sequences/ftsZ.fa
2026/04/21 17:40:46 Running command: protein_alignment_from_nucleotides  -v  --mafft pan_genome_sequences/group_5677.fa
2026/04/21 17:40:46 Running command: protein_alignment_from_nucleotides  -v  --mafft pan_genome_sequences/aceK.fa
2026/04/21 17:40:46 Running command: protein_alignment_from_nucleotides  -v  --mafft pan_genome_sequences/group_17883.fa
2026/04/21 17:40:46 Running command: protein_alignment_from_nucleotides  -v  --mafft pan_genome_sequences/hutI.fa
2026/04/21 17:40:46 Running command: protein_alignment_from_nucleotides  -v  --mafft pan_genome_sequences/dapL.fa
2026/04/21 17:40:46 Running command: protein_alignment_from_nucleotides  -v  --mafft pan_genome_sequences/group_6088.fa
2026/04/21 17:40:46 Running command: protein_alignment_from_nucleotides  -v  --mafft pan_genome_sequences/group_4598.fa
2026/04/21 17:40:46 Running command: protein_alignment_from_nucleotides  -v  --mafft pan_genome_sequences/group_4561.fa
2026/04/21 17:40:46 Running command: protein_alignment_from_nucleotides  -v  --mafft pan_genome_sequences/dnaQ.fa
2026/04/21 17:40:46 Running command: protein_alignment_from_nucleotides  -v  --mafft pan_genome_sequences/aspA.fa
2026/04/21 17:40:46 Running command: protein_alignment_from_nucleotides  -v  --mafft pan_genome_sequences/group_18118.fa
2026/04/21 17:40:46 Running command: protein_alignment_from_nucleotides  -v  --mafft pan_genome_sequences/ychF.fa
2026/04/21 17:40:46 Running command: protein_alignment_from_nucleotides  -v  --mafft pan_genome_sequences/group_4960.fa
2026/04/21 17:40:46 Running command: protein_alignment_from_nucleotides  -v  --mafft pan_genome_sequences/ompW.fa
2026/04/21 17:40:46 Running command: protein_alignment_from_nucleotides  -v  --mafft pan_genome_sequences/yigB.fa
2026/04/21 17:40:46 Running command: protein_alignment_from_nucleotides  -v  --mafft pan_genome_sequences/cobQ.fa
2026/04/21 17:40:46 Running command: protein_alignment_from_nucleotides  -v  --mafft pan_genome_sequences/feoB.fa
2026/04/21 17:40:46 Running command: protein_alignment_from_nucleotides  -v  --mafft pan_genome_sequences/pitA_3.fa
2026/04/21 17:40:46 Running command: protein_alignment_from_nucleotides  -v  --mafft pan_genome_sequences/group_5203.fa
2026/04/21 17:40:46 Running command: protein_alignment_from_nucleotides  -v  --mafft pan_genome_sequences/group_17980.fa
2026/04/21 17:40:46 Running command: protein_alignment_from_nucleotides  -v  --mafft pan_genome_sequences/group_17094.fa
2026/04/21 17:40:46 Running command: protein_alignment_from_nucleotides  -v  --mafft pan_genome_sequences/group_2983.fa
2026/04/21 17:40:46 Running command: protein_alignment_from_nucleotides  -v  --mafft pan_genome_sequences/group_5108.fa
2026/04/21 17:40:46 Running command: protein_alignment_from_nucleotides  -v  --mafft pan_genome_sequences/group_4840.fa
2026/04/21 17:40:46 Running command: protein_alignment_from_nucleotides  -v  --mafft pan_genome_sequences/gph.fa
2026/04/21 17:40:46 Running command: protein_alignment_from_nucleotides  -v  --mafft pan_genome_sequences/ndk.fa
2026/04/21 17:40:46 Running command: protein_alignment_from_nucleotides  -v  --mafft pan_genome_sequences/fdxA_2.fa
2026/04/21 17:40:46 Running command: protein_alignment_from_nucleotides  -v  --mafft pan_genome_sequences/lnt.fa
2026/04/21 17:40:46 Running command: protein_alignment_from_nucleotides  -v  --mafft pan_genome_sequences/group_4672.fa
2026/04/21 17:40:46 Running command: protein_alignment_from_nucleotides  -v  --mafft pan_genome_sequences/group_4607.fa
2026/04/21 17:40:46 Running command: protein_alignment_from_nucleotides  -v  --mafft pan_genome_sequences/group_1769.fa
2026/04/21 17:40:46 Running command: protein_alignment_from_nucleotides  -v  --mafft pan_genome_sequences/glmU.fa
2026/04/21 17:40:46 Running command: protein_alignment_from_nucleotides  -v  --mafft pan_genome_sequences/rcnR.fa
2026/04/21 17:40:46 Running command: protein_alignment_from_nucleotides  -v  --mafft pan_genome_sequences/group_4882.fa
2026/04/21 17:40:46 Running command: protein_alignment_from_nucleotides  -v  --mafft pan_genome_sequences/group_2225.fa
2026/04/21 17:40:46 Running command: protein_alignment_from_nucleotides  -v  --mafft pan_genome_sequences/yajC.fa
2026/04/21 17:40:46 Running command: protein_alignment_from_nucleotides  -v  --mafft pan_genome_sequences/group_18301.fa
2026/04/21 17:40:46 Running command: protein_alignment_from_nucleotides  -v  --mafft pan_genome_sequences/uctC.fa
2026/04/21 17:40:46 Running command: protein_alignment_from_nucleotides  -v  --mafft pan_genome_sequences/fadA_4.fa
2026/04/21 17:40:46 Running command: protein_alignment_from_nucleotides  -v  --mafft pan_genome_sequences/csrA_1.fa
2026/04/21 17:40:46 Running command: protein_alignment_from_nucleotides  -v  --mafft pan_genome_sequences/group_5312.fa
2026/04/21 17:40:46 Running command: protein_alignment_from_nucleotides  -v  --mafft pan_genome_sequences/bepA_3.fa
2026/04/21 17:40:46 Running command: protein_alignment_from_nucleotides  -v  --mafft pan_genome_sequences/cntO_4.fa
2026/04/21 17:40:46 Running command: protein_alignment_from_nucleotides  -v  --mafft pan_genome_sequences/group_3060.fa
2026/04/21 17:40:46 Running command: protein_alignment_from_nucleotides  -v  --mafft pan_genome_sequences/accB_1.fa
2026/04/21 17:40:46 Running command: protein_alignment_from_nucleotides  -v  --mafft pan_genome_sequences/glxR_2.fa
2026/04/21 17:40:46 Running command: protein_alignment_from_nucleotides  -v  --mafft pan_genome_sequences/yahB.fa
2026/04/21 17:40:46 Running command: protein_alignment_from_nucleotides  -v  --mafft pan_genome_sequences/mdcC.fa
2026/04/21 17:40:46 Running command: protein_alignment_from_nucleotides  -v  --mafft pan_genome_sequences/yheS.fa
2026/04/21 17:40:46 Running command: protein_alignment_from_nucleotides  -v  --mafft pan_genome_sequences/sdhD.fa
2026/04/21 17:40:46 Running command: protein_alignment_from_nucleotides  -v  --mafft pan_genome_sequences/gpmI.fa
2026/04/21 17:40:46 Running command: protein_alignment_from_nucleotides  -v  --mafft pan_genome_sequences/amiC_2.fa
2026/04/21 17:40:46 Running command: protein_alignment_from_nucleotides  -v  --mafft pan_genome_sequences/group_3698.fa
2026/04/21 17:40:46 Running command: protein_alignment_from_nucleotides  -v  --mafft pan_genome_sequences/fliA.fa
2026/04/21 17:40:46 Running command: protein_alignment_from_nucleotides  -v  --mafft pan_genome_sequences/miaB.fa
2026/04/21 17:40:46 Running command: protein_alignment_from_nucleotides  -v  --mafft pan_genome_sequences/group_5599.fa
2026/04/21 17:40:46 Running command: protein_alignment_from_nucleotides  -v  --mafft pan_genome_sequences/group_5344.fa
2026/04/21 17:40:46 Running command: protein_alignment_from_nucleotides  -v  --mafft pan_genome_sequences/group_18062.fa
2026/04/21 17:40:46 Running command: protein_alignment_from_nucleotides  -v  --mafft pan_genome_sequences/yebT_2.fa
2026/04/21 17:40:46 Running command: protein_alignment_from_nucleotides  -v  --mafft pan_genome_sequences/vldW_1.fa
2026/04/21 17:40:46 Running command: protein_alignment_from_nucleotides  -v  --mafft pan_genome_sequences/group_3371.fa
2026/04/21 17:40:46 Running command: protein_alignment_from_nucleotides  -v  --mafft pan_genome_sequences/catD_1.fa
2026/04/21 17:40:46 Running command: protein_alignment_from_nucleotides  -v  --mafft pan_genome_sequences/group_3179.fa
2026/04/21 17:40:46 Running command: protein_alignment_from_nucleotides  -v  --mafft pan_genome_sequences/group_2165.fa
2026/04/21 17:40:46 Running command: protein_alignment_from_nucleotides  -v  --mafft pan_genome_sequences/namA.fa
2026/04/21 17:40:46 Running command: protein_alignment_from_nucleotides  -v  --mafft pan_genome_sequences/rlmN_1.fa
2026/04/21 17:40:46 Running command: protein_alignment_from_nucleotides  -v  --mafft pan_genome_sequences/group_1437.fa
2026/04/21 17:40:46 Running command: protein_alignment_from_nucleotides  -v  --mafft pan_genome_sequences/uspE_1.fa
2026/04/21 17:40:46 Running command: protein_alignment_from_nucleotides  -v  --mafft pan_genome_sequences/pal_1.fa
2026/04/21 17:40:46 Running command: protein_alignment_from_nucleotides  -v  --mafft pan_genome_sequences/oppF.fa
2026/04/21 17:40:46 Running command: protein_alignment_from_nucleotides  -v  --mafft pan_genome_sequences/ruvA.fa
2026/04/21 17:40:46 Running command: protein_alignment_from_nucleotides  -v  --mafft pan_genome_sequences/rcsC_14.fa
2026/04/21 17:40:46 Running command: protein_alignment_from_nucleotides  -v  --mafft pan_genome_sequences/cheB_2.fa
2026/04/21 17:40:46 Running command: protein_alignment_from_nucleotides  -v  --mafft pan_genome_sequences/desA3.fa
2026/04/21 17:40:46 Running command: protein_alignment_from_nucleotides  -v  --mafft pan_genome_sequences/group_18368.fa
2026/04/21 17:40:46 Running command: protein_alignment_from_nucleotides  -v  --mafft pan_genome_sequences/mtgA.fa
2026/04/21 17:40:46 Running command: protein_alignment_from_nucleotides  -v  --mafft pan_genome_sequences/flgD.fa
2026/04/21 17:40:46 Running command: protein_alignment_from_nucleotides  -v  --mafft pan_genome_sequences/yraA.fa
2026/04/21 17:40:46 Running command: protein_alignment_from_nucleotides  -v  --mafft pan_genome_sequences/glcB.fa
2026/04/21 17:40:46 Running command: protein_alignment_from_nucleotides  -v  --mafft pan_genome_sequences/glnD.fa
2026/04/21 17:40:46 Running command: protein_alignment_from_nucleotides  -v  --mafft pan_genome_sequences/rnhA.fa
2026/04/21 17:40:46 Running command: protein_alignment_from_nucleotides  -v  --mafft pan_genome_sequences/group_18356.fa
2026/04/21 17:40:46 Running command: protein_alignment_from_nucleotides  -v  --mafft pan_genome_sequences/rnpA.fa
2026/04/21 17:40:46 Running command: protein_alignment_from_nucleotides  -v  --mafft pan_genome_sequences/yihG_2.fa
2026/04/21 17:40:46 Running command: protein_alignment_from_nucleotides  -v  --mafft pan_genome_sequences/hexR_2.fa
2026/04/21 17:40:46 Running command: protein_alignment_from_nucleotides  -v  --mafft pan_genome_sequences/group_2032.fa
2026/04/21 17:40:46 Running command: protein_alignment_from_nucleotides  -v  --mafft pan_genome_sequences/nadD_1.fa
2026/04/21 17:40:46 Running command: protein_alignment_from_nucleotides  -v  --mafft pan_genome_sequences/rsmH.fa
2026/04/21 17:40:46 Running command: protein_alignment_from_nucleotides  -v  --mafft pan_genome_sequences/rpsD.fa
2026/04/21 17:40:46 Running command: protein_alignment_from_nucleotides  -v  --mafft pan_genome_sequences/tig.fa
2026/04/21 17:40:46 Running command: protein_alignment_from_nucleotides  -v  --mafft pan_genome_sequences/group_4932.fa
2026/04/21 17:40:46 Running command: protein_alignment_from_nucleotides  -v  --mafft pan_genome_sequences/group_4252.fa
2026/04/21 17:40:46 Running command: protein_alignment_from_nucleotides  -v  --mafft pan_genome_sequences/dnaB.fa
2026/04/21 17:40:46 Running command: protein_alignment_from_nucleotides  -v  --mafft pan_genome_sequences/ttuD.fa
2026/04/21 17:40:46 Running command: protein_alignment_from_nucleotides  -v  --mafft pan_genome_sequences/crp.fa
2026/04/21 17:40:46 Running command: protein_alignment_from_nucleotides  -v  --mafft pan_genome_sequences/surA_1.fa
2026/04/21 17:40:46 Running command: protein_alignment_from_nucleotides  -v  --mafft pan_genome_sequences/glaR.fa
2026/04/21 17:40:46 Running command: protein_alignment_from_nucleotides  -v  --mafft pan_genome_sequences/group_5319.fa
2026/04/21 17:40:46 Running command: protein_alignment_from_nucleotides  -v  --mafft pan_genome_sequences/tag.fa
2026/04/21 17:40:46 Running command: protein_alignment_from_nucleotides  -v  --mafft pan_genome_sequences/petA.fa
2026/04/21 17:40:46 Running command: protein_alignment_from_nucleotides  -v  --mafft pan_genome_sequences/group_5236.fa
2026/04/21 17:40:46 Running command: protein_alignment_from_nucleotides  -v  --mafft pan_genome_sequences/group_2853.fa
2026/04/21 17:40:46 Running command: protein_alignment_from_nucleotides  -v  --mafft pan_genome_sequences/group_17895.fa
2026/04/21 17:40:46 Running command: protein_alignment_from_nucleotides  -v  --mafft pan_genome_sequences/pdeB_3.fa
2026/04/21 17:40:46 Running command: protein_alignment_from_nucleotides  -v  --mafft pan_genome_sequences/group_4459.fa
2026/04/21 17:40:46 Running command: protein_alignment_from_nucleotides  -v  --mafft pan_genome_sequences/lipB.fa
2026/04/21 17:40:46 Running command: protein_alignment_from_nucleotides  -v  --mafft pan_genome_sequences/trmD.fa
2026/04/21 17:40:46 Running command: protein_alignment_from_nucleotides  -v  --mafft pan_genome_sequences/group_6025.fa
2026/04/21 17:40:46 Running command: protein_alignment_from_nucleotides  -v  --mafft pan_genome_sequences/group_3117.fa
2026/04/21 17:40:46 Running command: protein_alignment_from_nucleotides  -v  --mafft pan_genome_sequences/kgtP_2.fa
2026/04/21 17:40:46 Running command: protein_alignment_from_nucleotides  -v  --mafft pan_genome_sequences/kdpE.fa
2026/04/21 17:40:46 Running command: protein_alignment_from_nucleotides  -v  --mafft pan_genome_sequences/group_3373.fa
2026/04/21 17:40:46 Running command: protein_alignment_from_nucleotides  -v  --mafft pan_genome_sequences/group_4371.fa
2026/04/21 17:40:46 Running command: protein_alignment_from_nucleotides  -v  --mafft pan_genome_sequences/group_3057.fa
2026/04/21 17:40:46 Running command: protein_alignment_from_nucleotides  -v  --mafft pan_genome_sequences/czcS_3.fa
2026/04/21 17:40:46 Running command: protein_alignment_from_nucleotides  -v  --mafft pan_genome_sequences/dsbE.fa
2026/04/21 17:40:46 Running command: protein_alignment_from_nucleotides  -v  --mafft pan_genome_sequences/carB.fa
2026/04/21 17:40:46 Running command: protein_alignment_from_nucleotides  -v  --mafft pan_genome_sequences/ahpC_1.fa
2026/04/21 17:40:46 Running command: protein_alignment_from_nucleotides  -v  --mafft pan_genome_sequences/cysG_3.fa
2026/04/21 17:40:46 Running command: protein_alignment_from_nucleotides  -v  --mafft pan_genome_sequences/rhaR_1.fa
2026/04/21 17:40:46 Running command: protein_alignment_from_nucleotides  -v  --mafft pan_genome_sequences/relA.fa
2026/04/21 17:40:46 Running command: protein_alignment_from_nucleotides  -v  --mafft pan_genome_sequences/ctaA.fa
2026/04/21 17:40:46 Running command: protein_alignment_from_nucleotides  -v  --mafft pan_genome_sequences/hemB.fa
2026/04/21 17:40:46 Running command: protein_alignment_from_nucleotides  -v  --mafft pan_genome_sequences/group_17180.fa
2026/04/21 17:40:46 Running command: protein_alignment_from_nucleotides  -v  --mafft pan_genome_sequences/oleD.fa
2026/04/21 17:40:46 Running command: protein_alignment_from_nucleotides  -v  --mafft pan_genome_sequences/group_17935.fa
2026/04/21 17:40:46 Running command: protein_alignment_from_nucleotides  -v  --mafft pan_genome_sequences/ettA.fa
2026/04/21 17:40:46 Running command: protein_alignment_from_nucleotides  -v  --mafft pan_genome_sequences/yeaD_2.fa
2026/04/21 17:40:46 Running command: protein_alignment_from_nucleotides  -v  --mafft pan_genome_sequences/azoR_1.fa
2026/04/21 17:40:46 Running command: protein_alignment_from_nucleotides  -v  --mafft pan_genome_sequences/group_17431.fa
2026/04/21 17:40:46 Running command: protein_alignment_from_nucleotides  -v  --mafft pan_genome_sequences/group_18478.fa
2026/04/21 17:40:46 Running command: protein_alignment_from_nucleotides  -v  --mafft pan_genome_sequences/gltR_2.fa
2026/04/21 17:40:46 Running command: protein_alignment_from_nucleotides  -v  --mafft pan_genome_sequences/ycaC_1.fa
2026/04/21 17:40:46 Running command: protein_alignment_from_nucleotides  -v  --mafft pan_genome_sequences/ihfB.fa
2026/04/21 17:40:46 Running command: protein_alignment_from_nucleotides  -v  --mafft pan_genome_sequences/hyi.fa
2026/04/21 17:40:46 Running command: protein_alignment_from_nucleotides  -v  --mafft pan_genome_sequences/fabG_10.fa
2026/04/21 17:40:46 Running command: protein_alignment_from_nucleotides  -v  --mafft pan_genome_sequences/group_2890.fa
2026/04/21 17:40:46 Running command: protein_alignment_from_nucleotides  -v  --mafft pan_genome_sequences/hslV.fa
2026/04/21 17:40:46 Running command: protein_alignment_from_nucleotides  -v  --mafft pan_genome_sequences/hcnB_1.fa
2026/04/21 17:40:46 Running command: protein_alignment_from_nucleotides  -v  --mafft pan_genome_sequences/yycB_3.fa
2026/04/21 17:40:46 Running command: protein_alignment_from_nucleotides  -v  --mafft pan_genome_sequences/groL.fa
2026/04/21 17:40:46 Running command: protein_alignment_from_nucleotides  -v  --mafft pan_genome_sequences/group_5680.fa
2026/04/21 17:40:46 Running command: protein_alignment_from_nucleotides  -v  --mafft pan_genome_sequences/argG.fa
2026/04/21 17:40:46 Running command: protein_alignment_from_nucleotides  -v  --mafft pan_genome_sequences/moaC.fa
2026/04/21 17:40:46 Running command: protein_alignment_from_nucleotides  -v  --mafft pan_genome_sequences/carA.fa
2026/04/21 17:40:46 Running command: protein_alignment_from_nucleotides  -v  --mafft pan_genome_sequences/group_17557.fa
2026/04/21 17:40:46 Running command: protein_alignment_from_nucleotides  -v  --mafft pan_genome_sequences/group_5150.fa
2026/04/21 17:40:46 Running command: protein_alignment_from_nucleotides  -v  --mafft pan_genome_sequences/group_2988.fa
2026/04/21 17:40:46 Running command: protein_alignment_from_nucleotides  -v  --mafft pan_genome_sequences/xseA.fa
2026/04/21 17:40:46 Running command: protein_alignment_from_nucleotides  -v  --mafft pan_genome_sequences/proS.fa
2026/04/21 17:40:46 Running command: protein_alignment_from_nucleotides  -v  --mafft pan_genome_sequences/group_4810.fa
2026/04/21 17:40:46 Running command: protein_alignment_from_nucleotides  -v  --mafft pan_genome_sequences/zur.fa
2026/04/21 17:40:46 Running command: protein_alignment_from_nucleotides  -v  --mafft pan_genome_sequences/ycnE.fa
2026/04/21 17:40:46 Running command: protein_alignment_from_nucleotides  -v  --mafft pan_genome_sequences/group_4741.fa
2026/04/21 17:40:46 Running command: protein_alignment_from_nucleotides  -v  --mafft pan_genome_sequences/fruA.fa
2026/04/21 17:40:46 Running command: protein_alignment_from_nucleotides  -v  --mafft pan_genome_sequences/lpxD_1.fa
2026/04/21 17:40:46 Running command: protein_alignment_from_nucleotides  -v  --mafft pan_genome_sequences/panC.fa
2026/04/21 17:40:46 Running command: protein_alignment_from_nucleotides  -v  --mafft pan_genome_sequences/priA.fa
2026/04/21 17:40:46 Running command: protein_alignment_from_nucleotides  -v  --mafft pan_genome_sequences/panD.fa
2026/04/21 17:40:46 Running command: protein_alignment_from_nucleotides  -v  --mafft pan_genome_sequences/fliY_2.fa
2026/04/21 17:40:46 Running command: protein_alignment_from_nucleotides  -v  --mafft pan_genome_sequences/cheD.fa
2026/04/21 17:40:46 Running command: protein_alignment_from_nucleotides  -v  --mafft pan_genome_sequences/group_4388.fa
2026/04/21 17:40:46 Running command: protein_alignment_from_nucleotides  -v  --mafft pan_genome_sequences/tatA.fa
2026/04/21 17:40:46 Running command: protein_alignment_from_nucleotides  -v  --mafft pan_genome_sequences/group_17274.fa
2026/04/21 17:40:46 Running command: protein_alignment_from_nucleotides  -v  --mafft pan_genome_sequences/cbdB.fa
2026/04/21 17:40:46 Running command: protein_alignment_from_nucleotides  -v  --mafft pan_genome_sequences/nth.fa
2026/04/21 17:40:46 Running command: protein_alignment_from_nucleotides  -v  --mafft pan_genome_sequences/group_2331.fa
2026/04/21 17:40:46 Running command: protein_alignment_from_nucleotides  -v  --mafft pan_genome_sequences/hldE.fa
2026/04/21 17:40:46 Running command: protein_alignment_from_nucleotides  -v  --mafft pan_genome_sequences/group_3801.fa
2026/04/21 17:40:46 Running command: protein_alignment_from_nucleotides  -v  --mafft pan_genome_sequences/group_5345.fa
2026/04/21 17:40:46 Running command: protein_alignment_from_nucleotides  -v  --mafft pan_genome_sequences/nusA.fa
2026/04/21 17:40:46 Running command: protein_alignment_from_nucleotides  -v  --mafft pan_genome_sequences/kduD.fa
2026/04/21 17:40:46 Running command: protein_alignment_from_nucleotides  -v  --mafft pan_genome_sequences/group_18030.fa
2026/04/21 17:40:46 Running command: protein_alignment_from_nucleotides  -v  --mafft pan_genome_sequences/catI.fa
2026/04/21 17:40:46 Running command: protein_alignment_from_nucleotides  -v  --mafft pan_genome_sequences/frr.fa
2026/04/21 17:40:46 Running command: protein_alignment_from_nucleotides  -v  --mafft pan_genome_sequences/ptsH.fa
2026/04/21 17:40:46 Running command: protein_alignment_from_nucleotides  -v  --mafft pan_genome_sequences/group_5991.fa
2026/04/21 17:40:46 Running command: protein_alignment_from_nucleotides  -v  --mafft pan_genome_sequences/znuB_2.fa
2026/04/21 17:40:46 Running command: protein_alignment_from_nucleotides  -v  --mafft pan_genome_sequences/ahpC_3.fa
2026/04/21 17:40:46 Running command: protein_alignment_from_nucleotides  -v  --mafft pan_genome_sequences/rssB_3.fa
2026/04/21 17:40:46 Running command: protein_alignment_from_nucleotides  -v  --mafft pan_genome_sequences/group_18174.fa
2026/04/21 17:40:46 Running command: protein_alignment_from_nucleotides  -v  --mafft pan_genome_sequences/glpQ_1.fa
2026/04/21 17:40:46 Running command: protein_alignment_from_nucleotides  -v  --mafft pan_genome_sequences/group_4888.fa
2026/04/21 17:40:46 Running command: protein_alignment_from_nucleotides  -v  --mafft pan_genome_sequences/group_6887.fa
2026/04/21 17:40:46 Running command: protein_alignment_from_nucleotides  -v  --mafft pan_genome_sequences/ispU.fa
2026/04/21 17:40:46 Running command: protein_alignment_from_nucleotides  -v  --mafft pan_genome_sequences/purB_2.fa
2026/04/21 17:40:46 Running command: protein_alignment_from_nucleotides  -v  --mafft pan_genome_sequences/cobS.fa
2026/04/21 17:40:46 Running command: protein_alignment_from_nucleotides  -v  --mafft pan_genome_sequences/nudC_2.fa
2026/04/21 17:40:46 Running command: protein_alignment_from_nucleotides  -v  --mafft pan_genome_sequences/artJ.fa
2026/04/21 17:40:46 Running command: protein_alignment_from_nucleotides  -v  --mafft pan_genome_sequences/htpG_1.fa
2026/04/21 17:40:46 Running command: protein_alignment_from_nucleotides  -v  --mafft pan_genome_sequences/rlmA.fa
2026/04/21 17:40:46 Running command: protein_alignment_from_nucleotides  -v  --mafft pan_genome_sequences/group_5734.fa
2026/04/21 17:40:46 Running command: protein_alignment_from_nucleotides  -v  --mafft pan_genome_sequences/group_2456.fa
2026/04/21 17:40:46 Running command: protein_alignment_from_nucleotides  -v  --mafft pan_genome_sequences/group_4830.fa
2026/04/21 17:40:46 Running command: protein_alignment_from_nucleotides  -v  --mafft pan_genome_sequences/yacG.fa
2026/04/21 17:40:46 Running command: protein_alignment_from_nucleotides  -v  --mafft pan_genome_sequences/rhaR_4.fa
2026/04/21 17:40:46 Running command: protein_alignment_from_nucleotides  -v  --mafft pan_genome_sequences/group_5271.fa
2026/04/21 17:40:46 Running command: protein_alignment_from_nucleotides  -v  --mafft pan_genome_sequences/group_4948.fa
2026/04/21 17:40:46 Running command: protein_alignment_from_nucleotides  -v  --mafft pan_genome_sequences/aguA.fa
2026/04/21 17:40:46 Running command: protein_alignment_from_nucleotides  -v  --mafft pan_genome_sequences/group_6855.fa
2026/04/21 17:40:46 Running command: protein_alignment_from_nucleotides  -v  --mafft pan_genome_sequences/hdfR_1.fa
2026/04/21 17:40:46 Running command: protein_alignment_from_nucleotides  -v  --mafft pan_genome_sequences/norR_1.fa
2026/04/21 17:40:46 Running command: protein_alignment_from_nucleotides  -v  --mafft pan_genome_sequences/nadE_2.fa
2026/04/21 17:40:46 Running command: protein_alignment_from_nucleotides  -v  --mafft pan_genome_sequences/acs_2.fa
2026/04/21 17:40:46 Running command: protein_alignment_from_nucleotides  -v  --mafft pan_genome_sequences/dapb1.fa
2026/04/21 17:40:46 Running command: protein_alignment_from_nucleotides  -v  --mafft pan_genome_sequences/group_2567.fa
2026/04/21 17:40:46 Running command: protein_alignment_from_nucleotides  -v  --mafft pan_genome_sequences/group_2248.fa
2026/04/21 17:40:46 Running command: protein_alignment_from_nucleotides  -v  --mafft pan_genome_sequences/group_18226.fa
2026/04/21 17:40:46 Running command: protein_alignment_from_nucleotides  -v  --mafft pan_genome_sequences/rnk.fa
2026/04/21 17:40:46 Running command: protein_alignment_from_nucleotides  -v  --mafft pan_genome_sequences/group_5756.fa
2026/04/21 17:40:46 Running command: protein_alignment_from_nucleotides  -v  --mafft pan_genome_sequences/group_4370.fa
2026/04/21 17:40:46 Running command: protein_alignment_from_nucleotides  -v  --mafft pan_genome_sequences/cynR_2.fa
2026/04/21 17:40:46 Running command: protein_alignment_from_nucleotides  -v  --mafft pan_genome_sequences/group_3368.fa
2026/04/21 17:40:46 Running command: protein_alignment_from_nucleotides  -v  --mafft pan_genome_sequences/gbpR_3.fa
2026/04/21 17:40:46 Running command: protein_alignment_from_nucleotides  -v  --mafft pan_genome_sequences/group_18248.fa
2026/04/21 17:40:46 Running command: protein_alignment_from_nucleotides  -v  --mafft pan_genome_sequences/group_3417.fa
2026/04/21 17:40:46 Running command: protein_alignment_from_nucleotides  -v  --mafft pan_genome_sequences/group_18538.fa
2026/04/21 17:40:46 Running command: protein_alignment_from_nucleotides  -v  --mafft pan_genome_sequences/yrdA_2.fa
2026/04/21 17:40:46 Running command: protein_alignment_from_nucleotides  -v  --mafft pan_genome_sequences/otnI.fa
2026/04/21 17:40:46 Running command: protein_alignment_from_nucleotides  -v  --mafft pan_genome_sequences/sucC.fa
2026/04/21 17:40:46 Running command: protein_alignment_from_nucleotides  -v  --mafft pan_genome_sequences/group_17856.fa
2026/04/21 17:40:46 Running command: protein_alignment_from_nucleotides  -v  --mafft pan_genome_sequences/pyrH.fa
2026/04/21 17:40:46 Running command: protein_alignment_from_nucleotides  -v  --mafft pan_genome_sequences/pcnB.fa
2026/04/21 17:40:46 Running command: protein_alignment_from_nucleotides  -v  --mafft pan_genome_sequences/group_2026.fa
2026/04/21 17:40:46 Running command: protein_alignment_from_nucleotides  -v  --mafft pan_genome_sequences/cbiD.fa
2026/04/21 17:40:46 Running command: protein_alignment_from_nucleotides  -v  --mafft pan_genome_sequences/rlmL_2.fa
2026/04/21 17:40:46 Running command: protein_alignment_from_nucleotides  -v  --mafft pan_genome_sequences/yofA_3.fa
2026/04/21 17:40:46 Running command: protein_alignment_from_nucleotides  -v  --mafft pan_genome_sequences/pdtaR.fa
2026/04/21 17:40:46 Running command: protein_alignment_from_nucleotides  -v  --mafft pan_genome_sequences/putP_1.fa
2026/04/21 17:40:46 Running command: protein_alignment_from_nucleotides  -v  --mafft pan_genome_sequences/cdhR_5.fa
2026/04/21 17:40:46 Running command: protein_alignment_from_nucleotides  -v  --mafft pan_genome_sequences/dsrF.fa
2026/04/21 17:40:46 Running command: protein_alignment_from_nucleotides  -v  --mafft pan_genome_sequences/nagZ.fa
2026/04/21 17:40:46 Running command: protein_alignment_from_nucleotides  -v  --mafft pan_genome_sequences/recJ.fa
2026/04/21 17:40:46 Running command: protein_alignment_from_nucleotides  -v  --mafft pan_genome_sequences/gltD_1.fa
2026/04/21 17:40:46 Running command: protein_alignment_from_nucleotides  -v  --mafft pan_genome_sequences/group_1103.fa
2026/04/21 17:40:46 Running command: protein_alignment_from_nucleotides  -v  --mafft pan_genome_sequences/group_5380.fa
2026/04/21 17:40:46 Running command: protein_alignment_from_nucleotides  -v  --mafft pan_genome_sequences/group_4226.fa
2026/04/21 17:40:46 Running command: protein_alignment_from_nucleotides  -v  --mafft pan_genome_sequences/group_5624.fa
2026/04/21 17:40:46 Running command: protein_alignment_from_nucleotides  -v  --mafft pan_genome_sequences/livF_2.fa
2026/04/21 17:40:46 Running command: protein_alignment_from_nucleotides  -v  --mafft pan_genome_sequences/group_18072.fa
2026/04/21 17:40:46 Running command: protein_alignment_from_nucleotides  -v  --mafft pan_genome_sequences/purU_1.fa
2026/04/21 17:40:46 Running command: protein_alignment_from_nucleotides  -v  --mafft pan_genome_sequences/cpdA_1.fa
2026/04/21 17:40:46 Running command: protein_alignment_from_nucleotides  -v  --mafft pan_genome_sequences/group_5508.fa
2026/04/21 17:40:46 Running command: protein_alignment_from_nucleotides  -v  --mafft pan_genome_sequences/accA1_1.fa
2026/04/21 17:40:46 Running command: protein_alignment_from_nucleotides  -v  --mafft pan_genome_sequences/acs_1.fa
2026/04/21 17:40:46 Running command: protein_alignment_from_nucleotides  -v  --mafft pan_genome_sequences/pdhR.fa
2026/04/21 17:40:46 Running command: protein_alignment_from_nucleotides  -v  --mafft pan_genome_sequences/ureD.fa
2026/04/21 17:40:46 Running command: protein_alignment_from_nucleotides  -v  --mafft pan_genome_sequences/speA.fa
2026/04/21 17:40:46 Running command: protein_alignment_from_nucleotides  -v  --mafft pan_genome_sequences/ureF.fa
2026/04/21 17:40:46 Running command: protein_alignment_from_nucleotides  -v  --mafft pan_genome_sequences/ivy_2.fa
2026/04/21 17:40:46 Running command: protein_alignment_from_nucleotides  -v  --mafft pan_genome_sequences/tsf.fa
2026/04/21 17:40:46 Running command: protein_alignment_from_nucleotides  -v  --mafft pan_genome_sequences/group_17720.fa
2026/04/21 17:40:46 Running command: protein_alignment_from_nucleotides  -v  --mafft pan_genome_sequences/metH.fa
2026/04/21 17:40:46 Running command: protein_alignment_from_nucleotides  -v  --mafft pan_genome_sequences/group_17877.fa
2026/04/21 17:40:46 Running command: protein_alignment_from_nucleotides  -v  --mafft pan_genome_sequences/group_4391.fa
2026/04/21 17:40:46 Running command: protein_alignment_from_nucleotides  -v  --mafft pan_genome_sequences/group_5975.fa
2026/04/21 17:40:46 Running command: protein_alignment_from_nucleotides  -v  --mafft pan_genome_sequences/group_2226.fa
2026/04/21 17:40:46 Running command: protein_alignment_from_nucleotides  -v  --mafft pan_genome_sequences/group_17900.fa
2026/04/21 17:40:46 Running command: protein_alignment_from_nucleotides  -v  --mafft pan_genome_sequences/srlR.fa
2026/04/21 17:40:46 Running command: protein_alignment_from_nucleotides  -v  --mafft pan_genome_sequences/yeaD_1.fa
2026/04/21 17:40:46 Running command: protein_alignment_from_nucleotides  -v  --mafft pan_genome_sequences/group_5131.fa
2026/04/21 17:40:46 Running command: protein_alignment_from_nucleotides  -v  --mafft pan_genome_sequences/dsdX.fa
2026/04/21 17:40:46 Running command: protein_alignment_from_nucleotides  -v  --mafft pan_genome_sequences/group_4210.fa
2026/04/21 17:40:46 Running command: protein_alignment_from_nucleotides  -v  --mafft pan_genome_sequences/group_4687.fa
2026/04/21 17:40:46 Running command: protein_alignment_from_nucleotides  -v  --mafft pan_genome_sequences/zupT.fa
2026/04/21 17:40:46 Running command: protein_alignment_from_nucleotides  -v  --mafft pan_genome_sequences/erpA.fa
2026/04/21 17:40:46 Running command: protein_alignment_from_nucleotides  -v  --mafft pan_genome_sequences/apeB.fa
2026/04/21 17:40:46 Running command: protein_alignment_from_nucleotides  -v  --mafft pan_genome_sequences/lepB_1.fa
2026/04/21 17:40:46 Running command: protein_alignment_from_nucleotides  -v  --mafft pan_genome_sequences/entS_1.fa
2026/04/21 17:40:46 Running command: protein_alignment_from_nucleotides  -v  --mafft pan_genome_sequences/pcaH.fa
2026/04/21 17:40:46 Running command: protein_alignment_from_nucleotides  -v  --mafft pan_genome_sequences/pchB.fa
2026/04/21 17:40:46 Running command: protein_alignment_from_nucleotides  -v  --mafft pan_genome_sequences/mutM.fa
2026/04/21 17:40:46 Running command: protein_alignment_from_nucleotides  -v  --mafft pan_genome_sequences/ubiJ_1.fa
2026/04/21 17:40:46 Running command: protein_alignment_from_nucleotides  -v  --mafft pan_genome_sequences/murG.fa
2026/04/21 17:40:46 Running command: protein_alignment_from_nucleotides  -v  --mafft pan_genome_sequences/group_5753.fa
2026/04/21 17:40:46 Running command: protein_alignment_from_nucleotides  -v  --mafft pan_genome_sequences/pcaK_1.fa
2026/04/21 17:40:46 Running command: protein_alignment_from_nucleotides  -v  --mafft pan_genome_sequences/acrC_2.fa
2026/04/21 17:40:46 Running command: protein_alignment_from_nucleotides  -v  --mafft pan_genome_sequences/group_17963.fa
2026/04/21 17:40:46 Running command: protein_alignment_from_nucleotides  -v  --mafft pan_genome_sequences/group_2460.fa
2026/04/21 17:40:46 Running command: protein_alignment_from_nucleotides  -v  --mafft pan_genome_sequences/hupB_2.fa
2026/04/21 17:40:46 Running command: protein_alignment_from_nucleotides  -v  --mafft pan_genome_sequences/yieH.fa
2026/04/21 17:40:46 Running command: protein_alignment_from_nucleotides  -v  --mafft pan_genome_sequences/group_5373.fa
2026/04/21 17:40:46 Running command: protein_alignment_from_nucleotides  -v  --mafft pan_genome_sequences/icd_1.fa
2026/04/21 17:40:46 Running command: protein_alignment_from_nucleotides  -v  --mafft pan_genome_sequences/mreD.fa
2026/04/21 17:40:46 Running command: protein_alignment_from_nucleotides  -v  --mafft pan_genome_sequences/motA.fa
2026/04/21 17:40:46 Running command: protein_alignment_from_nucleotides  -v  --mafft pan_genome_sequences/group_5801.fa
2026/04/21 17:40:46 Running command: protein_alignment_from_nucleotides  -v  --mafft pan_genome_sequences/rhtB_3.fa
2026/04/21 17:40:46 Running command: protein_alignment_from_nucleotides  -v  --mafft pan_genome_sequences/group_4291.fa
2026/04/21 17:40:46 Running command: protein_alignment_from_nucleotides  -v  --mafft pan_genome_sequences/mreB.fa
2026/04/21 17:40:46 Running command: protein_alignment_from_nucleotides  -v  --mafft pan_genome_sequences/group_4974.fa
2026/04/21 17:40:46 Running command: protein_alignment_from_nucleotides  -v  --mafft pan_genome_sequences/group_4791.fa
2026/04/21 17:40:46 Running command: protein_alignment_from_nucleotides  -v  --mafft pan_genome_sequences/group_5740.fa
2026/04/21 17:40:46 Running command: protein_alignment_from_nucleotides  -v  --mafft pan_genome_sequences/lolB.fa
2026/04/21 17:40:46 Running command: protein_alignment_from_nucleotides  -v  --mafft pan_genome_sequences/btuF_1.fa
2026/04/21 17:40:46 Running command: protein_alignment_from_nucleotides  -v  --mafft pan_genome_sequences/pntA.fa
2026/04/21 17:40:46 Running command: protein_alignment_from_nucleotides  -v  --mafft pan_genome_sequences/damX.fa
2026/04/21 17:40:46 Running command: protein_alignment_from_nucleotides  -v  --mafft pan_genome_sequences/group_18610.fa
2026/04/21 17:40:46 Running command: protein_alignment_from_nucleotides  -v  --mafft pan_genome_sequences/napC.fa
2026/04/21 17:40:46 Running command: protein_alignment_from_nucleotides  -v  --mafft pan_genome_sequences/group_5230.fa
2026/04/21 17:40:46 Running command: protein_alignment_from_nucleotides  -v  --mafft pan_genome_sequences/group_5263.fa
2026/04/21 17:40:46 Running command: protein_alignment_from_nucleotides  -v  --mafft pan_genome_sequences/group_3016.fa
2026/04/21 17:40:46 Running command: protein_alignment_from_nucleotides  -v  --mafft pan_genome_sequences/group_17968.fa
2026/04/21 17:40:46 Running command: protein_alignment_from_nucleotides  -v  --mafft pan_genome_sequences/narV.fa
2026/04/21 17:40:46 Running command: protein_alignment_from_nucleotides  -v  --mafft pan_genome_sequences/group_3623.fa
2026/04/21 17:40:46 Running command: protein_alignment_from_nucleotides  -v  --mafft pan_genome_sequences/aqpZ.fa
2026/04/21 17:40:46 Running command: protein_alignment_from_nucleotides  -v  --mafft pan_genome_sequences/rfbA.fa
2026/04/21 17:40:46 Running command: protein_alignment_from_nucleotides  -v  --mafft pan_genome_sequences/group_4827.fa
2026/04/21 17:40:46 Running command: protein_alignment_from_nucleotides  -v  --mafft pan_genome_sequences/group_17869.fa
2026/04/21 17:40:46 Running command: protein_alignment_from_nucleotides  -v  --mafft pan_genome_sequences/fadH_2.fa
2026/04/21 17:40:46 Running command: protein_alignment_from_nucleotides  -v  --mafft pan_genome_sequences/czcR_3.fa
2026/04/21 17:40:46 Running command: protein_alignment_from_nucleotides  -v  --mafft pan_genome_sequences/group_4786.fa
2026/04/21 17:40:46 Running command: protein_alignment_from_nucleotides  -v  --mafft pan_genome_sequences/group_5673.fa
2026/04/21 17:40:46 Running command: protein_alignment_from_nucleotides  -v  --mafft pan_genome_sequences/artQ.fa
2026/04/21 17:40:46 Running command: protein_alignment_from_nucleotides  -v  --mafft pan_genome_sequences/group_5367.fa
2026/04/21 17:40:46 Running command: protein_alignment_from_nucleotides  -v  --mafft pan_genome_sequences/group_715.fa
2026/04/21 17:40:46 Running command: protein_alignment_from_nucleotides  -v  --mafft pan_genome_sequences/group_4560.fa
2026/04/21 17:40:46 Running command: protein_alignment_from_nucleotides  -v  --mafft pan_genome_sequences/group_17945.fa
2026/04/21 17:40:46 Running command: protein_alignment_from_nucleotides  -v  --mafft pan_genome_sequences/oprD_1.fa
2026/04/21 17:40:46 Running command: protein_alignment_from_nucleotides  -v  --mafft pan_genome_sequences/group_17671.fa
2026/04/21 17:40:46 Running command: protein_alignment_from_nucleotides  -v  --mafft pan_genome_sequences/pgk.fa
2026/04/21 17:40:46 Running command: protein_alignment_from_nucleotides  -v  --mafft pan_genome_sequences/cobI.fa
2026/04/21 17:40:46 Running command: protein_alignment_from_nucleotides  -v  --mafft pan_genome_sequences/ftsQ.fa
2026/04/21 17:40:46 Running command: protein_alignment_from_nucleotides  -v  --mafft pan_genome_sequences/group_4892.fa
2026/04/21 17:40:46 Running command: protein_alignment_from_nucleotides  -v  --mafft pan_genome_sequences/purT.fa
2026/04/21 17:40:46 Running command: protein_alignment_from_nucleotides  -v  --mafft pan_genome_sequences/maeA.fa
2026/04/21 17:40:46 Running command: protein_alignment_from_nucleotides  -v  --mafft pan_genome_sequences/dapA_3.fa
2026/04/21 17:40:46 Running command: protein_alignment_from_nucleotides  -v  --mafft pan_genome_sequences/oxyR_2.fa
2026/04/21 17:40:46 Running command: protein_alignment_from_nucleotides  -v  --mafft pan_genome_sequences/cynR_1.fa
2026/04/21 17:40:46 Running command: protein_alignment_from_nucleotides  -v  --mafft pan_genome_sequences/orn.fa
2026/04/21 17:40:46 Running command: protein_alignment_from_nucleotides  -v  --mafft pan_genome_sequences/rimM.fa
2026/04/21 17:40:46 Running command: protein_alignment_from_nucleotides  -v  --mafft pan_genome_sequences/algL.fa
2026/04/21 17:40:46 Running command: protein_alignment_from_nucleotides  -v  --mafft pan_genome_sequences/dapD.fa
2026/04/21 17:40:46 Running command: protein_alignment_from_nucleotides  -v  --mafft pan_genome_sequences/phoU.fa
2026/04/21 17:40:46 Running command: protein_alignment_from_nucleotides  -v  --mafft pan_genome_sequences/rfaC.fa
2026/04/21 17:40:46 Running command: protein_alignment_from_nucleotides  -v  --mafft pan_genome_sequences/dapA_1.fa
2026/04/21 17:40:46 Running command: protein_alignment_from_nucleotides  -v  --mafft pan_genome_sequences/ftsE.fa
2026/04/21 17:40:46 Running command: protein_alignment_from_nucleotides  -v  --mafft pan_genome_sequences/hisA.fa
2026/04/21 17:40:46 Running command: protein_alignment_from_nucleotides  -v  --mafft pan_genome_sequences/walR_2.fa
2026/04/21 17:40:46 Running command: protein_alignment_from_nucleotides  -v  --mafft pan_genome_sequences/corA.fa
2026/04/21 17:40:46 Running command: protein_alignment_from_nucleotides  -v  --mafft pan_genome_sequences/rlpA_1.fa
2026/04/21 17:40:46 Running command: protein_alignment_from_nucleotides  -v  --mafft pan_genome_sequences/rnd.fa
2026/04/21 17:40:46 Running command: protein_alignment_from_nucleotides  -v  --mafft pan_genome_sequences/group_3755.fa
2026/04/21 17:40:46 Running command: protein_alignment_from_nucleotides  -v  --mafft pan_genome_sequences/argP_5.fa
2026/04/21 17:40:46 Running command: protein_alignment_from_nucleotides  -v  --mafft pan_genome_sequences/crt_4.fa
2026/04/21 17:40:46 Running command: protein_alignment_from_nucleotides  -v  --mafft pan_genome_sequences/group_1082.fa
2026/04/21 17:40:46 Running command: protein_alignment_from_nucleotides  -v  --mafft pan_genome_sequences/tyrB.fa
2026/04/21 17:40:46 Running command: protein_alignment_from_nucleotides  -v  --mafft pan_genome_sequences/puuR_3.fa
2026/04/21 17:40:46 Running command: protein_alignment_from_nucleotides  -v  --mafft pan_genome_sequences/dxs.fa
2026/04/21 17:40:46 Running command: protein_alignment_from_nucleotides  -v  --mafft pan_genome_sequences/cheR1.fa
2026/04/21 17:40:46 Running command: protein_alignment_from_nucleotides  -v  --mafft pan_genome_sequences/group_5525.fa
2026/04/21 17:40:46 Running command: protein_alignment_from_nucleotides  -v  --mafft pan_genome_sequences/eno.fa
2026/04/21 17:40:46 Running command: protein_alignment_from_nucleotides  -v  --mafft pan_genome_sequences/group_17225.fa
2026/04/21 17:40:46 Running command: protein_alignment_from_nucleotides  -v  --mafft pan_genome_sequences/cpdA_2.fa
2026/04/21 17:40:46 Running command: protein_alignment_from_nucleotides  -v  --mafft pan_genome_sequences/group_18294.fa
2026/04/21 17:40:46 Running command: protein_alignment_from_nucleotides  -v  --mafft pan_genome_sequences/purD.fa
2026/04/21 17:40:46 Running command: protein_alignment_from_nucleotides  -v  --mafft pan_genome_sequences/group_4665.fa
2026/04/21 17:40:46 Running command: protein_alignment_from_nucleotides  -v  --mafft pan_genome_sequences/recR.fa
2026/04/21 17:40:46 Running command: protein_alignment_from_nucleotides  -v  --mafft pan_genome_sequences/group_4645.fa
2026/04/21 17:40:46 Running command: protein_alignment_from_nucleotides  -v  --mafft pan_genome_sequences/blc.fa
2026/04/21 17:40:46 Running command: protein_alignment_from_nucleotides  -v  --mafft pan_genome_sequences/group_3232.fa
2026/04/21 17:40:46 Running command: protein_alignment_from_nucleotides  -v  --mafft pan_genome_sequences/dsrE.fa
2026/04/21 17:40:46 Running command: protein_alignment_from_nucleotides  -v  --mafft pan_genome_sequences/group_5668.fa
2026/04/21 17:40:46 Running command: protein_alignment_from_nucleotides  -v  --mafft pan_genome_sequences/sdhA.fa
2026/04/21 17:40:46 Running command: protein_alignment_from_nucleotides  -v  --mafft pan_genome_sequences/cysT.fa
2026/04/21 17:40:46 Running command: protein_alignment_from_nucleotides  -v  --mafft pan_genome_sequences/metN_2.fa
2026/04/21 17:40:46 Running command: protein_alignment_from_nucleotides  -v  --mafft pan_genome_sequences/group_6063.fa
2026/04/21 17:40:46 Running command: protein_alignment_from_nucleotides  -v  --mafft pan_genome_sequences/mltF_3.fa
2026/04/21 17:40:46 Running command: protein_alignment_from_nucleotides  -v  --mafft pan_genome_sequences/proP_4.fa
2026/04/21 17:40:46 Running command: protein_alignment_from_nucleotides  -v  --mafft pan_genome_sequences/benM_4.fa
2026/04/21 17:40:46 Running command: protein_alignment_from_nucleotides  -v  --mafft pan_genome_sequences/group_4647.fa
2026/04/21 17:40:46 Running command: protein_alignment_from_nucleotides  -v  --mafft pan_genome_sequences/ureG.fa
2026/04/21 17:40:46 Running command: protein_alignment_from_nucleotides  -v  --mafft pan_genome_sequences/ccoP1.fa
2026/04/21 17:40:46 Running command: protein_alignment_from_nucleotides  -v  --mafft pan_genome_sequences/argB.fa
2026/04/21 17:40:46 Running command: protein_alignment_from_nucleotides  -v  --mafft pan_genome_sequences/dsdA.fa
2026/04/21 17:40:46 Running command: protein_alignment_from_nucleotides  -v  --mafft pan_genome_sequences/ydgC.fa
2026/04/21 17:40:46 Running command: protein_alignment_from_nucleotides  -v  --mafft pan_genome_sequences/ydhP_2.fa
2026/04/21 17:40:46 Running command: protein_alignment_from_nucleotides  -v  --mafft pan_genome_sequences/lplT.fa
2026/04/21 17:40:46 Running command: protein_alignment_from_nucleotides  -v  --mafft pan_genome_sequences/fliF.fa
2026/04/21 17:40:46 Running command: protein_alignment_from_nucleotides  -v  --mafft pan_genome_sequences/pepA.fa
2026/04/21 17:40:46 Running command: protein_alignment_from_nucleotides  -v  --mafft pan_genome_sequences/cmoB.fa
2026/04/21 17:40:46 Running command: protein_alignment_from_nucleotides  -v  --mafft pan_genome_sequences/group_17546.fa
2026/04/21 17:40:46 Running command: protein_alignment_from_nucleotides  -v  --mafft pan_genome_sequences/accA1_2.fa
2026/04/21 17:40:46 Running command: protein_alignment_from_nucleotides  -v  --mafft pan_genome_sequences/flhF.fa
2026/04/21 17:40:46 Running command: protein_alignment_from_nucleotides  -v  --mafft pan_genome_sequences/gltJ_2.fa
2026/04/21 17:40:46 Running command: protein_alignment_from_nucleotides  -v  --mafft pan_genome_sequences/aaeB_6.fa
2026/04/21 17:40:46 Running command: protein_alignment_from_nucleotides  -v  --mafft pan_genome_sequences/group_18401.fa
2026/04/21 17:40:46 Running command: protein_alignment_from_nucleotides  -v  --mafft pan_genome_sequences/yibN.fa
2026/04/21 17:40:46 Running command: protein_alignment_from_nucleotides  -v  --mafft pan_genome_sequences/group_17994.fa
2026/04/21 17:40:46 Running command: protein_alignment_from_nucleotides  -v  --mafft pan_genome_sequences/osmX.fa
2026/04/21 17:40:46 Running command: protein_alignment_from_nucleotides  -v  --mafft pan_genome_sequences/yfcG_3.fa
2026/04/21 17:40:46 Running command: protein_alignment_from_nucleotides  -v  --mafft pan_genome_sequences/group_17934.fa
2026/04/21 17:40:46 Running command: protein_alignment_from_nucleotides  -v  --mafft pan_genome_sequences/sdhC.fa
2026/04/21 17:40:46 Running command: protein_alignment_from_nucleotides  -v  --mafft pan_genome_sequences/group_1504.fa
2026/04/21 17:40:46 Running command: protein_alignment_from_nucleotides  -v  --mafft pan_genome_sequences/group_18053.fa
2026/04/21 17:40:46 Running command: protein_alignment_from_nucleotides  -v  --mafft pan_genome_sequences/group_5543.fa
2026/04/21 17:40:46 Running command: protein_alignment_from_nucleotides  -v  --mafft pan_genome_sequences/purF.fa
2026/04/21 17:40:46 Running command: protein_alignment_from_nucleotides  -v  --mafft pan_genome_sequences/oprP.fa
2026/04/21 17:40:46 Running command: protein_alignment_from_nucleotides  -v  --mafft pan_genome_sequences/group_5829.fa
2026/04/21 17:40:46 Running command: protein_alignment_from_nucleotides  -v  --mafft pan_genome_sequences/aroK.fa
2026/04/21 17:40:46 Running command: protein_alignment_from_nucleotides  -v  --mafft pan_genome_sequences/argA.fa
2026/04/21 17:40:46 Running command: protein_alignment_from_nucleotides  -v  --mafft pan_genome_sequences/rlmL_1.fa
2026/04/21 17:40:46 Running command: protein_alignment_from_nucleotides  -v  --mafft pan_genome_sequences/gltC_3.fa
2026/04/21 17:40:46 Running command: protein_alignment_from_nucleotides  -v  --mafft pan_genome_sequences/yqjG.fa
2026/04/21 17:40:46 Running command: protein_alignment_from_nucleotides  -v  --mafft pan_genome_sequences/group_5971.fa
2026/04/21 17:40:46 Running command: protein_alignment_from_nucleotides  -v  --mafft pan_genome_sequences/group_6122.fa
2026/04/21 17:40:46 Running command: protein_alignment_from_nucleotides  -v  --mafft pan_genome_sequences/hpt.fa
2026/04/21 17:40:46 Running command: protein_alignment_from_nucleotides  -v  --mafft pan_genome_sequences/group_17162.fa
2026/04/21 17:40:46 Running command: protein_alignment_from_nucleotides  -v  --mafft pan_genome_sequences/group_18110.fa
2026/04/21 17:40:46 Running command: protein_alignment_from_nucleotides  -v  --mafft pan_genome_sequences/group_4295.fa
2026/04/21 17:40:46 Running command: protein_alignment_from_nucleotides  -v  --mafft pan_genome_sequences/codA.fa
2026/04/21 17:40:46 Running command: protein_alignment_from_nucleotides  -v  --mafft pan_genome_sequences/xcpT_3.fa
2026/04/21 17:40:46 Running command: protein_alignment_from_nucleotides  -v  --mafft pan_genome_sequences/thiD.fa
2026/04/21 17:40:46 Running command: protein_alignment_from_nucleotides  -v  --mafft pan_genome_sequences/ispB.fa
2026/04/21 17:40:46 Running command: protein_alignment_from_nucleotides  -v  --mafft pan_genome_sequences/group_4681.fa
2026/04/21 17:40:46 Running command: protein_alignment_from_nucleotides  -v  --mafft pan_genome_sequences/flgC.fa
2026/04/21 17:40:46 Running command: protein_alignment_from_nucleotides  -v  --mafft pan_genome_sequences/argE_1.fa
2026/04/21 17:40:46 Running command: protein_alignment_from_nucleotides  -v  --mafft pan_genome_sequences/speH.fa
2026/04/21 17:40:46 Running command: protein_alignment_from_nucleotides  -v  --mafft pan_genome_sequences/group_3151.fa
2026/04/21 17:40:46 Running command: protein_alignment_from_nucleotides  -v  --mafft pan_genome_sequences/fieF.fa
2026/04/21 17:40:46 Running command: protein_alignment_from_nucleotides  -v  --mafft pan_genome_sequences/group_3409.fa
2026/04/21 17:40:46 Running command: protein_alignment_from_nucleotides  -v  --mafft pan_genome_sequences/group_2950.fa
2026/04/21 17:40:46 Running command: protein_alignment_from_nucleotides  -v  --mafft pan_genome_sequences/nqrA.fa
2026/04/21 17:40:46 Running command: protein_alignment_from_nucleotides  -v  --mafft pan_genome_sequences/nhaP.fa
2026/04/21 17:40:46 Running command: protein_alignment_from_nucleotides  -v  --mafft pan_genome_sequences/lpxA.fa
2026/04/21 17:40:46 Running command: protein_alignment_from_nucleotides  -v  --mafft pan_genome_sequences/narX.fa
2026/04/21 17:40:46 Running command: protein_alignment_from_nucleotides  -v  --mafft pan_genome_sequences/pheA.fa
2026/04/21 17:40:46 Running command: protein_alignment_from_nucleotides  -v  --mafft pan_genome_sequences/bepR.fa
2026/04/21 17:40:46 Running command: protein_alignment_from_nucleotides  -v  --mafft pan_genome_sequences/dmlR_3.fa
2026/04/21 17:40:46 Running command: protein_alignment_from_nucleotides  -v  --mafft pan_genome_sequences/group_17656.fa
2026/04/21 17:40:46 Running command: protein_alignment_from_nucleotides  -v  --mafft pan_genome_sequences/dhfrIII.fa
2026/04/21 17:40:46 Running command: protein_alignment_from_nucleotides  -v  --mafft pan_genome_sequences/group_3436.fa
2026/04/21 17:40:46 Running command: protein_alignment_from_nucleotides  -v  --mafft pan_genome_sequences/ipuC.fa
2026/04/21 17:40:46 Running command: protein_alignment_from_nucleotides  -v  --mafft pan_genome_sequences/group_5099.fa
2026/04/21 17:40:46 Running command: protein_alignment_from_nucleotides  -v  --mafft pan_genome_sequences/mupP_1.fa
2026/04/21 17:40:46 Running command: protein_alignment_from_nucleotides  -v  --mafft pan_genome_sequences/gltC_2.fa
2026/04/21 17:40:46 Running command: protein_alignment_from_nucleotides  -v  --mafft pan_genome_sequences/group_18499.fa
2026/04/21 17:40:46 Running command: protein_alignment_from_nucleotides  -v  --mafft pan_genome_sequences/entS_3.fa
2026/04/21 17:40:46 Running command: protein_alignment_from_nucleotides  -v  --mafft pan_genome_sequences/glmM_2.fa
2026/04/21 17:40:46 Running command: protein_alignment_from_nucleotides  -v  --mafft pan_genome_sequences/rpsF.fa
2026/04/21 17:40:46 Running command: protein_alignment_from_nucleotides  -v  --mafft pan_genome_sequences/nirQ.fa
2026/04/21 17:40:46 Running command: protein_alignment_from_nucleotides  -v  --mafft pan_genome_sequences/yabJ_4.fa
2026/04/21 17:40:46 Running command: protein_alignment_from_nucleotides  -v  --mafft pan_genome_sequences/group_18189.fa
2026/04/21 17:40:46 Running command: protein_alignment_from_nucleotides  -v  --mafft pan_genome_sequences/pcm.fa
2026/04/21 17:40:46 Running command: protein_alignment_from_nucleotides  -v  --mafft pan_genome_sequences/alaA.fa
2026/04/21 17:40:46 Running command: protein_alignment_from_nucleotides  -v  --mafft pan_genome_sequences/ribF.fa
2026/04/21 17:40:46 Running command: protein_alignment_from_nucleotides  -v  --mafft pan_genome_sequences/puuA_1.fa
2026/04/21 17:40:46 Running command: protein_alignment_from_nucleotides  -v  --mafft pan_genome_sequences/algG.fa
2026/04/21 17:40:46 Running command: protein_alignment_from_nucleotides  -v  --mafft pan_genome_sequences/nasA.fa
2026/04/21 17:40:46 Running command: protein_alignment_from_nucleotides  -v  --mafft pan_genome_sequences/group_3029.fa
2026/04/21 17:40:46 Running command: protein_alignment_from_nucleotides  -v  --mafft pan_genome_sequences/group_18443.fa
2026/04/21 17:40:46 Running command: protein_alignment_from_nucleotides  -v  --mafft pan_genome_sequences/yadG.fa
2026/04/21 17:40:46 Running command: protein_alignment_from_nucleotides  -v  --mafft pan_genome_sequences/ppnN.fa
2026/04/21 17:40:46 Running command: protein_alignment_from_nucleotides  -v  --mafft pan_genome_sequences/group_5471.fa
2026/04/21 17:40:46 Running command: protein_alignment_from_nucleotides  -v  --mafft pan_genome_sequences/ureA.fa
2026/04/21 17:40:46 Running command: protein_alignment_from_nucleotides  -v  --mafft pan_genome_sequences/group_18147.fa
2026/04/21 17:40:46 Running command: protein_alignment_from_nucleotides  -v  --mafft pan_genome_sequences/ndh.fa
2026/04/21 17:40:46 Running command: protein_alignment_from_nucleotides  -v  --mafft pan_genome_sequences/ycaD_3.fa
2026/04/21 17:40:46 Running command: protein_alignment_from_nucleotides  -v  --mafft pan_genome_sequences/group_3223.fa
2026/04/21 17:40:46 Running command: protein_alignment_from_nucleotides  -v  --mafft pan_genome_sequences/prfA.fa
2026/04/21 17:40:46 Running command: protein_alignment_from_nucleotides  -v  --mafft pan_genome_sequences/kynA.fa
2026/04/21 17:40:46 Running command: protein_alignment_from_nucleotides  -v  --mafft pan_genome_sequences/dmlR_9.fa
2026/04/21 17:40:46 Running command: protein_alignment_from_nucleotides  -v  --mafft pan_genome_sequences/osmY_1.fa
2026/04/21 17:40:46 Running command: protein_alignment_from_nucleotides  -v  --mafft pan_genome_sequences/group_4785.fa
2026/04/21 17:40:46 Running command: protein_alignment_from_nucleotides  -v  --mafft pan_genome_sequences/group_687.fa
2026/04/21 17:40:46 Running command: protein_alignment_from_nucleotides  -v  --mafft pan_genome_sequences/group_5742.fa
2026/04/21 17:40:46 Running command: protein_alignment_from_nucleotides  -v  --mafft pan_genome_sequences/cdsA.fa
2026/04/21 17:40:46 Running command: protein_alignment_from_nucleotides  -v  --mafft pan_genome_sequences/bvgA_1.fa
2026/04/21 17:40:46 Running command: protein_alignment_from_nucleotides  -v  --mafft pan_genome_sequences/rpoD.fa
2026/04/21 17:40:46 Running command: protein_alignment_from_nucleotides  -v  --mafft pan_genome_sequences/group_17593.fa
2026/04/21 17:40:46 Running command: protein_alignment_from_nucleotides  -v  --mafft pan_genome_sequences/polA.fa
2026/04/21 17:40:46 Running command: protein_alignment_from_nucleotides  -v  --mafft pan_genome_sequences/phnE_3.fa
2026/04/21 17:40:46 Running command: protein_alignment_from_nucleotides  -v  --mafft pan_genome_sequences/trpD_1.fa
2026/04/21 17:40:46 Running command: protein_alignment_from_nucleotides  -v  --mafft pan_genome_sequences/group_2337.fa
2026/04/21 17:40:46 Running command: protein_alignment_from_nucleotides  -v  --mafft pan_genome_sequences/eco.fa
2026/04/21 17:40:46 Running command: protein_alignment_from_nucleotides  -v  --mafft pan_genome_sequences/group_5427.fa
2026/04/21 17:40:46 Running command: protein_alignment_from_nucleotides  -v  --mafft pan_genome_sequences/gcvA_7.fa
2026/04/21 17:40:46 Running command: protein_alignment_from_nucleotides  -v  --mafft pan_genome_sequences/ftsX.fa
2026/04/21 17:40:46 Running command: protein_alignment_from_nucleotides  -v  --mafft pan_genome_sequences/proY_1.fa
2026/04/21 17:40:46 Running command: protein_alignment_from_nucleotides  -v  --mafft pan_genome_sequences/group_17115.fa
2026/04/21 17:40:46 Running command: protein_alignment_from_nucleotides  -v  --mafft pan_genome_sequences/scpA.fa
2026/04/21 17:40:46 Running command: protein_alignment_from_nucleotides  -v  --mafft pan_genome_sequences/group_3288.fa
2026/04/21 17:40:46 Running command: protein_alignment_from_nucleotides  -v  --mafft pan_genome_sequences/paaF_5.fa
2026/04/21 17:40:46 Running command: protein_alignment_from_nucleotides  -v  --mafft pan_genome_sequences/group_4899.fa
2026/04/21 17:40:46 Running command: protein_alignment_from_nucleotides  -v  --mafft pan_genome_sequences/group_4855.fa
2026/04/21 17:40:46 Running command: protein_alignment_from_nucleotides  -v  --mafft pan_genome_sequences/nicR.fa
2026/04/21 17:40:46 Running command: protein_alignment_from_nucleotides  -v  --mafft pan_genome_sequences/ileS.fa
2026/04/21 17:40:46 Running command: protein_alignment_from_nucleotides  -v  --mafft pan_genome_sequences/aroQ1_2.fa
2026/04/21 17:40:46 Running command: protein_alignment_from_nucleotides  -v  --mafft pan_genome_sequences/atpD.fa
2026/04/21 17:40:46 Running command: protein_alignment_from_nucleotides  -v  --mafft pan_genome_sequences/truB.fa
2026/04/21 17:40:46 Running command: protein_alignment_from_nucleotides  -v  --mafft pan_genome_sequences/eutB.fa
2026/04/21 17:40:46 Running command: protein_alignment_from_nucleotides  -v  --mafft pan_genome_sequences/mftC.fa
2026/04/21 17:40:46 Running command: protein_alignment_from_nucleotides  -v  --mafft pan_genome_sequences/ispG.fa
2026/04/21 17:40:46 Running command: protein_alignment_from_nucleotides  -v  --mafft pan_genome_sequences/putA.fa
2026/04/21 17:40:46 Running command: protein_alignment_from_nucleotides  -v  --mafft pan_genome_sequences/potB_1.fa
2026/04/21 17:40:46 Running command: protein_alignment_from_nucleotides  -v  --mafft pan_genome_sequences/group_3380.fa
2026/04/21 17:40:46 Running command: protein_alignment_from_nucleotides  -v  --mafft pan_genome_sequences/group_17478.fa
2026/04/21 17:40:46 Running command: protein_alignment_from_nucleotides  -v  --mafft pan_genome_sequences/group_18300.fa
2026/04/21 17:40:46 Running command: protein_alignment_from_nucleotides  -v  --mafft pan_genome_sequences/recN.fa
2026/04/21 17:40:46 Running command: protein_alignment_from_nucleotides  -v  --mafft pan_genome_sequences/group_3205.fa
2026/04/21 17:40:46 Running command: protein_alignment_from_nucleotides  -v  --mafft pan_genome_sequences/yqeY.fa
2026/04/21 17:40:46 Running command: protein_alignment_from_nucleotides  -v  --mafft pan_genome_sequences/leuD1.fa
2026/04/21 17:40:46 Running command: protein_alignment_from_nucleotides  -v  --mafft pan_genome_sequences/bluB.fa
2026/04/21 17:40:46 Running command: protein_alignment_from_nucleotides  -v  --mafft pan_genome_sequences/cobH.fa
2026/04/21 17:40:46 Running command: protein_alignment_from_nucleotides  -v  --mafft pan_genome_sequences/group_3542.fa
2026/04/21 17:40:46 Running command: protein_alignment_from_nucleotides  -v  --mafft pan_genome_sequences/group_18345.fa
2026/04/21 17:40:46 Running command: protein_alignment_from_nucleotides  -v  --mafft pan_genome_sequences/pqsC.fa
2026/04/21 17:40:46 Running command: protein_alignment_from_nucleotides  -v  --mafft pan_genome_sequences/glpT_1.fa
2026/04/21 17:40:46 Running command: protein_alignment_from_nucleotides  -v  --mafft pan_genome_sequences/group_6119.fa
2026/04/21 17:40:46 Running command: protein_alignment_from_nucleotides  -v  --mafft pan_genome_sequences/dctA.fa
2026/04/21 17:40:46 Running command: protein_alignment_from_nucleotides  -v  --mafft pan_genome_sequences/group_5361.fa
2026/04/21 17:40:46 Running command: protein_alignment_from_nucleotides  -v  --mafft pan_genome_sequences/group_3539.fa
2026/04/21 17:40:46 Running command: protein_alignment_from_nucleotides  -v  --mafft pan_genome_sequences/group_17061.fa
2026/04/21 17:40:46 Running command: protein_alignment_from_nucleotides  -v  --mafft pan_genome_sequences/fecI_3.fa
2026/04/21 17:40:46 Running command: protein_alignment_from_nucleotides  -v  --mafft pan_genome_sequences/group_18293.fa
2026/04/21 17:40:46 Running command: protein_alignment_from_nucleotides  -v  --mafft pan_genome_sequences/sixA.fa
2026/04/21 17:40:46 Running command: protein_alignment_from_nucleotides  -v  --mafft pan_genome_sequences/group_4959.fa
2026/04/21 17:40:46 Running command: protein_alignment_from_nucleotides  -v  --mafft pan_genome_sequences/cysW.fa
2026/04/21 17:40:46 Running command: protein_alignment_from_nucleotides  -v  --mafft pan_genome_sequences/tolR.fa
2026/04/21 17:40:46 Running command: protein_alignment_from_nucleotides  -v  --mafft pan_genome_sequences/thiE_1.fa
2026/04/21 17:40:46 Running command: protein_alignment_from_nucleotides  -v  --mafft pan_genome_sequences/ybdL.fa
2026/04/21 17:40:46 Running command: protein_alignment_from_nucleotides  -v  --mafft pan_genome_sequences/ybaN.fa
2026/04/21 17:40:46 Running command: protein_alignment_from_nucleotides  -v  --mafft pan_genome_sequences/mmgC_5.fa
2026/04/21 17:40:46 Running command: protein_alignment_from_nucleotides  -v  --mafft pan_genome_sequences/prmC_3.fa
2026/04/21 17:40:46 Running command: protein_alignment_from_nucleotides  -v  --mafft pan_genome_sequences/group_17942.fa
2026/04/21 17:40:46 Running command: protein_alignment_from_nucleotides  -v  --mafft pan_genome_sequences/group_17101.fa
2026/04/21 17:40:46 Running command: protein_alignment_from_nucleotides  -v  --mafft pan_genome_sequences/lpxH_1.fa
2026/04/21 17:40:46 Running command: protein_alignment_from_nucleotides  -v  --mafft pan_genome_sequences/melD.fa
2026/04/21 17:40:46 Running command: protein_alignment_from_nucleotides  -v  --mafft pan_genome_sequences/infC.fa
2026/04/21 17:40:46 Running command: protein_alignment_from_nucleotides  -v  --mafft pan_genome_sequences/group_5622.fa
2026/04/21 17:40:46 Running command: protein_alignment_from_nucleotides  -v  --mafft pan_genome_sequences/group_5460.fa
2026/04/21 17:40:46 Running command: protein_alignment_from_nucleotides  -v  --mafft pan_genome_sequences/spuD_1.fa
2026/04/21 17:40:46 Running command: protein_alignment_from_nucleotides  -v  --mafft pan_genome_sequences/group_2205.fa
2026/04/21 17:40:46 Running command: protein_alignment_from_nucleotides  -v  --mafft pan_genome_sequences/phoB.fa
2026/04/21 17:40:46 Running command: protein_alignment_from_nucleotides  -v  --mafft pan_genome_sequences/yciH.fa
2026/04/21 17:40:46 Running command: protein_alignment_from_nucleotides  -v  --mafft pan_genome_sequences/group_17755.fa
2026/04/21 17:40:46 Running command: protein_alignment_from_nucleotides  -v  --mafft pan_genome_sequences/thadh.fa
2026/04/21 17:40:46 Running command: protein_alignment_from_nucleotides  -v  --mafft pan_genome_sequences/pyrG_1.fa
2026/04/21 17:40:46 Running command: protein_alignment_from_nucleotides  -v  --mafft pan_genome_sequences/cdhR_4.fa
2026/04/21 17:40:46 Running command: protein_alignment_from_nucleotides  -v  --mafft pan_genome_sequences/sdhB.fa
2026/04/21 17:40:46 Running command: protein_alignment_from_nucleotides  -v  --mafft pan_genome_sequences/mneA.fa
2026/04/21 17:40:46 Running command: protein_alignment_from_nucleotides  -v  --mafft pan_genome_sequences/mgtA_2.fa
2026/04/21 17:40:46 Running command: protein_alignment_from_nucleotides  -v  --mafft pan_genome_sequences/puuA_4.fa
2026/04/21 17:40:46 Running command: protein_alignment_from_nucleotides  -v  --mafft pan_genome_sequences/rnhB.fa
2026/04/21 17:40:46 Running command: protein_alignment_from_nucleotides  -v  --mafft pan_genome_sequences/leuA.fa
2026/04/21 17:40:46 Running command: protein_alignment_from_nucleotides  -v  --mafft pan_genome_sequences/rluA.fa
2026/04/21 17:40:46 Running command: protein_alignment_from_nucleotides  -v  --mafft pan_genome_sequences/group_17438.fa
2026/04/21 17:40:46 Running command: protein_alignment_from_nucleotides  -v  --mafft pan_genome_sequences/group_4393.fa
2026/04/21 17:40:46 Running command: protein_alignment_from_nucleotides  -v  --mafft pan_genome_sequences/cadA_1.fa
2026/04/21 17:40:46 Running command: protein_alignment_from_nucleotides  -v  --mafft pan_genome_sequences/group_18468.fa
2026/04/21 17:40:46 Running command: protein_alignment_from_nucleotides  -v  --mafft pan_genome_sequences/group_5830.fa
2026/04/21 17:40:46 Running command: protein_alignment_from_nucleotides  -v  --mafft pan_genome_sequences/yciK.fa
2026/04/21 17:40:46 Running command: protein_alignment_from_nucleotides  -v  --mafft pan_genome_sequences/pyrR.fa
2026/04/21 17:40:46 Running command: protein_alignment_from_nucleotides  -v  --mafft pan_genome_sequences/yabJ_2.fa
2026/04/21 17:40:46 Running command: protein_alignment_from_nucleotides  -v  --mafft pan_genome_sequences/group_17054.fa
2026/04/21 17:40:46 Running command: protein_alignment_from_nucleotides  -v  --mafft pan_genome_sequences/parC.fa
2026/04/21 17:40:46 Running command: protein_alignment_from_nucleotides  -v  --mafft pan_genome_sequences/group_4669.fa
2026/04/21 17:40:46 Running command: protein_alignment_from_nucleotides  -v  --mafft pan_genome_sequences/group_5539.fa
2026/04/21 17:40:46 Running command: protein_alignment_from_nucleotides  -v  --mafft pan_genome_sequences/group_18496.fa
2026/04/21 17:40:46 Running command: protein_alignment_from_nucleotides  -v  --mafft pan_genome_sequences/gbpR_1.fa
2026/04/21 17:40:46 Running command: protein_alignment_from_nucleotides  -v  --mafft pan_genome_sequences/soxB.fa
2026/04/21 17:40:46 Running command: protein_alignment_from_nucleotides  -v  --mafft pan_genome_sequences/group_2538.fa
2026/04/21 17:40:46 Running command: protein_alignment_from_nucleotides  -v  --mafft pan_genome_sequences/group_5663.fa
2026/04/21 17:40:46 Running command: protein_alignment_from_nucleotides  -v  --mafft pan_genome_sequences/group_3566.fa
2026/04/21 17:40:46 Running command: protein_alignment_from_nucleotides  -v  --mafft pan_genome_sequences/dusA.fa
2026/04/21 17:40:46 Running command: protein_alignment_from_nucleotides  -v  --mafft pan_genome_sequences/trxA.fa
2026/04/21 17:40:46 Running command: protein_alignment_from_nucleotides  -v  --mafft pan_genome_sequences/lptE.fa
2026/04/21 17:40:46 Running command: protein_alignment_from_nucleotides  -v  --mafft pan_genome_sequences/yhdG_1.fa
2026/04/21 17:40:46 Running command: protein_alignment_from_nucleotides  -v  --mafft pan_genome_sequences/dusC.fa
2026/04/21 17:40:46 Running command: protein_alignment_from_nucleotides  -v  --mafft pan_genome_sequences/norR2.fa
2026/04/21 17:40:46 Running command: protein_alignment_from_nucleotides  -v  --mafft pan_genome_sequences/group_17606.fa
2026/04/21 17:40:46 Running command: protein_alignment_from_nucleotides  -v  --mafft pan_genome_sequences/hcaC.fa
2026/04/21 17:40:46 Running command: protein_alignment_from_nucleotides  -v  --mafft pan_genome_sequences/petB.fa
2026/04/21 17:40:46 Running command: protein_alignment_from_nucleotides  -v  --mafft pan_genome_sequences/arcA_2.fa
2026/04/21 17:40:46 Running command: protein_alignment_from_nucleotides  -v  --mafft pan_genome_sequences/yqjD_2.fa
2026/04/21 17:40:46 Running command: protein_alignment_from_nucleotides  -v  --mafft pan_genome_sequences/group_4870.fa
2026/04/21 17:40:46 Running command: protein_alignment_from_nucleotides  -v  --mafft pan_genome_sequences/group_18299.fa
2026/04/21 17:40:46 Running command: protein_alignment_from_nucleotides  -v  --mafft pan_genome_sequences/ftsK.fa
2026/04/21 17:40:46 Running command: protein_alignment_from_nucleotides  -v  --mafft pan_genome_sequences/rpoN.fa
2026/04/21 17:40:46 Running command: protein_alignment_from_nucleotides  -v  --mafft pan_genome_sequences/yedA.fa
2026/04/21 17:40:46 Running command: protein_alignment_from_nucleotides  -v  --mafft pan_genome_sequences/mepS.fa
2026/04/21 17:40:46 Running command: protein_alignment_from_nucleotides  -v  --mafft pan_genome_sequences/mmgC_7.fa
2026/04/21 17:40:46 Running command: protein_alignment_from_nucleotides  -v  --mafft pan_genome_sequences/group_17116.fa
2026/04/21 17:40:46 Running command: protein_alignment_from_nucleotides  -v  --mafft pan_genome_sequences/group_4462.fa
2026/04/21 17:40:46 Running command: protein_alignment_from_nucleotides  -v  --mafft pan_genome_sequences/group_17233.fa
2026/04/21 17:40:46 Running command: protein_alignment_from_nucleotides  -v  --mafft pan_genome_sequences/rpmI.fa
2026/04/21 17:40:46 Running command: protein_alignment_from_nucleotides  -v  --mafft pan_genome_sequences/group_2647.fa
2026/04/21 17:40:46 Running command: protein_alignment_from_nucleotides  -v  --mafft pan_genome_sequences/ftsI.fa
2026/04/21 17:40:46 Running command: protein_alignment_from_nucleotides  -v  --mafft pan_genome_sequences/group_5935.fa
2026/04/21 17:40:46 Running command: protein_alignment_from_nucleotides  -v  --mafft pan_genome_sequences/etfB.fa
2026/04/21 17:40:46 Running command: protein_alignment_from_nucleotides  -v  --mafft pan_genome_sequences/outO.fa
2026/04/21 17:40:46 Running command: protein_alignment_from_nucleotides  -v  --mafft pan_genome_sequences/speE_3.fa
2026/04/21 17:40:46 Running command: protein_alignment_from_nucleotides  -v  --mafft pan_genome_sequences/hemL_1.fa
2026/04/21 17:40:46 Running command: protein_alignment_from_nucleotides  -v  --mafft pan_genome_sequences/rpmE.fa
2026/04/21 17:40:46 Running command: protein_alignment_from_nucleotides  -v  --mafft pan_genome_sequences/group_3435.fa
2026/04/21 17:40:46 Running command: protein_alignment_from_nucleotides  -v  --mafft pan_genome_sequences/group_5425.fa
2026/04/21 17:40:46 Running command: protein_alignment_from_nucleotides  -v  --mafft pan_genome_sequences/group_4369.fa
2026/04/21 17:40:46 Running command: protein_alignment_from_nucleotides  -v  --mafft pan_genome_sequences/kdsD.fa
2026/04/21 17:40:46 Running command: protein_alignment_from_nucleotides  -v  --mafft pan_genome_sequences/rplM.fa
2026/04/21 17:40:46 Running command: protein_alignment_from_nucleotides  -v  --mafft pan_genome_sequences/btuB_2.fa
2026/04/21 17:40:46 Running command: protein_alignment_from_nucleotides  -v  --mafft pan_genome_sequences/glmS_2.fa
2026/04/21 17:40:46 Running command: protein_alignment_from_nucleotides  -v  --mafft pan_genome_sequences/argJ.fa
2026/04/21 17:40:46 Running command: protein_alignment_from_nucleotides  -v  --mafft pan_genome_sequences/marR.fa
2026/04/21 17:40:46 Running command: protein_alignment_from_nucleotides  -v  --mafft pan_genome_sequences/rlmH.fa
2026/04/21 17:40:46 Running command: protein_alignment_from_nucleotides  -v  --mafft pan_genome_sequences/group_5465.fa
2026/04/21 17:40:46 Running command: protein_alignment_from_nucleotides  -v  --mafft pan_genome_sequences/pyrF.fa
2026/04/21 17:40:46 Running command: protein_alignment_from_nucleotides  -v  --mafft pan_genome_sequences/mtnA.fa
2026/04/21 17:40:46 Running command: protein_alignment_from_nucleotides  -v  --mafft pan_genome_sequences/nudF.fa
2026/04/21 17:40:46 Running command: protein_alignment_from_nucleotides  -v  --mafft pan_genome_sequences/ctaG.fa
2026/04/21 17:40:46 Running command: protein_alignment_from_nucleotides  -v  --mafft pan_genome_sequences/group_5676.fa
2026/04/21 17:40:46 Running command: protein_alignment_from_nucleotides  -v  --mafft pan_genome_sequences/group_18161.fa
2026/04/21 17:40:46 Running command: protein_alignment_from_nucleotides  -v  --mafft pan_genome_sequences/mrpG.fa
2026/04/21 17:40:46 Running command: protein_alignment_from_nucleotides  -v  --mafft pan_genome_sequences/osmC.fa
2026/04/21 17:40:46 Running command: protein_alignment_from_nucleotides  -v  --mafft pan_genome_sequences/walR_1.fa
2026/04/21 17:40:46 Running command: protein_alignment_from_nucleotides  -v  --mafft pan_genome_sequences/nuoK.fa
2026/04/21 17:40:46 Running command: protein_alignment_from_nucleotides  -v  --mafft pan_genome_sequences/mscS_1.fa
2026/04/21 17:40:46 Running command: protein_alignment_from_nucleotides  -v  --mafft pan_genome_sequences/mcpQ_1.fa
2026/04/21 17:40:46 Running command: protein_alignment_from_nucleotides  -v  --mafft pan_genome_sequences/pdhB.fa
2026/04/21 17:40:46 Running command: protein_alignment_from_nucleotides  -v  --mafft pan_genome_sequences/hisG.fa
2026/04/21 17:40:46 Running command: protein_alignment_from_nucleotides  -v  --mafft pan_genome_sequences/group_17347.fa
2026/04/21 17:40:46 Running command: protein_alignment_from_nucleotides  -v  --mafft pan_genome_sequences/phnJ.fa
2026/04/21 17:40:46 Running command: protein_alignment_from_nucleotides  -v  --mafft pan_genome_sequences/yjjV.fa
2026/04/21 17:40:46 Running command: protein_alignment_from_nucleotides  -v  --mafft pan_genome_sequences/group_5106.fa
2026/04/21 17:40:46 Running command: protein_alignment_from_nucleotides  -v  --mafft pan_genome_sequences/group_3399.fa
2026/04/21 17:40:46 Running command: protein_alignment_from_nucleotides  -v  --mafft pan_genome_sequences/group_18067.fa
2026/04/21 17:40:46 Running command: protein_alignment_from_nucleotides  -v  --mafft pan_genome_sequences/toxR.fa
2026/04/21 17:40:46 Running command: protein_alignment_from_nucleotides  -v  --mafft pan_genome_sequences/group_17548.fa
2026/04/21 17:40:46 Running command: protein_alignment_from_nucleotides  -v  --mafft pan_genome_sequences/accC_2.fa
2026/04/21 17:40:46 Running command: protein_alignment_from_nucleotides  -v  --mafft pan_genome_sequences/group_3771.fa
2026/04/21 17:40:46 Running command: protein_alignment_from_nucleotides  -v  --mafft pan_genome_sequences/pncB2_2.fa
2026/04/21 17:40:46 Running command: protein_alignment_from_nucleotides  -v  --mafft pan_genome_sequences/rutD_2.fa
2026/04/21 17:40:46 Running command: protein_alignment_from_nucleotides  -v  --mafft pan_genome_sequences/fdnG.fa
2026/04/21 17:40:46 Running command: protein_alignment_from_nucleotides  -v  --mafft pan_genome_sequences/qseB_3.fa
2026/04/21 17:40:46 Running command: protein_alignment_from_nucleotides  -v  --mafft pan_genome_sequences/metG.fa
2026/04/21 17:40:46 Running command: protein_alignment_from_nucleotides  -v  --mafft pan_genome_sequences/group_18435.fa
2026/04/21 17:40:46 Running command: protein_alignment_from_nucleotides  -v  --mafft pan_genome_sequences/group_4842.fa
2026/04/21 17:40:46 Running command: protein_alignment_from_nucleotides  -v  --mafft pan_genome_sequences/cyoA.fa
2026/04/21 17:40:46 Running command: protein_alignment_from_nucleotides  -v  --mafft pan_genome_sequences/oprM_1.fa
2026/04/21 17:40:46 Running command: protein_alignment_from_nucleotides  -v  --mafft pan_genome_sequences/cyoD.fa
2026/04/21 17:40:46 Running command: protein_alignment_from_nucleotides  -v  --mafft pan_genome_sequences/qorA_2.fa
2026/04/21 17:40:46 Running command: protein_alignment_from_nucleotides  -v  --mafft pan_genome_sequences/pucM.fa
2026/04/21 17:40:46 Running command: protein_alignment_from_nucleotides  -v  --mafft pan_genome_sequences/group_18280.fa
2026/04/21 17:40:46 Running command: protein_alignment_from_nucleotides  -v  --mafft pan_genome_sequences/ycbX.fa
2026/04/21 17:40:46 Running command: protein_alignment_from_nucleotides  -v  --mafft pan_genome_sequences/holA.fa
2026/04/21 17:40:46 Running command: protein_alignment_from_nucleotides  -v  --mafft pan_genome_sequences/group_17967.fa
2026/04/21 17:40:46 Running command: protein_alignment_from_nucleotides  -v  --mafft pan_genome_sequences/bpt.fa
2026/04/21 17:40:46 Running command: protein_alignment_from_nucleotides  -v  --mafft pan_genome_sequences/group_3800.fa
2026/04/21 17:40:46 Running command: protein_alignment_from_nucleotides  -v  --mafft pan_genome_sequences/btuD_4.fa
2026/04/21 17:40:46 Running command: protein_alignment_from_nucleotides  -v  --mafft pan_genome_sequences/rplT.fa
2026/04/21 17:40:46 Running command: protein_alignment_from_nucleotides  -v  --mafft pan_genome_sequences/aroB.fa
2026/04/21 17:40:46 Running command: protein_alignment_from_nucleotides  -v  --mafft pan_genome_sequences/group_5103.fa
2026/04/21 17:40:46 Running command: protein_alignment_from_nucleotides  -v  --mafft pan_genome_sequences/prsE_1.fa
2026/04/21 17:40:46 Running command: protein_alignment_from_nucleotides  -v  --mafft pan_genome_sequences/group_4331.fa
2026/04/21 17:40:46 Running command: protein_alignment_from_nucleotides  -v  --mafft pan_genome_sequences/ctaD.fa
2026/04/21 17:40:46 Running command: protein_alignment_from_nucleotides  -v  --mafft pan_genome_sequences/surA_2.fa
2026/04/21 17:40:46 Running command: protein_alignment_from_nucleotides  -v  --mafft pan_genome_sequences/arcD.fa
2026/04/21 17:40:46 Running command: protein_alignment_from_nucleotides  -v  --mafft pan_genome_sequences/uvrY.fa
2026/04/21 17:40:46 Running command: protein_alignment_from_nucleotides  -v  --mafft pan_genome_sequences/group_4450.fa
2026/04/21 17:40:46 Running command: protein_alignment_from_nucleotides  -v  --mafft pan_genome_sequences/group_17040.fa
2026/04/21 17:40:46 Running command: protein_alignment_from_nucleotides  -v  --mafft pan_genome_sequences/ispE.fa
2026/04/21 17:40:46 Running command: protein_alignment_from_nucleotides  -v  --mafft pan_genome_sequences/acrB_2.fa
2026/04/21 17:40:46 Running command: protein_alignment_from_nucleotides  -v  --mafft pan_genome_sequences/group_17503.fa
2026/04/21 17:40:46 Running command: protein_alignment_from_nucleotides  -v  --mafft pan_genome_sequences/murE.fa
2026/04/21 17:40:46 Running command: protein_alignment_from_nucleotides  -v  --mafft pan_genome_sequences/greB.fa
2026/04/21 17:40:46 Running command: protein_alignment_from_nucleotides  -v  --mafft pan_genome_sequences/group_4692.fa
2026/04/21 17:40:46 Running command: protein_alignment_from_nucleotides  -v  --mafft pan_genome_sequences/hemL_2.fa
2026/04/21 17:40:46 Running command: protein_alignment_from_nucleotides  -v  --mafft pan_genome_sequences/group_5664.fa
2026/04/21 17:40:46 Running command: protein_alignment_from_nucleotides  -v  --mafft pan_genome_sequences/mdtB_2.fa
2026/04/21 17:40:46 Running command: protein_alignment_from_nucleotides  -v  --mafft pan_genome_sequences/group_5102.fa
2026/04/21 17:40:46 Running command: protein_alignment_from_nucleotides  -v  --mafft pan_genome_sequences/group_17139.fa
2026/04/21 17:40:46 Running command: protein_alignment_from_nucleotides  -v  --mafft pan_genome_sequences/trmJ.fa
2026/04/21 17:40:46 Running command: protein_alignment_from_nucleotides  -v  --mafft pan_genome_sequences/opuE.fa
2026/04/21 17:40:46 Running command: protein_alignment_from_nucleotides  -v  --mafft pan_genome_sequences/cdhR_2.fa
2026/04/21 17:40:46 Running command: protein_alignment_from_nucleotides  -v  --mafft pan_genome_sequences/group_2960.fa
2026/04/21 17:40:46 Running command: protein_alignment_from_nucleotides  -v  --mafft pan_genome_sequences/rlmG.fa
2026/04/21 17:40:46 Running command: protein_alignment_from_nucleotides  -v  --mafft pan_genome_sequences/dinF.fa
2026/04/21 17:40:46 Running command: protein_alignment_from_nucleotides  -v  --mafft pan_genome_sequences/group_6083.fa
2026/04/21 17:40:46 Running command: protein_alignment_from_nucleotides  -v  --mafft pan_genome_sequences/group_5765.fa
2026/04/21 17:40:46 Running command: protein_alignment_from_nucleotides  -v  --mafft pan_genome_sequences/group_18128.fa
2026/04/21 17:40:46 Running command: protein_alignment_from_nucleotides  -v  --mafft pan_genome_sequences/prmA.fa
2026/04/21 17:40:46 Running command: protein_alignment_from_nucleotides  -v  --mafft pan_genome_sequences/ftsA_2.fa
2026/04/21 17:40:46 Running command: protein_alignment_from_nucleotides  -v  --mafft pan_genome_sequences/rplU.fa
2026/04/21 17:40:46 Running command: protein_alignment_from_nucleotides  -v  --mafft pan_genome_sequences/prc.fa
2026/04/21 17:40:46 Running command: protein_alignment_from_nucleotides  -v  --mafft pan_genome_sequences/group_17909.fa
2026/04/21 17:40:46 Running command: protein_alignment_from_nucleotides  -v  --mafft pan_genome_sequences/group_5256.fa
2026/04/21 17:40:46 Running command: protein_alignment_from_nucleotides  -v  --mafft pan_genome_sequences/group_5992.fa
2026/04/21 17:40:46 Running command: protein_alignment_from_nucleotides  -v  --mafft pan_genome_sequences/group_4473.fa
2026/04/21 17:40:46 Running command: protein_alignment_from_nucleotides  -v  --mafft pan_genome_sequences/iscU.fa
2026/04/21 17:40:46 Running command: protein_alignment_from_nucleotides  -v  --mafft pan_genome_sequences/apbC.fa
2026/04/21 17:40:46 Running command: protein_alignment_from_nucleotides  -v  --mafft pan_genome_sequences/lip_1.fa
2026/04/21 17:40:46 Running command: protein_alignment_from_nucleotides  -v  --mafft pan_genome_sequences/atpC.fa
2026/04/21 17:40:46 Running command: protein_alignment_from_nucleotides  -v  --mafft pan_genome_sequences/group_4533.fa
2026/04/21 17:40:46 Running command: protein_alignment_from_nucleotides  -v  --mafft pan_genome_sequences/rsmE.fa
2026/04/21 17:40:46 Running command: protein_alignment_from_nucleotides  -v  --mafft pan_genome_sequences/group_3408.fa
2026/04/21 17:40:46 Running command: protein_alignment_from_nucleotides  -v  --mafft pan_genome_sequences/group_3004.fa
2026/04/21 17:40:46 Running command: protein_alignment_from_nucleotides  -v  --mafft pan_genome_sequences/group_18390.fa
2026/04/21 17:40:46 Running command: protein_alignment_from_nucleotides  -v  --mafft pan_genome_sequences/group_18515.fa
2026/04/21 17:40:46 Running command: protein_alignment_from_nucleotides  -v  --mafft pan_genome_sequences/rpiA.fa
2026/04/21 17:40:46 Running command: protein_alignment_from_nucleotides  -v  --mafft pan_genome_sequences/madC.fa
2026/04/21 17:40:46 Running command: protein_alignment_from_nucleotides  -v  --mafft pan_genome_sequences/mqo_2.fa
2026/04/21 17:40:46 Running command: protein_alignment_from_nucleotides  -v  --mafft pan_genome_sequences/group_4897.fa
2026/04/21 17:40:46 Running command: protein_alignment_from_nucleotides  -v  --mafft pan_genome_sequences/group_2017.fa
2026/04/21 17:40:46 Running command: protein_alignment_from_nucleotides  -v  --mafft pan_genome_sequences/gltC_1.fa
2026/04/21 17:40:46 Running command: protein_alignment_from_nucleotides  -v  --mafft pan_genome_sequences/phnR_2.fa
2026/04/21 17:40:46 Running command: protein_alignment_from_nucleotides  -v  --mafft pan_genome_sequences/group_17756.fa
2026/04/21 17:40:46 Running command: protein_alignment_from_nucleotides  -v  --mafft pan_genome_sequences/group_18117.fa
2026/04/21 17:40:46 Running command: protein_alignment_from_nucleotides  -v  --mafft pan_genome_sequences/hemW.fa
2026/04/21 17:40:46 Running command: protein_alignment_from_nucleotides  -v  --mafft pan_genome_sequences/pstB.fa
2026/04/21 17:40:46 Running command: protein_alignment_from_nucleotides  -v  --mafft pan_genome_sequences/group_608.fa
2026/04/21 17:40:46 Running command: protein_alignment_from_nucleotides  -v  --mafft pan_genome_sequences/cysB.fa
2026/04/21 17:40:46 Running command: protein_alignment_from_nucleotides  -v  --mafft pan_genome_sequences/maeB.fa
2026/04/21 17:40:46 Running command: protein_alignment_from_nucleotides  -v  --mafft pan_genome_sequences/lrp_5.fa
2026/04/21 17:40:46 Running command: protein_alignment_from_nucleotides  -v  --mafft pan_genome_sequences/slt.fa
2026/04/21 17:40:46 Running command: protein_alignment_from_nucleotides  -v  --mafft pan_genome_sequences/yjiA_1.fa
2026/04/21 17:40:46 Running command: protein_alignment_from_nucleotides  -v  --mafft pan_genome_sequences/group_4930.fa
2026/04/21 17:40:46 Running command: protein_alignment_from_nucleotides  -v  --mafft pan_genome_sequences/group_4947.fa
2026/04/21 17:40:46 Running command: protein_alignment_from_nucleotides  -v  --mafft pan_genome_sequences/btsT.fa
2026/04/21 17:40:46 Running command: protein_alignment_from_nucleotides  -v  --mafft pan_genome_sequences/yejB_1.fa
2026/04/21 17:40:46 Running command: protein_alignment_from_nucleotides  -v  --mafft pan_genome_sequences/group_18119.fa
2026/04/21 17:40:46 Running command: protein_alignment_from_nucleotides  -v  --mafft pan_genome_sequences/group_4740.fa
2026/04/21 17:40:46 Running command: protein_alignment_from_nucleotides  -v  --mafft pan_genome_sequences/amnD.fa
2026/04/21 17:40:46 Running command: protein_alignment_from_nucleotides  -v  --mafft pan_genome_sequences/algF.fa
2026/04/21 17:40:46 Running command: protein_alignment_from_nucleotides  -v  --mafft pan_genome_sequences/ccmC.fa
2026/04/21 17:40:46 Running command: protein_alignment_from_nucleotides  -v  --mafft pan_genome_sequences/group_17134.fa
2026/04/21 17:40:46 Running command: protein_alignment_from_nucleotides  -v  --mafft pan_genome_sequences/nirM.fa
2026/04/21 17:40:46 Running command: protein_alignment_from_nucleotides  -v  --mafft pan_genome_sequences/nosY.fa
2026/04/21 17:40:46 Running command: protein_alignment_from_nucleotides  -v  --mafft pan_genome_sequences/citN.fa
2026/04/21 17:40:46 Running command: protein_alignment_from_nucleotides  -v  --mafft pan_genome_sequences/tauD_1.fa
2026/04/21 17:40:46 Running command: protein_alignment_from_nucleotides  -v  --mafft pan_genome_sequences/yqgF.fa
2026/04/21 17:40:46 Running command: protein_alignment_from_nucleotides  -v  --mafft pan_genome_sequences/murA.fa
2026/04/21 17:40:46 Running command: protein_alignment_from_nucleotides  -v  --mafft pan_genome_sequences/cheB_1.fa
2026/04/21 17:40:46 Running command: protein_alignment_from_nucleotides  -v  --mafft pan_genome_sequences/mmsA_2.fa
2026/04/21 17:40:46 Running command: protein_alignment_from_nucleotides  -v  --mafft pan_genome_sequences/der.fa
2026/04/21 17:40:46 Running command: protein_alignment_from_nucleotides  -v  --mafft pan_genome_sequences/group_5379.fa
2026/04/21 17:40:46 Running command: protein_alignment_from_nucleotides  -v  --mafft pan_genome_sequences/hemE.fa
2026/04/21 17:40:46 Running command: protein_alignment_from_nucleotides  -v  --mafft pan_genome_sequences/fucA_1.fa
2026/04/21 17:40:46 Running command: protein_alignment_from_nucleotides  -v  --mafft pan_genome_sequences/cntI_1.fa
2026/04/21 17:40:46 Running command: protein_alignment_from_nucleotides  -v  --mafft pan_genome_sequences/thlA_2.fa
2026/04/21 17:40:46 Running command: protein_alignment_from_nucleotides  -v  --mafft pan_genome_sequences/group_5490.fa
2026/04/21 17:40:46 Running command: protein_alignment_from_nucleotides  -v  --mafft pan_genome_sequences/group_5350.fa
2026/04/21 17:40:46 Running command: protein_alignment_from_nucleotides  -v  --mafft pan_genome_sequences/group_5956.fa
2026/04/21 17:40:46 Running command: protein_alignment_from_nucleotides  -v  --mafft pan_genome_sequences/phaC_1.fa
2026/04/21 17:40:46 Running command: protein_alignment_from_nucleotides  -v  --mafft pan_genome_sequences/group_3390.fa
2026/04/21 17:40:46 Running command: protein_alignment_from_nucleotides  -v  --mafft pan_genome_sequences/group_4244.fa
2026/04/21 17:40:46 Running command: protein_alignment_from_nucleotides  -v  --mafft pan_genome_sequences/group_5723.fa
2026/04/21 17:40:46 Running command: protein_alignment_from_nucleotides  -v  --mafft pan_genome_sequences/group_18450.fa
2026/04/21 17:40:46 Running command: protein_alignment_from_nucleotides  -v  --mafft pan_genome_sequences/ureB.fa
2026/04/21 17:40:46 Running command: protein_alignment_from_nucleotides  -v  --mafft pan_genome_sequences/group_2082.fa
2026/04/21 17:40:46 Running command: protein_alignment_from_nucleotides  -v  --mafft pan_genome_sequences/group_5776.fa
2026/04/21 17:40:46 Running command: protein_alignment_from_nucleotides  -v  --mafft pan_genome_sequences/group_18537.fa
2026/04/21 17:40:46 Running command: protein_alignment_from_nucleotides  -v  --mafft pan_genome_sequences/group_18493.fa
2026/04/21 17:40:46 Running command: protein_alignment_from_nucleotides  -v  --mafft pan_genome_sequences/fliP.fa
2026/04/21 17:40:46 Running command: protein_alignment_from_nucleotides  -v  --mafft pan_genome_sequences/yabJ_3.fa
2026/04/21 17:40:46 Running command: protein_alignment_from_nucleotides  -v  --mafft pan_genome_sequences/prlC.fa
2026/04/21 17:40:46 Running command: protein_alignment_from_nucleotides  -v  --mafft pan_genome_sequences/emrA_1.fa
2026/04/21 17:40:46 Running command: protein_alignment_from_nucleotides  -v  --mafft pan_genome_sequences/ccoN1_4.fa
2026/04/21 17:40:46 Running command: protein_alignment_from_nucleotides  -v  --mafft pan_genome_sequences/farB_2.fa
2026/04/21 17:40:46 Running command: protein_alignment_from_nucleotides  -v  --mafft pan_genome_sequences/group_17109.fa
2026/04/21 17:40:46 Running command: protein_alignment_from_nucleotides  -v  --mafft pan_genome_sequences/hemR.fa
2026/04/21 17:40:46 Running command: protein_alignment_from_nucleotides  -v  --mafft pan_genome_sequences/gloA_1.fa
2026/04/21 17:40:46 Running command: protein_alignment_from_nucleotides  -v  --mafft pan_genome_sequences/mdtE.fa
2026/04/21 17:40:46 Running command: protein_alignment_from_nucleotides  -v  --mafft pan_genome_sequences/rapZ.fa
2026/04/21 17:40:46 Running command: protein_alignment_from_nucleotides  -v  --mafft pan_genome_sequences/group_5320.fa
2026/04/21 17:40:46 Running command: protein_alignment_from_nucleotides  -v  --mafft pan_genome_sequences/glpR.fa
2026/04/21 17:40:46 Running command: protein_alignment_from_nucleotides  -v  --mafft pan_genome_sequences/group_4875.fa
2026/04/21 17:40:46 Running command: protein_alignment_from_nucleotides  -v  --mafft pan_genome_sequences/rseP.fa
2026/04/21 17:40:46 Running command: protein_alignment_from_nucleotides  -v  --mafft pan_genome_sequences/group_6039.fa
2026/04/21 17:40:46 Running command: protein_alignment_from_nucleotides  -v  --mafft pan_genome_sequences/phoD.fa
2026/04/21 17:40:46 Running command: protein_alignment_from_nucleotides  -v  --mafft pan_genome_sequences/ascD.fa
2026/04/21 17:40:46 Running command: protein_alignment_from_nucleotides  -v  --mafft pan_genome_sequences/eptC.fa
2026/04/21 17:40:46 Running command: protein_alignment_from_nucleotides  -v  --mafft pan_genome_sequences/rfaP_1.fa
2026/04/21 17:40:46 Running command: protein_alignment_from_nucleotides  -v  --mafft pan_genome_sequences/aer.fa
2026/04/21 17:40:46 Running command: protein_alignment_from_nucleotides  -v  --mafft pan_genome_sequences/group_3278.fa
2026/04/21 17:40:46 Running command: protein_alignment_from_nucleotides  -v  --mafft pan_genome_sequences/group_18213.fa
2026/04/21 17:40:46 Running command: protein_alignment_from_nucleotides  -v  --mafft pan_genome_sequences/prsE_2.fa
2026/04/21 17:40:46 Running command: protein_alignment_from_nucleotides  -v  --mafft pan_genome_sequences/amtB_2.fa
2026/04/21 17:40:46 Running command: protein_alignment_from_nucleotides  -v  --mafft pan_genome_sequences/algJ.fa
2026/04/21 17:40:46 Running command: protein_alignment_from_nucleotides  -v  --mafft pan_genome_sequences/mutY.fa
2026/04/21 17:40:46 Running command: protein_alignment_from_nucleotides  -v  --mafft pan_genome_sequences/group_17312.fa
2026/04/21 17:40:46 Running command: protein_alignment_from_nucleotides  -v  --mafft pan_genome_sequences/group_17884.fa
2026/04/21 17:40:46 Running command: protein_alignment_from_nucleotides  -v  --mafft pan_genome_sequences/group_18054.fa
2026/04/21 17:40:46 Running command: protein_alignment_from_nucleotides  -v  --mafft pan_genome_sequences/mtfA.fa
2026/04/21 17:40:46 Running command: protein_alignment_from_nucleotides  -v  --mafft pan_genome_sequences/motB.fa
2026/04/21 17:40:46 Running command: protein_alignment_from_nucleotides  -v  --mafft pan_genome_sequences/atpH_2.fa
2026/04/21 17:40:46 Running command: protein_alignment_from_nucleotides  -v  --mafft pan_genome_sequences/acdA_1.fa
2026/04/21 17:40:46 Running command: protein_alignment_from_nucleotides  -v  --mafft pan_genome_sequences/xcpT_1.fa
2026/04/21 17:40:46 Running command: protein_alignment_from_nucleotides  -v  --mafft pan_genome_sequences/group_5328.fa
2026/04/21 17:40:46 Running command: protein_alignment_from_nucleotides  -v  --mafft pan_genome_sequences/pikAII.fa
2026/04/21 17:40:46 Running command: protein_alignment_from_nucleotides  -v  --mafft pan_genome_sequences/group_4790.fa
2026/04/21 17:40:46 Running command: protein_alignment_from_nucleotides  -v  --mafft pan_genome_sequences/preA.fa
2026/04/21 17:40:46 Running command: protein_alignment_from_nucleotides  -v  --mafft pan_genome_sequences/gatA.fa
2026/04/21 17:40:46 Running command: protein_alignment_from_nucleotides  -v  --mafft pan_genome_sequences/group_4475.fa
2026/04/21 17:40:46 Running command: protein_alignment_from_nucleotides  -v  --mafft pan_genome_sequences/dctQ_2.fa
2026/04/21 17:40:46 Running command: protein_alignment_from_nucleotides  -v  --mafft pan_genome_sequences/group_2458.fa
2026/04/21 17:40:46 Running command: protein_alignment_from_nucleotides  -v  --mafft pan_genome_sequences/thrH.fa
2026/04/21 17:40:46 Running command: protein_alignment_from_nucleotides  -v  --mafft pan_genome_sequences/alkT.fa
2026/04/21 17:40:46 Running command: protein_alignment_from_nucleotides  -v  --mafft pan_genome_sequences/yhdG_2.fa
2026/04/21 17:40:46 Running command: protein_alignment_from_nucleotides  -v  --mafft pan_genome_sequences/cysQ.fa
2026/04/21 17:40:46 Running command: protein_alignment_from_nucleotides  -v  --mafft pan_genome_sequences/nqrE.fa
2026/04/21 17:40:46 Running command: protein_alignment_from_nucleotides  -v  --mafft pan_genome_sequences/group_3217.fa
2026/04/21 17:40:46 Running command: protein_alignment_from_nucleotides  -v  --mafft pan_genome_sequences/atpA.fa
2026/04/21 17:40:46 Running command: protein_alignment_from_nucleotides  -v  --mafft pan_genome_sequences/group_5114.fa
2026/04/21 17:40:46 Running command: protein_alignment_from_nucleotides  -v  --mafft pan_genome_sequences/group_4615.fa
2026/04/21 17:40:46 Running command: protein_alignment_from_nucleotides  -v  --mafft pan_genome_sequences/menH_1.fa
2026/04/21 17:40:46 Running command: protein_alignment_from_nucleotides  -v  --mafft pan_genome_sequences/fabG_5.fa
2026/04/21 17:40:46 Running command: protein_alignment_from_nucleotides  -v  --mafft pan_genome_sequences/phoP.fa
2026/04/21 17:40:46 Running command: protein_alignment_from_nucleotides  -v  --mafft pan_genome_sequences/sucB.fa
2026/04/21 17:40:46 Running command: protein_alignment_from_nucleotides  -v  --mafft pan_genome_sequences/catD_4.fa
2026/04/21 17:40:46 Running command: protein_alignment_from_nucleotides  -v  --mafft pan_genome_sequences/glyS.fa
2026/04/21 17:40:46 Running command: protein_alignment_from_nucleotides  -v  --mafft pan_genome_sequences/czcR_2.fa
2026/04/21 17:40:46 Running command: protein_alignment_from_nucleotides  -v  --mafft pan_genome_sequences/group_5938.fa
2026/04/21 17:40:46 Running command: protein_alignment_from_nucleotides  -v  --mafft pan_genome_sequences/benM_1.fa
2026/04/21 17:40:46 Running command: protein_alignment_from_nucleotides  -v  --mafft pan_genome_sequences/group_18037.fa
2026/04/21 17:40:46 Running command: protein_alignment_from_nucleotides  -v  --mafft pan_genome_sequences/group_1313.fa
2026/04/21 17:40:46 Running command: protein_alignment_from_nucleotides  -v  --mafft pan_genome_sequences/fpr_2.fa
2026/04/21 17:40:46 Running command: protein_alignment_from_nucleotides  -v  --mafft pan_genome_sequences/cheY_1.fa
2026/04/21 17:40:46 Running command: protein_alignment_from_nucleotides  -v  --mafft pan_genome_sequences/leuE_1.fa
2026/04/21 17:40:46 Running command: protein_alignment_from_nucleotides  -v  --mafft pan_genome_sequences/cntO_3.fa
2026/04/21 17:40:46 Running command: protein_alignment_from_nucleotides  -v  --mafft pan_genome_sequences/purK.fa
2026/04/21 17:40:46 Running command: protein_alignment_from_nucleotides  -v  --mafft pan_genome_sequences/group_18249.fa
2026/04/21 17:40:46 Running command: protein_alignment_from_nucleotides  -v  --mafft pan_genome_sequences/era.fa
2026/04/21 17:40:46 Running command: protein_alignment_from_nucleotides  -v  --mafft pan_genome_sequences/liuE.fa
2026/04/21 17:40:46 Running command: protein_alignment_from_nucleotides  -v  --mafft pan_genome_sequences/group_18497.fa
2026/04/21 17:40:46 Running command: protein_alignment_from_nucleotides  -v  --mafft pan_genome_sequences/group_5223.fa
2026/04/21 17:40:46 Running command: protein_alignment_from_nucleotides  -v  --mafft pan_genome_sequences/group_18281.fa
2026/04/21 17:40:46 Running command: protein_alignment_from_nucleotides  -v  --mafft pan_genome_sequences/ung.fa
2026/04/21 17:40:46 Running command: protein_alignment_from_nucleotides  -v  --mafft pan_genome_sequences/group_17778.fa
2026/04/21 17:40:46 Running command: protein_alignment_from_nucleotides  -v  --mafft pan_genome_sequences/group_3218.fa
2026/04/21 17:40:46 Running command: protein_alignment_from_nucleotides  -v  --mafft pan_genome_sequences/cheZ.fa
2026/04/21 17:40:46 Running command: protein_alignment_from_nucleotides  -v  --mafft pan_genome_sequences/nirS_1.fa
2026/04/21 17:40:46 Running command: protein_alignment_from_nucleotides  -v  --mafft pan_genome_sequences/gltI_1.fa
2026/04/21 17:40:46 Running command: protein_alignment_from_nucleotides  -v  --mafft pan_genome_sequences/kdgR_1.fa
2026/04/21 17:40:46 Running command: protein_alignment_from_nucleotides  -v  --mafft pan_genome_sequences/group_3444.fa
2026/04/21 17:40:46 Running command: protein_alignment_from_nucleotides  -v  --mafft pan_genome_sequences/rubA2.fa
2026/04/21 17:40:46 Running command: protein_alignment_from_nucleotides  -v  --mafft pan_genome_sequences/puuP_2.fa
2026/04/21 17:40:46 Running command: protein_alignment_from_nucleotides  -v  --mafft pan_genome_sequences/ubiH.fa
2026/04/21 17:40:46 Running command: protein_alignment_from_nucleotides  -v  --mafft pan_genome_sequences/ecfA2.fa
2026/04/21 17:40:46 Running command: protein_alignment_from_nucleotides  -v  --mafft pan_genome_sequences/fliY_1.fa
2026/04/21 17:40:46 Running command: protein_alignment_from_nucleotides  -v  --mafft pan_genome_sequences/group_2028.fa
2026/04/21 17:40:46 Running command: protein_alignment_from_nucleotides  -v  --mafft pan_genome_sequences/fabG_4.fa
2026/04/21 17:40:46 Running command: protein_alignment_from_nucleotides  -v  --mafft pan_genome_sequences/gcvA_6.fa
2026/04/21 17:40:46 Running command: protein_alignment_from_nucleotides  -v  --mafft pan_genome_sequences/rfaP_2.fa
2026/04/21 17:40:46 Running command: protein_alignment_from_nucleotides  -v  --mafft pan_genome_sequences/group_17070.fa
2026/04/21 17:40:46 Running command: protein_alignment_from_nucleotides  -v  --mafft pan_genome_sequences/fliG.fa
2026/04/21 17:40:46 Running command: protein_alignment_from_nucleotides  -v  --mafft pan_genome_sequences/group_4519.fa
2026/04/21 17:40:46 Running command: protein_alignment_from_nucleotides  -v  --mafft pan_genome_sequences/group_4058.fa
2026/04/21 17:40:46 Running command: protein_alignment_from_nucleotides  -v  --mafft pan_genome_sequences/group_5537.fa
2026/04/21 17:40:46 Running command: protein_alignment_from_nucleotides  -v  --mafft pan_genome_sequences/anoR.fa
2026/04/21 17:40:46 Running command: protein_alignment_from_nucleotides  -v  --mafft pan_genome_sequences/ybaL.fa
2026/04/21 17:40:46 Running command: protein_alignment_from_nucleotides  -v  --mafft pan_genome_sequences/group_17904.fa
2026/04/21 17:40:46 Running command: protein_alignment_from_nucleotides  -v  --mafft pan_genome_sequences/steT.fa
2026/04/21 17:40:46 Running command: protein_alignment_from_nucleotides  -v  --mafft pan_genome_sequences/group_5461.fa
2026/04/21 17:40:46 Running command: protein_alignment_from_nucleotides  -v  --mafft pan_genome_sequences/group_5666.fa
2026/04/21 17:40:46 Running command: protein_alignment_from_nucleotides  -v  --mafft pan_genome_sequences/thiI.fa
2026/04/21 17:40:46 Running command: protein_alignment_from_nucleotides  -v  --mafft pan_genome_sequences/rutR_1.fa
2026/04/21 17:40:46 Running command: protein_alignment_from_nucleotides  -v  --mafft pan_genome_sequences/fumA.fa
2026/04/21 17:40:46 Running command: protein_alignment_from_nucleotides  -v  --mafft pan_genome_sequences/metR.fa
2026/04/21 17:40:46 Running command: protein_alignment_from_nucleotides  -v  --mafft pan_genome_sequences/pgpA.fa
2026/04/21 17:40:46 Running command: protein_alignment_from_nucleotides  -v  --mafft pan_genome_sequences/group_18502.fa
2026/04/21 17:40:46 Running command: protein_alignment_from_nucleotides  -v  --mafft pan_genome_sequences/bcd.fa
2026/04/21 17:40:46 Running command: protein_alignment_from_nucleotides  -v  --mafft pan_genome_sequences/bamB.fa
2026/04/21 17:40:46 Running command: protein_alignment_from_nucleotides  -v  --mafft pan_genome_sequences/yihG_1.fa
2026/04/21 17:40:46 Running command: protein_alignment_from_nucleotides  -v  --mafft pan_genome_sequences/puuP_1.fa
2026/04/21 17:40:46 Running command: protein_alignment_from_nucleotides  -v  --mafft pan_genome_sequences/speD.fa
2026/04/21 17:40:46 Running command: protein_alignment_from_nucleotides  -v  --mafft pan_genome_sequences/dbpA.fa
2026/04/21 17:40:46 Running command: protein_alignment_from_nucleotides  -v  --mafft pan_genome_sequences/group_1749.fa
2026/04/21 17:40:46 Running command: protein_alignment_from_nucleotides  -v  --mafft pan_genome_sequences/prpC_1.fa
2026/04/21 17:40:46 Running command: protein_alignment_from_nucleotides  -v  --mafft pan_genome_sequences/glpK_1.fa
2026/04/21 17:40:46 Running command: protein_alignment_from_nucleotides  -v  --mafft pan_genome_sequences/group_18382.fa
2026/04/21 17:40:46 Running command: protein_alignment_from_nucleotides  -v  --mafft pan_genome_sequences/tyrR_1.fa
2026/04/21 17:40:46 Running command: protein_alignment_from_nucleotides  -v  --mafft pan_genome_sequences/hcf136_1.fa
2026/04/21 17:40:46 Running command: protein_alignment_from_nucleotides  -v  --mafft pan_genome_sequences/arcC1.fa
2026/04/21 17:40:46 Running command: protein_alignment_from_nucleotides  -v  --mafft pan_genome_sequences/iscX.fa
2026/04/21 17:40:46 Running command: protein_alignment_from_nucleotides  -v  --mafft pan_genome_sequences/ygfA.fa
2026/04/21 17:40:46 Running command: protein_alignment_from_nucleotides  -v  --mafft pan_genome_sequences/proA.fa
2026/04/21 17:40:46 Running command: protein_alignment_from_nucleotides  -v  --mafft pan_genome_sequences/group_1581.fa
2026/04/21 17:40:46 Running command: protein_alignment_from_nucleotides  -v  --mafft pan_genome_sequences/group_18048.fa
2026/04/21 17:40:46 Running command: protein_alignment_from_nucleotides  -v  --mafft pan_genome_sequences/modE.fa
2026/04/21 17:40:46 Running command: protein_alignment_from_nucleotides  -v  --mafft pan_genome_sequences/glnK.fa
2026/04/21 17:40:46 Running command: protein_alignment_from_nucleotides  -v  --mafft pan_genome_sequences/lysN.fa
2026/04/21 17:40:46 Running command: protein_alignment_from_nucleotides  -v  --mafft pan_genome_sequences/argH.fa
2026/04/21 17:40:46 Running command: protein_alignment_from_nucleotides  -v  --mafft pan_genome_sequences/cidA_2.fa
2026/04/21 17:40:46 Running command: protein_alignment_from_nucleotides  -v  --mafft pan_genome_sequences/group_5491.fa
2026/04/21 17:40:46 Running command: protein_alignment_from_nucleotides  -v  --mafft pan_genome_sequences/group_17136.fa
2026/04/21 17:40:46 Running command: protein_alignment_from_nucleotides  -v  --mafft pan_genome_sequences/spuD_2.fa
2026/04/21 17:40:46 Running command: protein_alignment_from_nucleotides  -v  --mafft pan_genome_sequences/ubiX.fa
2026/04/21 17:40:46 Running command: protein_alignment_from_nucleotides  -v  --mafft pan_genome_sequences/fimW.fa
2026/04/21 17:40:46 Running command: protein_alignment_from_nucleotides  -v  --mafft pan_genome_sequences/mdoB_1.fa
2026/04/21 17:40:46 Running command: protein_alignment_from_nucleotides  -v  --mafft pan_genome_sequences/ynbA.fa
2026/04/21 17:40:46 Running command: protein_alignment_from_nucleotides  -v  --mafft pan_genome_sequences/gdhA.fa
2026/04/21 17:40:46 Running command: protein_alignment_from_nucleotides  -v  --mafft pan_genome_sequences/ygiW.fa
2026/04/21 17:40:46 Running command: protein_alignment_from_nucleotides  -v  --mafft pan_genome_sequences/group_18162.fa
2026/04/21 17:40:46 Running command: protein_alignment_from_nucleotides  -v  --mafft pan_genome_sequences/adeP_2.fa
2026/04/21 17:40:46 Running command: protein_alignment_from_nucleotides  -v  --mafft pan_genome_sequences/group_18584.fa
2026/04/21 17:40:46 Running command: protein_alignment_from_nucleotides  -v  --mafft pan_genome_sequences/glpT_2.fa
2026/04/21 17:40:46 Running command: protein_alignment_from_nucleotides  -v  --mafft pan_genome_sequences/aphA.fa
2026/04/21 17:40:46 Running command: protein_alignment_from_nucleotides  -v  --mafft pan_genome_sequences/queD.fa
2026/04/21 17:40:46 Running command: protein_alignment_from_nucleotides  -v  --mafft pan_genome_sequences/group_4976.fa
2026/04/21 17:40:46 Running command: protein_alignment_from_nucleotides  -v  --mafft pan_genome_sequences/rpmB.fa
2026/04/21 17:40:46 Running command: protein_alignment_from_nucleotides  -v  --mafft pan_genome_sequences/yciO.fa
2026/04/21 17:40:46 Running command: protein_alignment_from_nucleotides  -v  --mafft pan_genome_sequences/bauD.fa
2026/04/21 17:40:46 Running command: protein_alignment_from_nucleotides  -v  --mafft pan_genome_sequences/mtnD.fa
2026/04/21 17:40:46 Running command: protein_alignment_from_nucleotides  -v  --mafft pan_genome_sequences/ybiS.fa
2026/04/21 17:40:46 Running command: protein_alignment_from_nucleotides  -v  --mafft pan_genome_sequences/group_17065.fa
2026/04/21 17:40:46 Running command: protein_alignment_from_nucleotides  -v  --mafft pan_genome_sequences/paaF_2.fa
2026/04/21 17:40:46 Running command: protein_alignment_from_nucleotides  -v  --mafft pan_genome_sequences/pth.fa
2026/04/21 17:40:46 Running command: protein_alignment_from_nucleotides  -v  --mafft pan_genome_sequences/group_17941.fa
2026/04/21 17:40:46 Running command: protein_alignment_from_nucleotides  -v  --mafft pan_genome_sequences/mmgC_2.fa
2026/04/21 17:40:46 Running command: protein_alignment_from_nucleotides  -v  --mafft pan_genome_sequences/pdhA.fa
2026/04/21 17:40:46 Running command: protein_alignment_from_nucleotides  -v  --mafft pan_genome_sequences/group_4797.fa
2026/04/21 17:40:46 Running command: protein_alignment_from_nucleotides  -v  --mafft pan_genome_sequences/group_17314.fa
2026/04/21 17:40:46 Running command: protein_alignment_from_nucleotides  -v  --mafft pan_genome_sequences/group_3538.fa
2026/04/21 17:40:46 Running command: protein_alignment_from_nucleotides  -v  --mafft pan_genome_sequences/hyuC.fa
2026/04/21 17:40:46 Running command: protein_alignment_from_nucleotides  -v  --mafft pan_genome_sequences/rplQ.fa
2026/04/21 17:40:46 Running command: protein_alignment_from_nucleotides  -v  --mafft pan_genome_sequences/fgd.fa
2026/04/21 17:40:46 Running command: protein_alignment_from_nucleotides  -v  --mafft pan_genome_sequences/dnaG.fa
2026/04/21 17:40:46 Running command: protein_alignment_from_nucleotides  -v  --mafft pan_genome_sequences/rplY.fa
2026/04/21 17:40:46 Running command: protein_alignment_from_nucleotides  -v  --mafft pan_genome_sequences/group_4788.fa
2026/04/21 17:40:46 Running command: protein_alignment_from_nucleotides  -v  --mafft pan_genome_sequences/group_3661.fa
2026/04/21 17:40:46 Running command: protein_alignment_from_nucleotides  -v  --mafft pan_genome_sequences/ccmA.fa
2026/04/21 17:40:46 Running command: protein_alignment_from_nucleotides  -v  --mafft pan_genome_sequences/panS_2.fa
2026/04/21 17:40:46 Running command: protein_alignment_from_nucleotides  -v  --mafft pan_genome_sequences/phnG.fa
2026/04/21 17:40:46 Running command: protein_alignment_from_nucleotides  -v  --mafft pan_genome_sequences/group_3206.fa
2026/04/21 17:40:46 Running command: protein_alignment_from_nucleotides  -v  --mafft pan_genome_sequences/nasD.fa
2026/04/21 17:40:46 Running command: protein_alignment_from_nucleotides  -v  --mafft pan_genome_sequences/group_18476.fa
2026/04/21 17:40:46 Running command: protein_alignment_from_nucleotides  -v  --mafft pan_genome_sequences/group_4800.fa
2026/04/21 17:40:46 Running command: protein_alignment_from_nucleotides  -v  --mafft pan_genome_sequences/hpf.fa
2026/04/21 17:40:46 Running command: protein_alignment_from_nucleotides  -v  --mafft pan_genome_sequences/group_4310.fa
2026/04/21 17:40:46 Running command: protein_alignment_from_nucleotides  -v  --mafft pan_genome_sequences/kdpB.fa
2026/04/21 17:40:46 Running command: protein_alignment_from_nucleotides  -v  --mafft pan_genome_sequences/group_3279.fa
2026/04/21 17:40:46 Running command: protein_alignment_from_nucleotides  -v  --mafft pan_genome_sequences/group_17050.fa
2026/04/21 17:40:46 Running command: protein_alignment_from_nucleotides  -v  --mafft pan_genome_sequences/pstS.fa
2026/04/21 17:40:46 Running command: protein_alignment_from_nucleotides  -v  --mafft pan_genome_sequences/group_18433.fa
2026/04/21 17:40:46 Running command: protein_alignment_from_nucleotides  -v  --mafft pan_genome_sequences/nrdR.fa
2026/04/21 17:40:46 Running command: protein_alignment_from_nucleotides  -v  --mafft pan_genome_sequences/pepN.fa
2026/04/21 17:40:46 Running command: protein_alignment_from_nucleotides  -v  --mafft pan_genome_sequences/upp.fa
2026/04/21 17:40:46 Running command: protein_alignment_from_nucleotides  -v  --mafft pan_genome_sequences/ribN.fa
2026/04/21 17:40:46 Running command: protein_alignment_from_nucleotides  -v  --mafft pan_genome_sequences/gcvH_3.fa
2026/04/21 17:40:46 Running command: protein_alignment_from_nucleotides  -v  --mafft pan_genome_sequences/prfB_1.fa
2026/04/21 17:40:46 Running command: protein_alignment_from_nucleotides  -v  --mafft pan_genome_sequences/flgF.fa
2026/04/21 17:40:46 Running command: protein_alignment_from_nucleotides  -v  --mafft pan_genome_sequences/narK.fa
2026/04/21 17:40:46 Running command: protein_alignment_from_nucleotides  -v  --mafft pan_genome_sequences/hmuU_1.fa
2026/04/21 17:40:46 Running command: protein_alignment_from_nucleotides  -v  --mafft pan_genome_sequences/lap.fa
2026/04/21 17:40:46 Running command: protein_alignment_from_nucleotides  -v  --mafft pan_genome_sequences/envZ.fa
2026/04/21 17:40:46 Running command: protein_alignment_from_nucleotides  -v  --mafft pan_genome_sequences/rplK.fa
2026/04/21 17:40:46 Running command: protein_alignment_from_nucleotides  -v  --mafft pan_genome_sequences/group_4220.fa
2026/04/21 17:40:46 Running command: protein_alignment_from_nucleotides  -v  --mafft pan_genome_sequences/ped.fa
2026/04/21 17:40:46 Running command: protein_alignment_from_nucleotides  -v  --mafft pan_genome_sequences/group_3768.fa
2026/04/21 17:40:46 Running command: protein_alignment_from_nucleotides  -v  --mafft pan_genome_sequences/cysL_3.fa
2026/04/21 17:40:46 Running command: protein_alignment_from_nucleotides  -v  --mafft pan_genome_sequences/lytR.fa
2026/04/21 17:40:46 Running command: protein_alignment_from_nucleotides  -v  --mafft pan_genome_sequences/group_4912.fa
2026/04/21 17:40:46 Running command: protein_alignment_from_nucleotides  -v  --mafft pan_genome_sequences/btr.fa
2026/04/21 17:40:46 Running command: protein_alignment_from_nucleotides  -v  --mafft pan_genome_sequences/group_5918.fa
2026/04/21 17:40:46 Running command: protein_alignment_from_nucleotides  -v  --mafft pan_genome_sequences/hslO.fa
2026/04/21 17:40:46 Running command: protein_alignment_from_nucleotides  -v  --mafft pan_genome_sequences/glmM_1.fa
2026/04/21 17:40:46 Running command: protein_alignment_from_nucleotides  -v  --mafft pan_genome_sequences/fucA_2.fa
2026/04/21 17:40:46 Running command: protein_alignment_from_nucleotides  -v  --mafft pan_genome_sequences/group_17083.fa
2026/04/21 17:40:46 Running command: protein_alignment_from_nucleotides  -v  --mafft pan_genome_sequences/thiG.fa
2026/04/21 17:40:46 Running command: protein_alignment_from_nucleotides  -v  --mafft pan_genome_sequences/nhaK.fa
2026/04/21 17:40:46 Running command: protein_alignment_from_nucleotides  -v  --mafft pan_genome_sequences/aaeA_1.fa
2026/04/21 17:40:46 Running command: protein_alignment_from_nucleotides  -v  --mafft pan_genome_sequences/livH_1.fa
2026/04/21 17:40:46 Running command: protein_alignment_from_nucleotides  -v  --mafft pan_genome_sequences/tesB.fa
2026/04/21 17:40:46 Running command: protein_alignment_from_nucleotides  -v  --mafft pan_genome_sequences/rhaS_2.fa
2026/04/21 17:40:46 Running command: protein_alignment_from_nucleotides  -v  --mafft pan_genome_sequences/phaC_2.fa
2026/04/21 17:40:46 Running command: protein_alignment_from_nucleotides  -v  --mafft pan_genome_sequences/rsgA.fa
2026/04/21 17:40:46 Running command: protein_alignment_from_nucleotides  -v  --mafft pan_genome_sequences/cntO_1.fa
2026/04/21 17:40:46 Running command: protein_alignment_from_nucleotides  -v  --mafft pan_genome_sequences/gabR_2.fa
2026/04/21 17:40:46 Running command: protein_alignment_from_nucleotides  -v  --mafft pan_genome_sequences/gmhB.fa
2026/04/21 17:40:46 Running command: protein_alignment_from_nucleotides  -v  --mafft pan_genome_sequences/rssB_2.fa
2026/04/21 17:40:46 Running command: protein_alignment_from_nucleotides  -v  --mafft pan_genome_sequences/group_18503.fa
2026/04/21 17:40:46 Running command: protein_alignment_from_nucleotides  -v  --mafft pan_genome_sequences/thyA.fa
2026/04/21 17:40:46 Running command: protein_alignment_from_nucleotides  -v  --mafft pan_genome_sequences/group_17093.fa
2026/04/21 17:40:46 Running command: protein_alignment_from_nucleotides  -v  --mafft pan_genome_sequences/puuC_1.fa
2026/04/21 17:40:46 Running command: protein_alignment_from_nucleotides  -v  --mafft pan_genome_sequences/rhaS_1.fa
2026/04/21 17:40:46 Running command: protein_alignment_from_nucleotides  -v  --mafft pan_genome_sequences/yhaJ_2.fa
2026/04/21 17:40:46 Running command: protein_alignment_from_nucleotides  -v  --mafft pan_genome_sequences/katB.fa
2026/04/21 17:40:46 Running command: protein_alignment_from_nucleotides  -v  --mafft pan_genome_sequences/hemY.fa
2026/04/21 17:40:46 Running command: protein_alignment_from_nucleotides  -v  --mafft pan_genome_sequences/nrdB.fa
2026/04/21 17:40:46 Running command: protein_alignment_from_nucleotides  -v  --mafft pan_genome_sequences/copA_3.fa
2026/04/21 17:40:46 Running command: protein_alignment_from_nucleotides  -v  --mafft pan_genome_sequences/mshA_1.fa
2026/04/21 17:40:46 Running command: protein_alignment_from_nucleotides  -v  --mafft pan_genome_sequences/group_6033.fa
2026/04/21 17:40:46 Running command: protein_alignment_from_nucleotides  -v  --mafft pan_genome_sequences/bauA_1.fa
2026/04/21 17:40:46 Running command: protein_alignment_from_nucleotides  -v  --mafft pan_genome_sequences/group_5186.fa
2026/04/21 17:40:46 Running command: protein_alignment_from_nucleotides  -v  --mafft pan_genome_sequences/emrB_1.fa
2026/04/21 17:40:46 Running command: protein_alignment_from_nucleotides  -v  --mafft pan_genome_sequences/tobZ.fa
2026/04/21 17:40:46 Running command: protein_alignment_from_nucleotides  -v  --mafft pan_genome_sequences/oxyR_1.fa
2026/04/21 17:40:46 Running command: protein_alignment_from_nucleotides  -v  --mafft pan_genome_sequences/ubiI.fa
2026/04/21 17:40:46 Running command: protein_alignment_from_nucleotides  -v  --mafft pan_genome_sequences/infB.fa
2026/04/21 17:40:46 Running command: protein_alignment_from_nucleotides  -v  --mafft pan_genome_sequences/group_17657.fa
2026/04/21 17:40:46 Running command: protein_alignment_from_nucleotides  -v  --mafft pan_genome_sequences/group_18257.fa
2026/04/21 17:40:46 Running command: protein_alignment_from_nucleotides  -v  --mafft pan_genome_sequences/menB_1.fa
2026/04/21 17:40:46 Running command: protein_alignment_from_nucleotides  -v  --mafft pan_genome_sequences/csaA.fa
2026/04/21 17:40:46 Running command: protein_alignment_from_nucleotides  -v  --mafft pan_genome_sequences/cheR2.fa
2026/04/21 17:40:46 Running command: protein_alignment_from_nucleotides  -v  --mafft pan_genome_sequences/group_4841.fa
2026/04/21 17:40:46 Running command: protein_alignment_from_nucleotides  -v  --mafft pan_genome_sequences/dtd.fa
2026/04/21 17:40:46 Running command: protein_alignment_from_nucleotides  -v  --mafft pan_genome_sequences/lpdG.fa
2026/04/21 17:40:46 Running command: protein_alignment_from_nucleotides  -v  --mafft pan_genome_sequences/group_18324.fa
2026/04/21 17:40:46 Running command: protein_alignment_from_nucleotides  -v  --mafft pan_genome_sequences/clpP_2.fa
2026/04/21 17:40:46 Running command: protein_alignment_from_nucleotides  -v  --mafft pan_genome_sequences/tusB.fa
2026/04/21 17:40:46 Running command: protein_alignment_from_nucleotides  -v  --mafft pan_genome_sequences/phnN.fa
2026/04/21 17:40:46 Running command: protein_alignment_from_nucleotides  -v  --mafft pan_genome_sequences/truA.fa
2026/04/21 17:40:46 Running command: protein_alignment_from_nucleotides  -v  --mafft pan_genome_sequences/recX.fa
2026/04/21 17:40:46 Running command: protein_alignment_from_nucleotides  -v  --mafft pan_genome_sequences/group_4943.fa
2026/04/21 17:40:46 Running command: protein_alignment_from_nucleotides  -v  --mafft pan_genome_sequences/acpP_2.fa
2026/04/21 17:40:46 Running command: protein_alignment_from_nucleotides  -v  --mafft pan_genome_sequences/group_1630.fa
2026/04/21 17:40:46 Running command: protein_alignment_from_nucleotides  -v  --mafft pan_genome_sequences/cobL.fa
2026/04/21 17:40:46 Running command: protein_alignment_from_nucleotides  -v  --mafft pan_genome_sequences/moeA.fa
2026/04/21 17:40:46 Running command: protein_alignment_from_nucleotides  -v  --mafft pan_genome_sequences/narW.fa
2026/04/21 17:40:46 Running command: protein_alignment_from_nucleotides  -v  --mafft pan_genome_sequences/ydjF.fa
2026/04/21 17:40:46 Running command: protein_alignment_from_nucleotides  -v  --mafft pan_genome_sequences/lysS.fa
2026/04/21 17:40:46 Running command: protein_alignment_from_nucleotides  -v  --mafft pan_genome_sequences/lptB_3.fa
2026/04/21 17:40:46 Running command: protein_alignment_from_nucleotides  -v  --mafft pan_genome_sequences/group_6215.fa
2026/04/21 17:40:46 Running command: protein_alignment_from_nucleotides  -v  --mafft pan_genome_sequences/hflD.fa
2026/04/21 17:40:46 Running command: protein_alignment_from_nucleotides  -v  --mafft pan_genome_sequences/mltF_4.fa
2026/04/21 17:40:46 Running command: protein_alignment_from_nucleotides  -v  --mafft pan_genome_sequences/nimR_1.fa
2026/04/21 17:40:46 Running command: protein_alignment_from_nucleotides  -v  --mafft pan_genome_sequences/cca.fa
2026/04/21 17:40:46 Running command: protein_alignment_from_nucleotides  -v  --mafft pan_genome_sequences/apbE.fa
2026/04/21 17:40:46 Running command: protein_alignment_from_nucleotides  -v  --mafft pan_genome_sequences/bamA_2.fa
2026/04/21 17:40:46 Running command: protein_alignment_from_nucleotides  -v  --mafft pan_genome_sequences/phnE_2.fa
2026/04/21 17:40:46 Running command: protein_alignment_from_nucleotides  -v  --mafft pan_genome_sequences/epsF_3.fa
2026/04/21 17:40:46 Running command: protein_alignment_from_nucleotides  -v  --mafft pan_genome_sequences/group_18381.fa
2026/04/21 17:40:46 Running command: protein_alignment_from_nucleotides  -v  --mafft pan_genome_sequences/engB.fa
2026/04/21 17:40:46 Running command: protein_alignment_from_nucleotides  -v  --mafft pan_genome_sequences/mucB.fa
2026/04/21 17:40:46 Running command: protein_alignment_from_nucleotides  -v  --mafft pan_genome_sequences/bauB.fa
2026/04/21 17:40:46 Running command: protein_alignment_from_nucleotides  -v  --mafft pan_genome_sequences/btuD_3.fa
2026/04/21 17:40:46 Running command: protein_alignment_from_nucleotides  -v  --mafft pan_genome_sequences/group_18218.fa
2026/04/21 17:40:46 Running command: protein_alignment_from_nucleotides  -v  --mafft pan_genome_sequences/smrA.fa
2026/04/21 17:40:46 Running command: protein_alignment_from_nucleotides  -v  --mafft pan_genome_sequences/group_5634.fa
2026/04/21 17:40:46 Running command: protein_alignment_from_nucleotides  -v  --mafft pan_genome_sequences/group_18148.fa
2026/04/21 17:40:46 Running command: protein_alignment_from_nucleotides  -v  --mafft pan_genome_sequences/ghrA.fa
2026/04/21 17:40:46 Running command: protein_alignment_from_nucleotides  -v  --mafft pan_genome_sequences/group_3799.fa
2026/04/21 17:40:46 Running command: protein_alignment_from_nucleotides  -v  --mafft pan_genome_sequences/glpG.fa
2026/04/21 17:40:46 Running command: protein_alignment_from_nucleotides  -v  --mafft pan_genome_sequences/opuAB_1.fa
2026/04/21 17:40:46 Running command: protein_alignment_from_nucleotides  -v  --mafft pan_genome_sequences/hscA.fa
2026/04/21 17:40:46 Running command: protein_alignment_from_nucleotides  -v  --mafft pan_genome_sequences/cbiA.fa
2026/04/21 17:40:46 Running command: protein_alignment_from_nucleotides  -v  --mafft pan_genome_sequences/map_2.fa
2026/04/21 17:40:46 Running command: protein_alignment_from_nucleotides  -v  --mafft pan_genome_sequences/alyA_2.fa
2026/04/21 17:40:46 Running command: protein_alignment_from_nucleotides  -v  --mafft pan_genome_sequences/group_17802.fa
2026/04/21 17:40:46 Running command: protein_alignment_from_nucleotides  -v  --mafft pan_genome_sequences/gltX.fa
2026/04/21 17:40:46 Running command: protein_alignment_from_nucleotides  -v  --mafft pan_genome_sequences/group_18296.fa
2026/04/21 17:40:46 Running command: protein_alignment_from_nucleotides  -v  --mafft pan_genome_sequences/group_6045.fa
2026/04/21 17:40:46 Running command: protein_alignment_from_nucleotides  -v  --mafft pan_genome_sequences/fur.fa
2026/04/21 17:40:46 Running command: protein_alignment_from_nucleotides  -v  --mafft pan_genome_sequences/group_4314.fa
2026/04/21 17:40:46 Running command: protein_alignment_from_nucleotides  -v  --mafft pan_genome_sequences/rnfA.fa
2026/04/21 17:40:46 Running command: protein_alignment_from_nucleotides  -v  --mafft pan_genome_sequences/clpX_2.fa
2026/04/21 17:40:46 Running command: protein_alignment_from_nucleotides  -v  --mafft pan_genome_sequences/group_3022.fa
2026/04/21 17:40:46 Running command: protein_alignment_from_nucleotides  -v  --mafft pan_genome_sequences/oprO.fa
2026/04/21 17:40:46 Running command: protein_alignment_from_nucleotides  -v  --mafft pan_genome_sequences/rpsB.fa
2026/04/21 17:40:46 Running command: protein_alignment_from_nucleotides  -v  --mafft pan_genome_sequences/group_2392.fa
2026/04/21 17:40:46 Running command: protein_alignment_from_nucleotides  -v  --mafft pan_genome_sequences/isfD.fa
2026/04/21 17:40:46 Running command: protein_alignment_from_nucleotides  -v  --mafft pan_genome_sequences/hemH.fa
2026/04/21 17:40:46 Running command: protein_alignment_from_nucleotides  -v  --mafft pan_genome_sequences/algE.fa
2026/04/21 17:40:46 Running command: protein_alignment_from_nucleotides  -v  --mafft pan_genome_sequences/puuB_5.fa
2026/04/21 17:40:46 Running command: protein_alignment_from_nucleotides  -v  --mafft pan_genome_sequences/group_1980.fa
2026/04/21 17:40:46 Running command: protein_alignment_from_nucleotides  -v  --mafft pan_genome_sequences/group_4213.fa
2026/04/21 17:40:46 Running command: protein_alignment_from_nucleotides  -v  --mafft pan_genome_sequences/group_18260.fa
2026/04/21 17:40:46 Running command: protein_alignment_from_nucleotides  -v  --mafft pan_genome_sequences/serB1.fa
2026/04/21 17:40:46 Running command: protein_alignment_from_nucleotides  -v  --mafft pan_genome_sequences/group_2512.fa
2026/04/21 17:40:46 Running command: protein_alignment_from_nucleotides  -v  --mafft pan_genome_sequences/group_18438.fa
2026/04/21 17:40:46 Running command: protein_alignment_from_nucleotides  -v  --mafft pan_genome_sequences/group_4463.fa
2026/04/21 17:40:46 Running command: protein_alignment_from_nucleotides  -v  --mafft pan_genome_sequences/lolD_1.fa
2026/04/21 17:40:46 Running command: protein_alignment_from_nucleotides  -v  --mafft pan_genome_sequences/group_5463.fa
2026/04/21 17:40:46 Running command: protein_alignment_from_nucleotides  -v  --mafft pan_genome_sequences/lolE_2.fa
2026/04/21 17:40:46 Running command: protein_alignment_from_nucleotides  -v  --mafft pan_genome_sequences/group_17803.fa
2026/04/21 17:40:46 Running command: protein_alignment_from_nucleotides  -v  --mafft pan_genome_sequences/yhaJ_4.fa
2026/04/21 17:40:46 Running command: protein_alignment_from_nucleotides  -v  --mafft pan_genome_sequences/algU_1.fa
2026/04/21 17:40:46 Running command: protein_alignment_from_nucleotides  -v  --mafft pan_genome_sequences/group_18500.fa
2026/04/21 17:40:46 Running command: protein_alignment_from_nucleotides  -v  --mafft pan_genome_sequences/opuAB_2.fa
2026/04/21 17:40:46 Running command: protein_alignment_from_nucleotides  -v  --mafft pan_genome_sequences/group_2187.fa
2026/04/21 17:40:46 Running command: protein_alignment_from_nucleotides  -v  --mafft pan_genome_sequences/pqiA_3.fa
2026/04/21 17:40:46 Running command: protein_alignment_from_nucleotides  -v  --mafft pan_genome_sequences/group_5953.fa
2026/04/21 17:40:46 Running command: protein_alignment_from_nucleotides  -v  --mafft pan_genome_sequences/dmlR_1.fa
2026/04/21 17:40:46 Running command: protein_alignment_from_nucleotides  -v  --mafft pan_genome_sequences/hxuB_2.fa
2026/04/21 17:40:46 Running command: protein_alignment_from_nucleotides  -v  --mafft pan_genome_sequences/znuC_2.fa
2026/04/21 17:40:46 Running command: protein_alignment_from_nucleotides  -v  --mafft pan_genome_sequences/kefC.fa
2026/04/21 17:40:46 Running command: protein_alignment_from_nucleotides  -v  --mafft pan_genome_sequences/nirS_2.fa
2026/04/21 17:40:46 Running command: protein_alignment_from_nucleotides  -v  --mafft pan_genome_sequences/drgA.fa
2026/04/21 17:40:46 Running command: protein_alignment_from_nucleotides  -v  --mafft pan_genome_sequences/group_18103.fa
2026/04/21 17:40:46 Running command: protein_alignment_from_nucleotides  -v  --mafft pan_genome_sequences/group_4278.fa
2026/04/21 17:40:46 Running command: protein_alignment_from_nucleotides  -v  --mafft pan_genome_sequences/yohK_1.fa
2026/04/21 17:40:46 Running command: protein_alignment_from_nucleotides  -v  --mafft pan_genome_sequences/gap2.fa
2026/04/21 17:40:46 Running command: protein_alignment_from_nucleotides  -v  --mafft pan_genome_sequences/dctB_2.fa
2026/04/21 17:40:46 Running command: protein_alignment_from_nucleotides  -v  --mafft pan_genome_sequences/rpmJ.fa
2026/04/21 17:40:46 Running command: protein_alignment_from_nucleotides  -v  --mafft pan_genome_sequences/nosF.fa
2026/04/21 17:40:46 Running command: protein_alignment_from_nucleotides  -v  --mafft pan_genome_sequences/hmuV.fa
2026/04/21 17:40:46 Running command: protein_alignment_from_nucleotides  -v  --mafft pan_genome_sequences/ppiA.fa
2026/04/21 17:40:46 Running command: protein_alignment_from_nucleotides  -v  --mafft pan_genome_sequences/group_4757.fa
2026/04/21 17:40:46 Running command: protein_alignment_from_nucleotides  -v  --mafft pan_genome_sequences/gatB.fa
2026/04/21 17:40:46 Running command: protein_alignment_from_nucleotides  -v  --mafft pan_genome_sequences/group_17175.fa
2026/04/21 17:40:46 Running command: protein_alignment_from_nucleotides  -v  --mafft pan_genome_sequences/adk.fa
2026/04/21 17:40:46 Running command: protein_alignment_from_nucleotides  -v  --mafft pan_genome_sequences/cbiO.fa
2026/04/21 17:40:46 Running command: protein_alignment_from_nucleotides  -v  --mafft pan_genome_sequences/pqsE.fa
2026/04/21 17:40:46 Running command: protein_alignment_from_nucleotides  -v  --mafft pan_genome_sequences/bphD.fa
2026/04/21 17:40:46 Running command: protein_alignment_from_nucleotides  -v  --mafft pan_genome_sequences/gltD_2.fa
2026/04/21 17:40:46 Running command: protein_alignment_from_nucleotides  -v  --mafft pan_genome_sequences/hisE.fa
2026/04/21 17:40:46 Running command: protein_alignment_from_nucleotides  -v  --mafft pan_genome_sequences/group_5218.fa
2026/04/21 17:40:46 Running command: protein_alignment_from_nucleotides  -v  --mafft pan_genome_sequences/nfuA.fa
2026/04/21 17:40:46 Running command: protein_alignment_from_nucleotides  -v  --mafft pan_genome_sequences/bepA_4.fa
2026/04/21 17:40:46 Running command: protein_alignment_from_nucleotides  -v  --mafft pan_genome_sequences/glxR_1.fa
2026/04/21 17:40:46 Running command: protein_alignment_from_nucleotides  -v  --mafft pan_genome_sequences/sasA_13.fa
2026/04/21 17:40:46 Running command: protein_alignment_from_nucleotides  -v  --mafft pan_genome_sequences/siaM.fa
2026/04/21 17:40:46 Running command: protein_alignment_from_nucleotides  -v  --mafft pan_genome_sequences/group_3412.fa
2026/04/21 17:40:46 Running command: protein_alignment_from_nucleotides  -v  --mafft pan_genome_sequences/sasA_4.fa
2026/04/21 17:40:46 Running command: protein_alignment_from_nucleotides  -v  --mafft pan_genome_sequences/ribD.fa
2026/04/21 17:40:46 Running command: protein_alignment_from_nucleotides  -v  --mafft pan_genome_sequences/gshA.fa
2026/04/21 17:40:46 Running command: protein_alignment_from_nucleotides  -v  --mafft pan_genome_sequences/group_5365.fa
2026/04/21 17:40:46 Running command: protein_alignment_from_nucleotides  -v  --mafft pan_genome_sequences/minE.fa
2026/04/21 17:40:46 Running command: protein_alignment_from_nucleotides  -v  --mafft pan_genome_sequences/bvgA_2.fa
2026/04/21 17:40:46 Running command: protein_alignment_from_nucleotides  -v  --mafft pan_genome_sequences/group_2423.fa
2026/04/21 17:40:46 Running command: protein_alignment_from_nucleotides  -v  --mafft pan_genome_sequences/malT_6.fa
2026/04/21 17:40:46 Running command: protein_alignment_from_nucleotides  -v  --mafft pan_genome_sequences/group_5121.fa
2026/04/21 17:40:46 Running command: protein_alignment_from_nucleotides  -v  --mafft pan_genome_sequences/group_18344.fa
2026/04/21 17:40:46 Running command: protein_alignment_from_nucleotides  -v  --mafft pan_genome_sequences/puuR_2.fa
2026/04/21 17:40:46 Running command: protein_alignment_from_nucleotides  -v  --mafft pan_genome_sequences/hcaT_1.fa
2026/04/21 17:40:46 Running command: protein_alignment_from_nucleotides  -v  --mafft pan_genome_sequences/group_4397.fa
2026/04/21 17:40:46 Running command: protein_alignment_from_nucleotides  -v  --mafft pan_genome_sequences/pilT_1.fa
2026/04/21 17:40:46 Running command: protein_alignment_from_nucleotides  -v  --mafft pan_genome_sequences/group_2161.fa
2026/04/21 17:40:46 Running command: protein_alignment_from_nucleotides  -v  --mafft pan_genome_sequences/sasA_15.fa
2026/04/21 17:40:46 Running command: protein_alignment_from_nucleotides  -v  --mafft pan_genome_sequences/amiD_1.fa
2026/04/21 17:40:46 Running command: protein_alignment_from_nucleotides  -v  --mafft pan_genome_sequences/sufE.fa
2026/04/21 17:40:46 Running command: protein_alignment_from_nucleotides  -v  --mafft pan_genome_sequences/rpoA.fa
2026/04/21 17:40:46 Running command: protein_alignment_from_nucleotides  -v  --mafft pan_genome_sequences/puuB_9.fa
2026/04/21 17:40:46 Running command: protein_alignment_from_nucleotides  -v  --mafft pan_genome_sequences/prtR_1.fa
2026/04/21 17:40:46 Running command: protein_alignment_from_nucleotides  -v  --mafft pan_genome_sequences/map_1.fa
2026/04/21 17:40:46 Running command: protein_alignment_from_nucleotides  -v  --mafft pan_genome_sequences/hdfR_2.fa
2026/04/21 17:40:46 Running command: protein_alignment_from_nucleotides  -v  --mafft pan_genome_sequences/tesA.fa
2026/04/21 17:40:46 Running command: protein_alignment_from_nucleotides  -v  --mafft pan_genome_sequences/group_4441.fa
2026/04/21 17:40:46 Running command: protein_alignment_from_nucleotides  -v  --mafft pan_genome_sequences/dusB.fa
2026/04/21 17:40:46 Running command: protein_alignment_from_nucleotides  -v  --mafft pan_genome_sequences/creB.fa
2026/04/21 17:40:46 Running command: protein_alignment_from_nucleotides  -v  --mafft pan_genome_sequences/group_2882.fa
2026/04/21 17:40:46 Running command: protein_alignment_from_nucleotides  -v  --mafft pan_genome_sequences/stcD.fa
2026/04/21 17:40:46 Running command: protein_alignment_from_nucleotides  -v  --mafft pan_genome_sequences/creD.fa
2026/04/21 17:40:46 Running command: protein_alignment_from_nucleotides  -v  --mafft pan_genome_sequences/group_4589.fa
2026/04/21 17:40:46 Running command: protein_alignment_from_nucleotides  -v  --mafft pan_genome_sequences/ansB.fa
2026/04/21 17:40:46 Running command: protein_alignment_from_nucleotides  -v  --mafft pan_genome_sequences/group_5301.fa
2026/04/21 17:40:46 Running command: protein_alignment_from_nucleotides  -v  --mafft pan_genome_sequences/pitA_2.fa
2026/04/21 17:40:46 Running command: protein_alignment_from_nucleotides  -v  --mafft pan_genome_sequences/dmlR_25.fa
2026/04/21 17:40:46 Running command: protein_alignment_from_nucleotides  -v  --mafft pan_genome_sequences/ribBA.fa
2026/04/21 17:40:46 Running command: protein_alignment_from_nucleotides  -v  --mafft pan_genome_sequences/glnE.fa
2026/04/21 17:40:46 Running command: protein_alignment_from_nucleotides  -v  --mafft pan_genome_sequences/fadB_2.fa
2026/04/21 17:40:46 Running command: protein_alignment_from_nucleotides  -v  --mafft pan_genome_sequences/petC.fa
2026/04/21 17:40:46 Running command: protein_alignment_from_nucleotides  -v  --mafft pan_genome_sequences/group_18400.fa
2026/04/21 17:40:46 Running command: protein_alignment_from_nucleotides  -v  --mafft pan_genome_sequences/iscR.fa
2026/04/21 17:40:46 Running command: protein_alignment_from_nucleotides  -v  --mafft pan_genome_sequences/bamA_1.fa
2026/04/21 17:40:46 Running command: protein_alignment_from_nucleotides  -v  --mafft pan_genome_sequences/group_18263.fa
2026/04/21 17:40:46 Running command: protein_alignment_from_nucleotides  -v  --mafft pan_genome_sequences/fdoI.fa
2026/04/21 17:40:46 Running command: protein_alignment_from_nucleotides  -v  --mafft pan_genome_sequences/group_2133.fa
2026/04/21 17:40:46 Running command: protein_alignment_from_nucleotides  -v  --mafft pan_genome_sequences/cysK.fa
2026/04/21 17:40:46 Running command: protein_alignment_from_nucleotides  -v  --mafft pan_genome_sequences/ubiK.fa
2026/04/21 17:40:46 Running command: protein_alignment_from_nucleotides  -v  --mafft pan_genome_sequences/pykA.fa
2026/04/21 17:40:46 Running command: protein_alignment_from_nucleotides  -v  --mafft pan_genome_sequences/fadF.fa
2026/04/21 17:40:46 Running command: protein_alignment_from_nucleotides  -v  --mafft pan_genome_sequences/mnmG.fa
2026/04/21 17:40:46 Running command: protein_alignment_from_nucleotides  -v  --mafft pan_genome_sequences/group_17741.fa
2026/04/21 17:40:46 Running command: protein_alignment_from_nucleotides  -v  --mafft pan_genome_sequences/cobM.fa
2026/04/21 17:40:46 Running command: protein_alignment_from_nucleotides  -v  --mafft pan_genome_sequences/ephD.fa
2026/04/21 17:40:46 Running command: protein_alignment_from_nucleotides  -v  --mafft pan_genome_sequences/msrP.fa
2026/04/21 17:40:46 Running command: protein_alignment_from_nucleotides  -v  --mafft pan_genome_sequences/truD.fa
2026/04/21 17:40:46 Running command: protein_alignment_from_nucleotides  -v  --mafft pan_genome_sequences/group_18585.fa
2026/04/21 17:40:46 Running command: protein_alignment_from_nucleotides  -v  --mafft pan_genome_sequences/hcrC.fa
2026/04/21 17:40:46 Running command: protein_alignment_from_nucleotides  -v  --mafft pan_genome_sequences/group_17760.fa
2026/04/21 17:40:46 Running command: protein_alignment_from_nucleotides  -v  --mafft pan_genome_sequences/mmgE.fa
2026/04/21 17:40:46 Running command: protein_alignment_from_nucleotides  -v  --mafft pan_genome_sequences/rpmA.fa
2026/04/21 17:40:46 Running command: protein_alignment_from_nucleotides  -v  --mafft pan_genome_sequences/pucA.fa
2026/04/21 17:40:46 Running command: protein_alignment_from_nucleotides  -v  --mafft pan_genome_sequences/group_17494.fa
2026/04/21 17:40:46 Running command: protein_alignment_from_nucleotides  -v  --mafft pan_genome_sequences/gshB.fa
2026/04/21 17:40:46 Running command: protein_alignment_from_nucleotides  -v  --mafft pan_genome_sequences/nicP_6.fa
2026/04/21 17:40:46 Running command: protein_alignment_from_nucleotides  -v  --mafft pan_genome_sequences/occR.fa
2026/04/21 17:40:46 Running command: protein_alignment_from_nucleotides  -v  --mafft pan_genome_sequences/puuB_4.fa
2026/04/21 17:40:46 Running command: protein_alignment_from_nucleotides  -v  --mafft pan_genome_sequences/group_5253.fa
2026/04/21 17:40:46 Running command: protein_alignment_from_nucleotides  -v  --mafft pan_genome_sequences/occM_2.fa
2026/04/21 17:40:46 Running command: protein_alignment_from_nucleotides  -v  --mafft pan_genome_sequences/yiaV.fa
2026/04/21 17:40:46 Running command: protein_alignment_from_nucleotides  -v  --mafft pan_genome_sequences/apaH_2.fa
2026/04/21 17:40:46 Running command: protein_alignment_from_nucleotides  -v  --mafft pan_genome_sequences/dadX.fa
2026/04/21 17:40:46 Running command: protein_alignment_from_nucleotides  -v  --mafft pan_genome_sequences/rsd.fa
2026/04/21 17:40:46 Running command: protein_alignment_from_nucleotides  -v  --mafft pan_genome_sequences/sbnA.fa
2026/04/21 17:40:46 Running command: protein_alignment_from_nucleotides  -v  --mafft pan_genome_sequences/yffB.fa
2026/04/21 17:40:46 Running command: protein_alignment_from_nucleotides  -v  --mafft pan_genome_sequences/group_17098.fa
2026/04/21 17:40:46 Running command: protein_alignment_from_nucleotides  -v  --mafft pan_genome_sequences/speE_2.fa
2026/04/21 17:40:46 Running command: protein_alignment_from_nucleotides  -v  --mafft pan_genome_sequences/group_17087.fa
2026/04/21 17:40:46 Running command: protein_alignment_from_nucleotides  -v  --mafft pan_genome_sequences/dnaJ.fa
2026/04/21 17:40:46 Running command: protein_alignment_from_nucleotides  -v  --mafft pan_genome_sequences/hflX.fa
2026/04/21 17:40:46 Running command: protein_alignment_from_nucleotides  -v  --mafft pan_genome_sequences/group_4594.fa
2026/04/21 17:40:46 Running command: protein_alignment_from_nucleotides  -v  --mafft pan_genome_sequences/group_4944.fa
2026/04/21 17:40:46 Running command: protein_alignment_from_nucleotides  -v  --mafft pan_genome_sequences/guaD_3.fa
2026/04/21 17:40:46 Running command: protein_alignment_from_nucleotides  -v  --mafft pan_genome_sequences/group_4501.fa
2026/04/21 17:40:46 Running command: protein_alignment_from_nucleotides  -v  --mafft pan_genome_sequences/phoA.fa
2026/04/21 17:40:46 Running command: protein_alignment_from_nucleotides  -v  --mafft pan_genome_sequences/pchR.fa
2026/04/21 17:40:46 Running command: protein_alignment_from_nucleotides  -v  --mafft pan_genome_sequences/group_5383.fa
2026/04/21 17:40:46 Running command: protein_alignment_from_nucleotides  -v  --mafft pan_genome_sequences/fumC_1.fa
2026/04/21 17:40:46 Running command: protein_alignment_from_nucleotides  -v  --mafft pan_genome_sequences/group_5470.fa
2026/04/21 17:40:46 Running command: protein_alignment_from_nucleotides  -v  --mafft pan_genome_sequences/trmR_2.fa
2026/04/21 17:40:46 Running command: protein_alignment_from_nucleotides  -v  --mafft pan_genome_sequences/amiC_3.fa
2026/04/21 17:40:46 Running command: protein_alignment_from_nucleotides  -v  --mafft pan_genome_sequences/group_4411.fa
2026/04/21 17:40:46 Running command: protein_alignment_from_nucleotides  -v  --mafft pan_genome_sequences/accC_1.fa
2026/04/21 17:40:46 Running command: protein_alignment_from_nucleotides  -v  --mafft pan_genome_sequences/group_5798.fa
2026/04/21 17:40:46 Running command: protein_alignment_from_nucleotides  -v  --mafft pan_genome_sequences/vgrG1_1.fa
2026/04/21 17:40:46 Running command: protein_alignment_from_nucleotides  -v  --mafft pan_genome_sequences/fliN.fa
2026/04/21 17:40:46 Running command: protein_alignment_from_nucleotides  -v  --mafft pan_genome_sequences/group_6890.fa
2026/04/21 17:40:46 Running command: protein_alignment_from_nucleotides  -v  --mafft pan_genome_sequences/rnc.fa
2026/04/21 17:40:46 Running command: protein_alignment_from_nucleotides  -v  --mafft pan_genome_sequences/group_4566.fa
2026/04/21 17:40:46 Running command: protein_alignment_from_nucleotides  -v  --mafft pan_genome_sequences/livH_2.fa
2026/04/21 17:40:46 Running command: protein_alignment_from_nucleotides  -v  --mafft pan_genome_sequences/fadJ.fa
2026/04/21 17:40:46 Running command: protein_alignment_from_nucleotides  -v  --mafft pan_genome_sequences/dmlR_22.fa
2026/04/21 17:40:46 Running command: protein_alignment_from_nucleotides  -v  --mafft pan_genome_sequences/ahcY.fa
2026/04/21 17:40:46 Running command: protein_alignment_from_nucleotides  -v  --mafft pan_genome_sequences/group_2023.fa
2026/04/21 17:40:46 Running command: protein_alignment_from_nucleotides  -v  --mafft pan_genome_sequences/rhaS_9.fa
2026/04/21 17:40:46 Running command: protein_alignment_from_nucleotides  -v  --mafft pan_genome_sequences/group_5637.fa
2026/04/21 17:40:46 Running command: protein_alignment_from_nucleotides  -v  --mafft pan_genome_sequences/ubiJ_2.fa
2026/04/21 17:40:46 Running command: protein_alignment_from_nucleotides  -v  --mafft pan_genome_sequences/smpB.fa
2026/04/21 17:40:46 Running command: protein_alignment_from_nucleotides  -v  --mafft pan_genome_sequences/glnQ_1.fa
2026/04/21 17:40:46 Running command: protein_alignment_from_nucleotides  -v  --mafft pan_genome_sequences/argC.fa
2026/04/21 17:40:46 Running command: protein_alignment_from_nucleotides  -v  --mafft pan_genome_sequences/glnS.fa
2026/04/21 17:40:46 Running command: protein_alignment_from_nucleotides  -v  --mafft pan_genome_sequences/group_5813.fa
2026/04/21 17:40:46 Running command: protein_alignment_from_nucleotides  -v  --mafft pan_genome_sequences/group_17813.fa
2026/04/21 17:40:46 Running command: protein_alignment_from_nucleotides  -v  --mafft pan_genome_sequences/entS_2.fa
2026/04/21 17:40:46 Running command: protein_alignment_from_nucleotides  -v  --mafft pan_genome_sequences/group_17099.fa
2026/04/21 17:40:46 Running command: protein_alignment_from_nucleotides  -v  --mafft pan_genome_sequences/ppsA.fa
2026/04/21 17:40:46 Running command: protein_alignment_from_nucleotides  -v  --mafft pan_genome_sequences/group_17974.fa
2026/04/21 17:40:46 Running command: protein_alignment_from_nucleotides  -v  --mafft pan_genome_sequences/btuE_1.fa
2026/04/21 17:40:46 Running command: protein_alignment_from_nucleotides  -v  --mafft pan_genome_sequences/dapB.fa
2026/04/21 17:40:46 Running command: protein_alignment_from_nucleotides  -v  --mafft pan_genome_sequences/ohrR.fa
2026/04/21 17:40:46 Running command: protein_alignment_from_nucleotides  -v  --mafft pan_genome_sequences/tusA_1.fa
2026/04/21 17:40:46 Running command: protein_alignment_from_nucleotides  -v  --mafft pan_genome_sequences/yfcA.fa
2026/04/21 17:40:46 Running command: protein_alignment_from_nucleotides  -v  --mafft pan_genome_sequences/tctD.fa
2026/04/21 17:40:46 Running command: protein_alignment_from_nucleotides  -v  --mafft pan_genome_sequences/sutR_1.fa
2026/04/21 17:40:46 Running command: protein_alignment_from_nucleotides  -v  --mafft pan_genome_sequences/flgB.fa
2026/04/21 17:40:46 Running command: protein_alignment_from_nucleotides  -v  --mafft pan_genome_sequences/pitA_1.fa
2026/04/21 17:40:46 Running command: protein_alignment_from_nucleotides  -v  --mafft pan_genome_sequences/cefD_2.fa
2026/04/21 17:40:46 Running command: protein_alignment_from_nucleotides  -v  --mafft pan_genome_sequences/group_5135.fa
2026/04/21 17:40:46 Running command: protein_alignment_from_nucleotides  -v  --mafft pan_genome_sequences/group_2089.fa
2026/04/21 17:40:46 Running command: protein_alignment_from_nucleotides  -v  --mafft pan_genome_sequences/ynfM_2.fa
2026/04/21 17:40:46 Running command: protein_alignment_from_nucleotides  -v  --mafft pan_genome_sequences/btuB_1.fa
2026/04/21 17:40:46 Running command: protein_alignment_from_nucleotides  -v  --mafft pan_genome_sequences/group_4425.fa
2026/04/21 17:40:46 Running command: protein_alignment_from_nucleotides  -v  --mafft pan_genome_sequences/group_2530.fa
2026/04/21 17:40:46 Running command: protein_alignment_from_nucleotides  -v  --mafft pan_genome_sequences/aaeX_1.fa
2026/04/21 17:40:46 Running command: protein_alignment_from_nucleotides  -v  --mafft pan_genome_sequences/secF.fa
2026/04/21 17:40:46 Running command: protein_alignment_from_nucleotides  -v  --mafft pan_genome_sequences/csrA_2.fa
2026/04/21 17:40:46 Running command: protein_alignment_from_nucleotides  -v  --mafft pan_genome_sequences/tpx.fa
2026/04/21 17:40:46 Running command: protein_alignment_from_nucleotides  -v  --mafft pan_genome_sequences/group_4492.fa
2026/04/21 17:40:46 Running command: protein_alignment_from_nucleotides  -v  --mafft pan_genome_sequences/group_5414.fa
2026/04/21 17:40:46 Running command: protein_alignment_from_nucleotides  -v  --mafft pan_genome_sequences/gloC.fa
2026/04/21 17:40:46 Running command: protein_alignment_from_nucleotides  -v  --mafft pan_genome_sequences/group_4923.fa
2026/04/21 17:40:46 Running command: protein_alignment_from_nucleotides  -v  --mafft pan_genome_sequences/cydA.fa
2026/04/21 17:40:46 Running command: protein_alignment_from_nucleotides  -v  --mafft pan_genome_sequences/group_3109.fa
2026/04/21 17:40:46 Running command: protein_alignment_from_nucleotides  -v  --mafft pan_genome_sequences/group_17444.fa
2026/04/21 17:40:46 Running command: protein_alignment_from_nucleotides  -v  --mafft pan_genome_sequences/dctD_2.fa
2026/04/21 17:40:46 Running command: protein_alignment_from_nucleotides  -v  --mafft pan_genome_sequences/secA.fa
2026/04/21 17:40:46 Running command: protein_alignment_from_nucleotides  -v  --mafft pan_genome_sequences/btuF_2.fa
2026/04/21 17:40:46 Running command: protein_alignment_from_nucleotides  -v  --mafft pan_genome_sequences/prmC_1.fa
2026/04/21 17:40:46 Running command: protein_alignment_from_nucleotides  -v  --mafft pan_genome_sequences/fhuC.fa
2026/04/21 17:40:46 Running command: protein_alignment_from_nucleotides  -v  --mafft pan_genome_sequences/ugpQ.fa
2026/04/21 17:40:46 Running command: protein_alignment_from_nucleotides  -v  --mafft pan_genome_sequences/mmgC_4.fa
2026/04/21 17:40:46 Running command: protein_alignment_from_nucleotides  -v  --mafft pan_genome_sequences/ccoN1_2.fa
2026/04/21 17:40:46 Running command: protein_alignment_from_nucleotides  -v  --mafft pan_genome_sequences/mepM.fa
2026/04/21 17:40:46 Running command: protein_alignment_from_nucleotides  -v  --mafft pan_genome_sequences/htpG_2.fa
2026/04/21 17:40:46 Running command: protein_alignment_from_nucleotides  -v  --mafft pan_genome_sequences/group_5261.fa
2026/04/21 17:40:46 Running command: protein_alignment_from_nucleotides  -v  --mafft pan_genome_sequences/azu.fa
2026/04/21 17:40:46 Running command: protein_alignment_from_nucleotides  -v  --mafft pan_genome_sequences/group_18151.fa
2026/04/21 17:40:46 Running command: protein_alignment_from_nucleotides  -v  --mafft pan_genome_sequences/argP_2.fa
2026/04/21 17:40:46 Running command: protein_alignment_from_nucleotides  -v  --mafft pan_genome_sequences/group_3402.fa
2026/04/21 17:40:46 Running command: protein_alignment_from_nucleotides  -v  --mafft pan_genome_sequences/dppD.fa
2026/04/21 17:40:46 Running command: protein_alignment_from_nucleotides  -v  --mafft pan_genome_sequences/mtnB.fa
2026/04/21 17:40:46 Running command: protein_alignment_from_nucleotides  -v  --mafft pan_genome_sequences/selU.fa
2026/04/21 17:40:46 Running command: protein_alignment_from_nucleotides  -v  --mafft pan_genome_sequences/mscL.fa
2026/04/21 17:40:46 Running command: protein_alignment_from_nucleotides  -v  --mafft pan_genome_sequences/lysA.fa
2026/04/21 17:40:46 Running command: protein_alignment_from_nucleotides  -v  --mafft pan_genome_sequences/gcvP_1.fa
2026/04/21 17:40:46 Running command: protein_alignment_from_nucleotides  -v  --mafft pan_genome_sequences/fabG_7.fa
2026/04/21 17:40:46 Running command: protein_alignment_from_nucleotides  -v  --mafft pan_genome_sequences/group_17612.fa
2026/04/21 17:40:46 Running command: protein_alignment_from_nucleotides  -v  --mafft pan_genome_sequences/group_4503.fa
2026/04/21 17:40:46 Running command: protein_alignment_from_nucleotides  -v  --mafft pan_genome_sequences/ydcV_4.fa
2026/04/21 17:40:46 Running command: protein_alignment_from_nucleotides  -v  --mafft pan_genome_sequences/trmO.fa
2026/04/21 17:40:46 Running command: protein_alignment_from_nucleotides  -v  --mafft pan_genome_sequences/kefB.fa
2026/04/21 17:40:46 Running command: protein_alignment_from_nucleotides  -v  --mafft pan_genome_sequences/thiL.fa
2026/04/21 17:40:46 Running command: protein_alignment_from_nucleotides  -v  --mafft pan_genome_sequences/epd_2.fa
2026/04/21 17:40:46 Running command: protein_alignment_from_nucleotides  -v  --mafft pan_genome_sequences/group_17933.fa
2026/04/21 17:40:46 Running command: protein_alignment_from_nucleotides  -v  --mafft pan_genome_sequences/yhdW.fa
2026/04/21 17:40:46 Running command: protein_alignment_from_nucleotides  -v  --mafft pan_genome_sequences/ftsH_1.fa
2026/04/21 17:40:46 Running command: protein_alignment_from_nucleotides  -v  --mafft pan_genome_sequences/group_18232.fa
2026/04/21 17:40:46 Running command: protein_alignment_from_nucleotides  -v  --mafft pan_genome_sequences/apt.fa
2026/04/21 17:40:46 Running command: protein_alignment_from_nucleotides  -v  --mafft pan_genome_sequences/group_17110.fa
2026/04/21 17:40:46 Running command: protein_alignment_from_nucleotides  -v  --mafft pan_genome_sequences/group_18586.fa
2026/04/21 17:40:46 Running command: protein_alignment_from_nucleotides  -v  --mafft pan_genome_sequences/apaG.fa
2026/04/21 17:40:46 Running command: protein_alignment_from_nucleotides  -v  --mafft pan_genome_sequences/trmB.fa
2026/04/21 17:40:46 Running command: protein_alignment_from_nucleotides  -v  --mafft pan_genome_sequences/group_17848.fa
2026/04/21 17:40:46 Running command: protein_alignment_from_nucleotides  -v  --mafft pan_genome_sequences/group_4211.fa
2026/04/21 17:40:46 Running command: protein_alignment_from_nucleotides  -v  --mafft pan_genome_sequences/group_3492.fa
2026/04/21 17:40:46 Running command: protein_alignment_from_nucleotides  -v  --mafft pan_genome_sequences/tgt.fa
2026/04/21 17:40:46 Running command: protein_alignment_from_nucleotides  -v  --mafft pan_genome_sequences/yjcS.fa
2026/04/21 17:40:46 Running command: protein_alignment_from_nucleotides  -v  --mafft pan_genome_sequences/recG.fa
2026/04/21 17:40:46 Running command: protein_alignment_from_nucleotides  -v  --mafft pan_genome_sequences/yjiK_2.fa
2026/04/21 17:40:46 Running command: protein_alignment_from_nucleotides  -v  --mafft pan_genome_sequences/ilvA_1.fa
2026/04/21 17:40:46 Running command: protein_alignment_from_nucleotides  -v  --mafft pan_genome_sequences/mltG.fa
2026/04/21 17:40:46 Running command: protein_alignment_from_nucleotides  -v  --mafft pan_genome_sequences/thrC.fa
2026/04/21 17:40:46 Running command: protein_alignment_from_nucleotides  -v  --mafft pan_genome_sequences/folC.fa
2026/04/21 17:40:46 Running command: protein_alignment_from_nucleotides  -v  --mafft pan_genome_sequences/lemA_1.fa
2026/04/21 17:40:46 Running command: protein_alignment_from_nucleotides  -v  --mafft pan_genome_sequences/group_4256.fa
2026/04/21 17:40:46 Running command: protein_alignment_from_nucleotides  -v  --mafft pan_genome_sequences/feoA.fa
2026/04/21 17:40:46 Running command: protein_alignment_from_nucleotides  -v  --mafft pan_genome_sequences/dppA_1.fa
2026/04/21 17:40:46 Running command: protein_alignment_from_nucleotides  -v  --mafft pan_genome_sequences/nicP_10.fa
2026/04/21 17:40:46 Running command: protein_alignment_from_nucleotides  -v  --mafft pan_genome_sequences/group_4956.fa
2026/04/21 17:40:46 Running command: protein_alignment_from_nucleotides  -v  --mafft pan_genome_sequences/group_4581.fa
2026/04/21 17:40:46 Running command: protein_alignment_from_nucleotides  -v  --mafft pan_genome_sequences/adeP_1.fa
2026/04/21 17:40:46 Running command: protein_alignment_from_nucleotides  -v  --mafft pan_genome_sequences/cheB_5.fa
2026/04/21 17:40:46 Running command: protein_alignment_from_nucleotides  -v  --mafft pan_genome_sequences/cspA_3.fa
2026/04/21 17:40:46 Running command: protein_alignment_from_nucleotides  -v  --mafft pan_genome_sequences/malT_1.fa
2026/04/21 17:40:46 Running command: protein_alignment_from_nucleotides  -v  --mafft pan_genome_sequences/group_6043.fa
2026/04/21 17:40:46 Running command: protein_alignment_from_nucleotides  -v  --mafft pan_genome_sequences/group_18135.fa
2026/04/21 17:40:46 Running command: protein_alignment_from_nucleotides  -v  --mafft pan_genome_sequences/group_18240.fa
2026/04/21 17:40:46 Running command: protein_alignment_from_nucleotides  -v  --mafft pan_genome_sequences/hupA.fa
2026/04/21 17:40:46 Running command: protein_alignment_from_nucleotides  -v  --mafft pan_genome_sequences/group_3028.fa
2026/04/21 17:40:46 Running command: protein_alignment_from_nucleotides  -v  --mafft pan_genome_sequences/group_5266.fa
2026/04/21 17:40:46 Running command: protein_alignment_from_nucleotides  -v  --mafft pan_genome_sequences/rtcB_2.fa
2026/04/21 17:40:46 Running command: protein_alignment_from_nucleotides  -v  --mafft pan_genome_sequences/rlhA.fa
2026/04/21 17:40:46 Running command: protein_alignment_from_nucleotides  -v  --mafft pan_genome_sequences/group_5182.fa
2026/04/21 17:40:46 Running command: protein_alignment_from_nucleotides  -v  --mafft pan_genome_sequences/bcr_1.fa
2026/04/21 17:40:46 Running command: protein_alignment_from_nucleotides  -v  --mafft pan_genome_sequences/fbp_2.fa
2026/04/21 17:40:46 Running command: protein_alignment_from_nucleotides  -v  --mafft pan_genome_sequences/cheW_1.fa
2026/04/21 17:40:46 Running command: protein_alignment_from_nucleotides  -v  --mafft pan_genome_sequences/group_6892.fa
2026/04/21 17:40:46 Running command: protein_alignment_from_nucleotides  -v  --mafft pan_genome_sequences/fadD_1.fa
2026/04/21 17:40:46 Running command: protein_alignment_from_nucleotides  -v  --mafft pan_genome_sequences/group_17623.fa
2026/04/21 17:40:46 Running command: protein_alignment_from_nucleotides  -v  --mafft pan_genome_sequences/ompR_3.fa
2026/04/21 17:40:46 Running command: protein_alignment_from_nucleotides  -v  --mafft pan_genome_sequences/cc4_2.fa
2026/04/21 17:40:46 Running command: protein_alignment_from_nucleotides  -v  --mafft pan_genome_sequences/potA_6.fa
2026/04/21 17:40:46 Running command: protein_alignment_from_nucleotides  -v  --mafft pan_genome_sequences/yceD.fa
2026/04/21 17:40:46 Running command: protein_alignment_from_nucleotides  -v  --mafft pan_genome_sequences/group_18524.fa
2026/04/21 17:40:46 Running command: protein_alignment_from_nucleotides  -v  --mafft pan_genome_sequences/atpB.fa
2026/04/21 17:40:46 Running command: protein_alignment_from_nucleotides  -v  --mafft pan_genome_sequences/group_5289.fa
2026/04/21 17:40:46 Running command: protein_alignment_from_nucleotides  -v  --mafft pan_genome_sequences/betT2.fa
2026/04/21 17:40:46 Running command: protein_alignment_from_nucleotides  -v  --mafft pan_genome_sequences/fdxA_1.fa
2026/04/21 17:40:46 Running command: protein_alignment_from_nucleotides  -v  --mafft pan_genome_sequences/group_2426.fa
2026/04/21 17:40:46 Running command: protein_alignment_from_nucleotides  -v  --mafft pan_genome_sequences/sasA_5.fa
2026/04/21 17:40:46 Running command: protein_alignment_from_nucleotides  -v  --mafft pan_genome_sequences/accA_1.fa
2026/04/21 17:40:46 Running command: protein_alignment_from_nucleotides  -v  --mafft pan_genome_sequences/rhlE_3.fa
2026/04/21 17:40:46 Running command: protein_alignment_from_nucleotides  -v  --mafft pan_genome_sequences/dsbC.fa
2026/04/21 17:40:46 Running command: protein_alignment_from_nucleotides  -v  --mafft pan_genome_sequences/rluC.fa
2026/04/21 17:40:46 Running command: protein_alignment_from_nucleotides  -v  --mafft pan_genome_sequences/group_17185.fa
2026/04/21 17:40:46 Running command: protein_alignment_from_nucleotides  -v  --mafft pan_genome_sequences/ispH.fa
2026/04/21 17:40:46 Running command: protein_alignment_from_nucleotides  -v  --mafft pan_genome_sequences/group_18555.fa
2026/04/21 17:40:46 Running command: protein_alignment_from_nucleotides  -v  --mafft pan_genome_sequences/group_3451.fa
2026/04/21 17:40:46 Running command: protein_alignment_from_nucleotides  -v  --mafft pan_genome_sequences/kdsA.fa
2026/04/21 17:40:46 Running command: protein_alignment_from_nucleotides  -v  --mafft pan_genome_sequences/group_3115.fa
2026/04/21 17:40:46 Running command: protein_alignment_from_nucleotides  -v  --mafft pan_genome_sequences/nuoB.fa
2026/04/21 17:40:46 Running command: protein_alignment_from_nucleotides  -v  --mafft pan_genome_sequences/lpxL_2.fa
2026/04/21 17:40:46 Running command: protein_alignment_from_nucleotides  -v  --mafft pan_genome_sequences/tyrS_1.fa
2026/04/21 17:40:46 Running command: protein_alignment_from_nucleotides  -v  --mafft pan_genome_sequences/epd_1.fa
2026/04/21 17:40:46 Running command: protein_alignment_from_nucleotides  -v  --mafft pan_genome_sequences/amtB_1.fa
2026/04/21 17:40:46 Running command: protein_alignment_from_nucleotides  -v  --mafft pan_genome_sequences/dctM_1.fa
2026/04/21 17:40:46 Running command: protein_alignment_from_nucleotides  -v  --mafft pan_genome_sequences/group_4525.fa
2026/04/21 17:40:46 Running command: protein_alignment_from_nucleotides  -v  --mafft pan_genome_sequences/group_18523.fa
2026/04/21 17:40:46 Running command: protein_alignment_from_nucleotides  -v  --mafft pan_genome_sequences/nagR_3.fa
2026/04/21 17:40:46 Running command: protein_alignment_from_nucleotides  -v  --mafft pan_genome_sequences/spuC_1.fa
2026/04/21 17:40:46 Running command: protein_alignment_from_nucleotides  -v  --mafft pan_genome_sequences/cntO_2.fa
2026/04/21 17:40:46 Running command: protein_alignment_from_nucleotides  -v  --mafft pan_genome_sequences/group_18214.fa
2026/04/21 17:40:46 Running command: protein_alignment_from_nucleotides  -v  --mafft pan_genome_sequences/menB_2.fa
2026/04/21 17:40:46 Running command: protein_alignment_from_nucleotides  -v  --mafft pan_genome_sequences/msrQ.fa
2026/04/21 17:40:46 Running command: protein_alignment_from_nucleotides  -v  --mafft pan_genome_sequences/rpsU.fa
2026/04/21 17:40:46 Running command: protein_alignment_from_nucleotides  -v  --mafft pan_genome_sequences/nudC_1.fa
2026/04/21 17:40:46 Running command: protein_alignment_from_nucleotides  -v  --mafft pan_genome_sequences/ydcV_3.fa
2026/04/21 17:40:46 Running command: protein_alignment_from_nucleotides  -v  --mafft pan_genome_sequences/obg.fa
2026/04/21 17:40:46 Running command: protein_alignment_from_nucleotides  -v  --mafft pan_genome_sequences/ssb.fa
2026/04/21 17:40:46 Running command: protein_alignment_from_nucleotides  -v  --mafft pan_genome_sequences/yciV.fa
2026/04/21 17:40:46 Running command: protein_alignment_from_nucleotides  -v  --mafft pan_genome_sequences/group_5940.fa
2026/04/21 17:40:46 Running command: protein_alignment_from_nucleotides  -v  --mafft pan_genome_sequences/nuoG.fa
2026/04/21 17:40:46 Running command: protein_alignment_from_nucleotides  -v  --mafft pan_genome_sequences/group_5669.fa
2026/04/21 17:40:46 Running command: protein_alignment_from_nucleotides  -v  --mafft pan_genome_sequences/ureC.fa
2026/04/21 17:40:46 Running command: protein_alignment_from_nucleotides  -v  --mafft pan_genome_sequences/ugpC.fa
2026/04/21 17:40:46 Running command: protein_alignment_from_nucleotides  -v  --mafft pan_genome_sequences/group_2091.fa
2026/04/21 17:40:46 Running command: protein_alignment_from_nucleotides  -v  --mafft pan_genome_sequences/amiD_2.fa
2026/04/21 17:40:46 Running command: protein_alignment_from_nucleotides  -v  --mafft pan_genome_sequences/sthA.fa
2026/04/21 17:40:46 Running command: protein_alignment_from_nucleotides  -v  --mafft pan_genome_sequences/cmoM.fa
2026/04/21 17:40:46 Running command: protein_alignment_from_nucleotides  -v  --mafft pan_genome_sequences/acrE.fa
2026/04/21 17:40:46 Running command: protein_alignment_from_nucleotides  -v  --mafft pan_genome_sequences/copA_1.fa
2026/04/21 17:40:46 Running command: protein_alignment_from_nucleotides  -v  --mafft pan_genome_sequences/pcpR_3.fa
2026/04/21 17:40:46 Running command: protein_alignment_from_nucleotides  -v  --mafft pan_genome_sequences/acrC_1.fa
2026/04/21 17:40:46 Running command: protein_alignment_from_nucleotides  -v  --mafft pan_genome_sequences/group_5290.fa
2026/04/21 17:40:46 Running command: protein_alignment_from_nucleotides  -v  --mafft pan_genome_sequences/group_18488.fa
2026/04/21 17:40:46 Running command: protein_alignment_from_nucleotides  -v  --mafft pan_genome_sequences/group_18598.fa
2026/04/21 17:40:46 Running command: protein_alignment_from_nucleotides  -v  --mafft pan_genome_sequences/cntL.fa
2026/04/21 17:40:46 Running command: protein_alignment_from_nucleotides  -v  --mafft pan_genome_sequences/group_17048.fa
2026/04/21 17:40:46 Running command: protein_alignment_from_nucleotides  -v  --mafft pan_genome_sequences/crt_3.fa
2026/04/21 17:40:46 Running command: protein_alignment_from_nucleotides  -v  --mafft pan_genome_sequences/rhlE_2.fa
2026/04/21 17:40:46 Running command: protein_alignment_from_nucleotides  -v  --mafft pan_genome_sequences/hscB.fa
2026/04/21 17:40:46 Running command: protein_alignment_from_nucleotides  -v  --mafft pan_genome_sequences/group_3034.fa
2026/04/21 17:40:46 Running command: protein_alignment_from_nucleotides  -v  --mafft pan_genome_sequences/lifO.fa
2026/04/21 17:40:46 Running command: protein_alignment_from_nucleotides  -v  --mafft pan_genome_sequences/group_3413.fa
2026/04/21 17:40:46 Running command: protein_alignment_from_nucleotides  -v  --mafft pan_genome_sequences/prpF.fa
2026/04/21 17:40:46 Running command: protein_alignment_from_nucleotides  -v  --mafft pan_genome_sequences/lldD_2.fa
2026/04/21 17:40:46 Running command: protein_alignment_from_nucleotides  -v  --mafft pan_genome_sequences/gspH.fa
2026/04/21 17:40:46 Running command: protein_alignment_from_nucleotides  -v  --mafft pan_genome_sequences/ibaG.fa
2026/04/21 17:40:46 Running command: protein_alignment_from_nucleotides  -v  --mafft pan_genome_sequences/norC.fa
2026/04/21 17:40:46 Running command: protein_alignment_from_nucleotides  -v  --mafft pan_genome_sequences/rhlE_1.fa
2026/04/21 17:40:46 Running command: protein_alignment_from_nucleotides  -v  --mafft pan_genome_sequences/tolA.fa
2026/04/21 17:40:46 Running command: protein_alignment_from_nucleotides  -v  --mafft pan_genome_sequences/mprA.fa
2026/04/21 17:40:46 Running command: protein_alignment_from_nucleotides  -v  --mafft pan_genome_sequences/group_5609.fa
2026/04/21 17:40:46 Running command: protein_alignment_from_nucleotides  -v  --mafft pan_genome_sequences/ybaK.fa
2026/04/21 17:40:46 Running command: protein_alignment_from_nucleotides  -v  --mafft pan_genome_sequences/serC.fa
2026/04/21 17:40:46 Running command: protein_alignment_from_nucleotides  -v  --mafft pan_genome_sequences/trkA.fa
2026/04/21 17:40:46 Running command: protein_alignment_from_nucleotides  -v  --mafft pan_genome_sequences/uraA.fa
2026/04/21 17:40:46 Running command: protein_alignment_from_nucleotides  -v  --mafft pan_genome_sequences/group_4549.fa
2026/04/21 17:40:46 Running command: protein_alignment_from_nucleotides  -v  --mafft pan_genome_sequences/gltA.fa
2026/04/21 17:40:46 Running command: protein_alignment_from_nucleotides  -v  --mafft pan_genome_sequences/rpmG.fa
2026/04/21 17:40:46 Running command: protein_alignment_from_nucleotides  -v  --mafft pan_genome_sequences/narL.fa
2026/04/21 17:40:46 Running command: protein_alignment_from_nucleotides  -v  --mafft pan_genome_sequences/guaB.fa
2026/04/21 17:40:46 Running command: protein_alignment_from_nucleotides  -v  --mafft pan_genome_sequences/cysH.fa
2026/04/21 17:40:46 Running command: protein_alignment_from_nucleotides  -v  --mafft pan_genome_sequences/metZ.fa
2026/04/21 17:40:46 Running command: protein_alignment_from_nucleotides  -v  --mafft pan_genome_sequences/group_17822.fa
2026/04/21 17:40:46 Running command: protein_alignment_from_nucleotides  -v  --mafft pan_genome_sequences/group_4837.fa
2026/04/21 17:40:46 Running command: protein_alignment_from_nucleotides  -v  --mafft pan_genome_sequences/rpsM.fa
2026/04/21 17:40:46 Running command: protein_alignment_from_nucleotides  -v  --mafft pan_genome_sequences/rlpA_2.fa
2026/04/21 17:40:46 Running command: protein_alignment_from_nucleotides  -v  --mafft pan_genome_sequences/bamE.fa
2026/04/21 17:40:46 Running command: protein_alignment_from_nucleotides  -v  --mafft pan_genome_sequences/spoT.fa
2026/04/21 17:40:46 Running command: protein_alignment_from_nucleotides  -v  --mafft pan_genome_sequences/mmgC_6.fa
2026/04/21 17:40:46 Running command: protein_alignment_from_nucleotides  -v  --mafft pan_genome_sequences/group_4487.fa
2026/04/21 17:40:46 Running command: protein_alignment_from_nucleotides  -v  --mafft pan_genome_sequences/yccA.fa
2026/04/21 17:40:46 Running command: protein_alignment_from_nucleotides  -v  --mafft pan_genome_sequences/group_5954.fa
2026/04/21 17:40:46 Running command: protein_alignment_from_nucleotides  -v  --mafft pan_genome_sequences/parA.fa
2026/04/21 17:40:46 Running command: protein_alignment_from_nucleotides  -v  --mafft pan_genome_sequences/spuE_3.fa
2026/04/21 17:40:46 Running command: protein_alignment_from_nucleotides  -v  --mafft pan_genome_sequences/aroA.fa
2026/04/21 17:40:46 Running command: protein_alignment_from_nucleotides  -v  --mafft pan_genome_sequences/ccmB.fa
2026/04/21 17:40:46 Running command: protein_alignment_from_nucleotides  -v  --mafft pan_genome_sequences/phzB2.fa
2026/04/21 17:40:46 Running command: protein_alignment_from_nucleotides  -v  --mafft pan_genome_sequences/sucD.fa
2026/04/21 17:40:46 Running command: protein_alignment_from_nucleotides  -v  --mafft pan_genome_sequences/group_4652.fa
2026/04/21 17:40:46 Running command: protein_alignment_from_nucleotides  -v  --mafft pan_genome_sequences/dctD_1.fa
2026/04/21 17:40:46 Running command: protein_alignment_from_nucleotides  -v  --mafft pan_genome_sequences/rhtC_4.fa
2026/04/21 17:40:46 Running command: protein_alignment_from_nucleotides  -v  --mafft pan_genome_sequences/group_3070.fa
2026/04/21 17:40:46 Running command: protein_alignment_from_nucleotides  -v  --mafft pan_genome_sequences/copR.fa
2026/04/21 17:40:46 Running command: protein_alignment_from_nucleotides  -v  --mafft pan_genome_sequences/cspD.fa
2026/04/21 17:40:46 Running command: protein_alignment_from_nucleotides  -v  --mafft pan_genome_sequences/sigW.fa
2026/04/21 17:40:46 Running command: protein_alignment_from_nucleotides  -v  --mafft pan_genome_sequences/cheB_4.fa
2026/04/21 17:40:46 Running command: protein_alignment_from_nucleotides  -v  --mafft pan_genome_sequences/group_5134.fa
2026/04/21 17:40:46 Running command: protein_alignment_from_nucleotides  -v  --mafft pan_genome_sequences/group_4277.fa
2026/04/21 17:40:46 Running command: protein_alignment_from_nucleotides  -v  --mafft pan_genome_sequences/group_4812.fa
2026/04/21 17:40:46 Running command: protein_alignment_from_nucleotides  -v  --mafft pan_genome_sequences/grxC.fa
2026/04/21 17:40:46 Running command: protein_alignment_from_nucleotides  -v  --mafft pan_genome_sequences/msbA.fa
2026/04/21 17:40:46 Running command: protein_alignment_from_nucleotides  -v  --mafft pan_genome_sequences/pomA.fa
2026/04/21 17:40:46 Running command: protein_alignment_from_nucleotides  -v  --mafft pan_genome_sequences/modB.fa
2026/04/21 17:40:46 Running command: protein_alignment_from_nucleotides  -v  --mafft pan_genome_sequences/group_18600.fa
2026/04/21 17:40:46 Running command: protein_alignment_from_nucleotides  -v  --mafft pan_genome_sequences/ppc.fa
2026/04/21 17:40:46 Running command: protein_alignment_from_nucleotides  -v  --mafft pan_genome_sequences/adiC.fa
2026/04/21 17:40:46 Running command: protein_alignment_from_nucleotides  -v  --mafft pan_genome_sequences/group_5360.fa
2026/04/21 17:40:46 Running command: protein_alignment_from_nucleotides  -v  --mafft pan_genome_sequences/group_5939.fa
2026/04/21 17:40:46 Running command: protein_alignment_from_nucleotides  -v  --mafft pan_genome_sequences/gacA.fa
2026/04/21 17:40:46 Running command: protein_alignment_from_nucleotides  -v  --mafft pan_genome_sequences/ackA.fa
2026/04/21 17:40:46 Running command: protein_alignment_from_nucleotides  -v  --mafft pan_genome_sequences/group_4340.fa
2026/04/21 17:40:46 Running command: protein_alignment_from_nucleotides  -v  --mafft pan_genome_sequences/group_17594.fa
2026/04/21 17:40:46 Running command: protein_alignment_from_nucleotides  -v  --mafft pan_genome_sequences/group_17676.fa
2026/04/21 17:40:46 Running command: protein_alignment_from_nucleotides  -v  --mafft pan_genome_sequences/tsaQ1.fa
2026/04/21 17:40:46 Running command: protein_alignment_from_nucleotides  -v  --mafft pan_genome_sequences/dctA2.fa
2026/04/21 17:40:46 Running command: protein_alignment_from_nucleotides  -v  --mafft pan_genome_sequences/group_17525.fa
2026/04/21 17:40:46 Running command: protein_alignment_from_nucleotides  -v  --mafft pan_genome_sequences/group_5191.fa
2026/04/21 17:40:46 Running command: protein_alignment_from_nucleotides  -v  --mafft pan_genome_sequences/pyrB.fa
2026/04/21 17:40:46 Running command: protein_alignment_from_nucleotides  -v  --mafft pan_genome_sequences/yohC_1.fa
2026/04/21 17:40:46 Running command: protein_alignment_from_nucleotides  -v  --mafft pan_genome_sequences/group_1709.fa
2026/04/21 17:40:46 Running command: protein_alignment_from_nucleotides  -v  --mafft pan_genome_sequences/lepA.fa
2026/04/21 17:40:46 Running command: protein_alignment_from_nucleotides  -v  --mafft pan_genome_sequences/yhhJ.fa
2026/04/21 17:40:46 Running command: protein_alignment_from_nucleotides  -v  --mafft pan_genome_sequences/ilvC.fa
2026/04/21 17:40:46 Running command: protein_alignment_from_nucleotides  -v  --mafft pan_genome_sequences/aroH_2.fa
2026/04/21 17:40:46 Running command: protein_alignment_from_nucleotides  -v  --mafft pan_genome_sequences/group_4939.fa
2026/04/21 17:40:46 Running command: protein_alignment_from_nucleotides  -v  --mafft pan_genome_sequences/fadD3.fa
2026/04/21 17:40:46 Running command: protein_alignment_from_nucleotides  -v  --mafft pan_genome_sequences/pgi.fa
2026/04/21 17:40:46 Running command: protein_alignment_from_nucleotides  -v  --mafft pan_genome_sequences/purU_2.fa
2026/04/21 17:40:46 Running command: protein_alignment_from_nucleotides  -v  --mafft pan_genome_sequences/glpK_2.fa
2026/04/21 17:40:46 Running command: protein_alignment_from_nucleotides  -v  --mafft pan_genome_sequences/group_17451.fa
2026/04/21 17:40:46 Running command: protein_alignment_from_nucleotides  -v  --mafft pan_genome_sequences/group_17485.fa
2026/04/21 17:40:46 Running command: protein_alignment_from_nucleotides  -v  --mafft pan_genome_sequences/aspC_1.fa
2026/04/21 17:40:46 Running command: protein_alignment_from_nucleotides  -v  --mafft pan_genome_sequences/hsrA.fa
2026/04/21 17:40:46 Running command: protein_alignment_from_nucleotides  -v  --mafft pan_genome_sequences/exbD_3.fa
2026/04/21 17:40:46 Running command: protein_alignment_from_nucleotides  -v  --mafft pan_genome_sequences/madA.fa
2026/04/21 17:40:46 Running command: protein_alignment_from_nucleotides  -v  --mafft pan_genome_sequences/degU_1.fa
2026/04/21 17:40:46 Running command: protein_alignment_from_nucleotides  -v  --mafft pan_genome_sequences/coaE.fa
2026/04/21 17:40:46 Running command: protein_alignment_from_nucleotides  -v  --mafft pan_genome_sequences/iutA_1.fa
2026/04/21 17:40:46 Running command: protein_alignment_from_nucleotides  -v  --mafft pan_genome_sequences/rarD_1.fa
2026/04/21 17:40:46 Running command: protein_alignment_from_nucleotides  -v  --mafft pan_genome_sequences/group_5665.fa
2026/04/21 17:40:46 Running command: protein_alignment_from_nucleotides  -v  --mafft pan_genome_sequences/group_6014.fa
2026/04/21 17:40:46 Running command: protein_alignment_from_nucleotides  -v  --mafft pan_genome_sequences/lolE_1.fa
2026/04/21 17:40:46 Running command: protein_alignment_from_nucleotides  -v  --mafft pan_genome_sequences/moaA_2.fa
2026/04/21 17:40:46 Running command: protein_alignment_from_nucleotides  -v  --mafft pan_genome_sequences/lpoA.fa
2026/04/21 17:40:46 Running command: protein_alignment_from_nucleotides  -v  --mafft pan_genome_sequences/yohD.fa
2026/04/21 17:40:46 Running command: protein_alignment_from_nucleotides  -v  --mafft pan_genome_sequences/group_5120.fa
2026/04/21 17:40:46 Running command: protein_alignment_from_nucleotides  -v  --mafft pan_genome_sequences/pta.fa
2026/04/21 17:40:46 Running command: protein_alignment_from_nucleotides  -v  --mafft pan_genome_sequences/pgl_1.fa
2026/04/21 17:40:46 Running command: protein_alignment_from_nucleotides  -v  --mafft pan_genome_sequences/aroF_1.fa
2026/04/21 17:40:46 Running command: protein_alignment_from_nucleotides  -v  --mafft pan_genome_sequences/group_5536.fa
2026/04/21 17:40:46 Running command: protein_alignment_from_nucleotides  -v  --mafft pan_genome_sequences/aprA_1.fa
2026/04/21 17:40:46 Running command: protein_alignment_from_nucleotides  -v  --mafft pan_genome_sequences/suhB.fa
2026/04/21 17:40:46 Running command: protein_alignment_from_nucleotides  -v  --mafft pan_genome_sequences/pal_7.fa
2026/04/21 17:40:46 Running command: protein_alignment_from_nucleotides  -v  --mafft pan_genome_sequences/xcpP_1.fa
2026/04/21 17:40:46 Running command: protein_alignment_from_nucleotides  -v  --mafft pan_genome_sequences/zipA.fa
2026/04/21 17:40:46 Running command: protein_alignment_from_nucleotides  -v  --mafft pan_genome_sequences/calB.fa
2026/04/21 17:40:46 Running command: protein_alignment_from_nucleotides  -v  --mafft pan_genome_sequences/group_17295.fa
2026/04/21 17:40:46 Running command: protein_alignment_from_nucleotides  -v  --mafft pan_genome_sequences/group_4638.fa
2026/04/21 17:40:46 Running command: protein_alignment_from_nucleotides  -v  --mafft pan_genome_sequences/group_4910.fa
2026/04/21 17:40:46 Running command: protein_alignment_from_nucleotides  -v  --mafft pan_genome_sequences/yceI.fa
2026/04/21 17:40:46 Running command: protein_alignment_from_nucleotides  -v  --mafft pan_genome_sequences/ybeZ.fa
2026/04/21 17:40:46 Running command: protein_alignment_from_nucleotides  -v  --mafft pan_genome_sequences/lip3.fa
2026/04/21 17:40:46 Running command: protein_alignment_from_nucleotides  -v  --mafft pan_genome_sequences/exoA.fa
2026/04/21 17:40:46 Running command: protein_alignment_from_nucleotides  -v  --mafft pan_genome_sequences/group_4288.fa
2026/04/21 17:40:46 Running command: protein_alignment_from_nucleotides  -v  --mafft pan_genome_sequences/group_18462.fa
2026/04/21 17:40:46 Running command: protein_alignment_from_nucleotides  -v  --mafft pan_genome_sequences/flhB.fa
2026/04/21 17:40:46 Running command: protein_alignment_from_nucleotides  -v  --mafft pan_genome_sequences/xerC_2.fa
2026/04/21 17:40:46 Running command: protein_alignment_from_nucleotides  -v  --mafft pan_genome_sequences/group_3087.fa
2026/04/21 17:40:46 Running command: protein_alignment_from_nucleotides  -v  --mafft pan_genome_sequences/group_4961.fa
2026/04/21 17:40:46 Running command: protein_alignment_from_nucleotides  -v  --mafft pan_genome_sequences/ubiE.fa
2026/04/21 17:40:46 Running command: protein_alignment_from_nucleotides  -v  --mafft pan_genome_sequences/yhjE.fa
2026/04/21 17:40:46 Running command: protein_alignment_from_nucleotides  -v  --mafft pan_genome_sequences/group_4674.fa
2026/04/21 17:40:46 Running command: protein_alignment_from_nucleotides  -v  --mafft pan_genome_sequences/group_6687.fa
2026/04/21 17:40:46 Running command: protein_alignment_from_nucleotides  -v  --mafft pan_genome_sequences/group_18384.fa
2026/04/21 17:40:46 Running command: protein_alignment_from_nucleotides  -v  --mafft pan_genome_sequences/nimR_2.fa
2026/04/21 17:40:46 Running command: protein_alignment_from_nucleotides  -v  --mafft pan_genome_sequences/group_2545.fa
2026/04/21 17:40:46 Running command: protein_alignment_from_nucleotides  -v  --mafft pan_genome_sequences/lpxC.fa
2026/04/21 17:40:46 Running command: protein_alignment_from_nucleotides  -v  --mafft pan_genome_sequences/etfA.fa
2026/04/21 17:40:46 Running command: protein_alignment_from_nucleotides  -v  --mafft pan_genome_sequences/hisD.fa
2026/04/21 17:40:46 Running command: protein_alignment_from_nucleotides  -v  --mafft pan_genome_sequences/bmrA.fa
2026/04/21 17:40:46 Running command: protein_alignment_from_nucleotides  -v  --mafft pan_genome_sequences/ltaE_2.fa
2026/04/21 17:40:46 Running command: protein_alignment_from_nucleotides  -v  --mafft pan_genome_sequences/gcvT_1.fa
2026/04/21 17:40:46 Running command: protein_alignment_from_nucleotides  -v  --mafft pan_genome_sequences/group_17666.fa
2026/04/21 17:40:46 Running command: protein_alignment_from_nucleotides  -v  --mafft pan_genome_sequences/group_4495.fa
2026/04/21 17:40:46 Running command: protein_alignment_from_nucleotides  -v  --mafft pan_genome_sequences/group_4447.fa
2026/04/21 17:40:46 Running command: protein_alignment_from_nucleotides  -v  --mafft pan_genome_sequences/cobO.fa
2026/04/21 17:40:46 Running command: protein_alignment_from_nucleotides  -v  --mafft pan_genome_sequences/group_4699.fa
2026/04/21 17:40:46 Running command: protein_alignment_from_nucleotides  -v  --mafft pan_genome_sequences/group_18453.fa
2026/04/21 17:40:46 Running command: protein_alignment_from_nucleotides  -v  --mafft pan_genome_sequences/lexA.fa
2026/04/21 17:40:46 Running command: protein_alignment_from_nucleotides  -v  --mafft pan_genome_sequences/hpaB_1.fa
2026/04/21 17:40:46 Running command: protein_alignment_from_nucleotides  -v  --mafft pan_genome_sequences/rsmA.fa
2026/04/21 17:40:46 Running command: protein_alignment_from_nucleotides  -v  --mafft pan_genome_sequences/group_5484.fa
2026/04/21 17:40:46 Running command: protein_alignment_from_nucleotides  -v  --mafft pan_genome_sequences/fabD_2.fa
2026/04/21 17:40:46 Running command: protein_alignment_from_nucleotides  -v  --mafft pan_genome_sequences/inaA_2.fa
2026/04/21 17:40:46 Running command: protein_alignment_from_nucleotides  -v  --mafft pan_genome_sequences/fliI.fa
2026/04/21 17:40:46 Running command: protein_alignment_from_nucleotides  -v  --mafft pan_genome_sequences/pyrC_.fa
2026/04/21 17:40:46 Running command: protein_alignment_from_nucleotides  -v  --mafft pan_genome_sequences/pcaF_1.fa
2026/04/21 17:40:46 Running command: protein_alignment_from_nucleotides  -v  --mafft pan_genome_sequences/IMPDH_1.fa
2026/04/21 17:40:46 Running command: protein_alignment_from_nucleotides  -v  --mafft pan_genome_sequences/zwf_1.fa
2026/04/21 17:40:46 Running command: protein_alignment_from_nucleotides  -v  --mafft pan_genome_sequences/group_4296.fa
2026/04/21 17:40:46 Running command: protein_alignment_from_nucleotides  -v  --mafft pan_genome_sequences/mkl.fa
2026/04/21 17:40:46 Running command: protein_alignment_from_nucleotides  -v  --mafft pan_genome_sequences/coq7.fa
2026/04/21 17:40:46 Running command: protein_alignment_from_nucleotides  -v  --mafft pan_genome_sequences/fliJ.fa
2026/04/21 17:40:46 Running command: protein_alignment_from_nucleotides  -v  --mafft pan_genome_sequences/group_3041.fa
2026/04/21 17:40:46 Running command: protein_alignment_from_nucleotides  -v  --mafft pan_genome_sequences/pdxJ.fa
2026/04/21 17:40:46 Running command: protein_alignment_from_nucleotides  -v  --mafft pan_genome_sequences/algX.fa
2026/04/21 17:40:46 Running command: protein_alignment_from_nucleotides  -v  --mafft pan_genome_sequences/prpC_2.fa
2026/04/21 17:40:46 Running command: protein_alignment_from_nucleotides  -v  --mafft pan_genome_sequences/ynfM_1.fa
2026/04/21 17:40:46 Running command: protein_alignment_from_nucleotides  -v  --mafft pan_genome_sequences/mcpU_2.fa
2026/04/21 17:40:46 Running command: protein_alignment_from_nucleotides  -v  --mafft pan_genome_sequences/group_18061.fa
2026/04/21 17:40:46 Running command: protein_alignment_from_nucleotides  -v  --mafft pan_genome_sequences/group_5729.fa
2026/04/21 17:40:46 Running command: protein_alignment_from_nucleotides  -v  --mafft pan_genome_sequences/crt_1.fa
2026/04/21 17:40:46 Running command: protein_alignment_from_nucleotides  -v  --mafft pan_genome_sequences/group_4752.fa
2026/04/21 17:40:46 Running command: protein_alignment_from_nucleotides  -v  --mafft pan_genome_sequences/trpE.fa
2026/04/21 17:40:46 Running command: protein_alignment_from_nucleotides  -v  --mafft pan_genome_sequences/mgtC_2.fa
2026/04/21 17:40:46 Running command: protein_alignment_from_nucleotides  -v  --mafft pan_genome_sequences/bioP.fa
2026/04/21 17:40:46 Running command: protein_alignment_from_nucleotides  -v  --mafft pan_genome_sequences/fabG_9.fa
2026/04/21 17:40:46 Running command: protein_alignment_from_nucleotides  -v  --mafft pan_genome_sequences/group_3654.fa
2026/04/21 17:40:46 Running command: protein_alignment_from_nucleotides  -v  --mafft pan_genome_sequences/ptsP.fa
2026/04/21 17:40:46 Running command: protein_alignment_from_nucleotides  -v  --mafft pan_genome_sequences/cheB_3.fa
2026/04/21 17:40:46 Running command: protein_alignment_from_nucleotides  -v  --mafft pan_genome_sequences/group_17379.fa
2026/04/21 17:40:46 Running command: protein_alignment_from_nucleotides  -v  --mafft pan_genome_sequences/group_18020.fa
2026/04/21 17:40:46 Running command: protein_alignment_from_nucleotides  -v  --mafft pan_genome_sequences/napB.fa
2026/04/21 17:40:46 Running command: protein_alignment_from_nucleotides  -v  --mafft pan_genome_sequences/group_4955.fa
2026/04/21 17:40:46 Running command: protein_alignment_from_nucleotides  -v  --mafft pan_genome_sequences/alkB2.fa
2026/04/21 17:40:46 Running command: protein_alignment_from_nucleotides  -v  --mafft pan_genome_sequences/ppiD.fa
2026/04/21 17:40:46 Running command: protein_alignment_from_nucleotides  -v  --mafft pan_genome_sequences/hasA.fa
2026/04/21 17:40:46 Running command: protein_alignment_from_nucleotides  -v  --mafft pan_genome_sequences/group_2364.fa
2026/04/21 17:40:46 Running command: protein_alignment_from_nucleotides  -v  --mafft pan_genome_sequences/group_2204.fa
2026/04/21 17:40:46 Running command: protein_alignment_from_nucleotides  -v  --mafft pan_genome_sequences/group_4828.fa
2026/04/21 17:40:46 Running command: protein_alignment_from_nucleotides  -v  --mafft pan_genome_sequences/ccmF.fa
2026/04/21 17:40:46 Running command: protein_alignment_from_nucleotides  -v  --mafft pan_genome_sequences/soxG.fa
2026/04/21 17:40:46 Running command: protein_alignment_from_nucleotides  -v  --mafft pan_genome_sequences/trpB.fa
2026/04/21 17:40:46 Running command: protein_alignment_from_nucleotides  -v  --mafft pan_genome_sequences/flgI.fa
2026/04/21 17:40:46 Running command: protein_alignment_from_nucleotides  -v  --mafft pan_genome_sequences/group_18551.fa
2026/04/21 17:40:46 Running command: protein_alignment_from_nucleotides  -v  --mafft pan_genome_sequences/ilvH.fa
2026/04/21 17:40:46 Running command: protein_alignment_from_nucleotides  -v  --mafft pan_genome_sequences/rplS.fa
2026/04/21 17:40:46 Running command: protein_alignment_from_nucleotides  -v  --mafft pan_genome_sequences/group_18525.fa
2026/04/21 17:40:46 Running command: protein_alignment_from_nucleotides  -v  --mafft pan_genome_sequences/tsaD.fa
2026/04/21 17:40:46 Running command: protein_alignment_from_nucleotides  -v  --mafft pan_genome_sequences/group_5474.fa
2026/04/21 17:40:46 Running command: protein_alignment_from_nucleotides  -v  --mafft pan_genome_sequences/pal_4.fa
2026/04/21 17:40:46 Running command: protein_alignment_from_nucleotides  -v  --mafft pan_genome_sequences/cynT_1.fa
2026/04/21 17:40:46 Running command: protein_alignment_from_nucleotides  -v  --mafft pan_genome_sequences/group_4243.fa
2026/04/21 17:40:46 Running command: protein_alignment_from_nucleotides  -v  --mafft pan_genome_sequences/pqiA_2.fa
2026/04/21 17:40:46 Running command: protein_alignment_from_nucleotides  -v  --mafft pan_genome_sequences/group_18184.fa
2026/04/21 17:40:46 Running command: protein_alignment_from_nucleotides  -v  --mafft pan_genome_sequences/group_2333.fa
2026/04/21 17:40:46 Running command: protein_alignment_from_nucleotides  -v  --mafft pan_genome_sequences/mdlC.fa
2026/04/21 17:40:46 Running command: protein_alignment_from_nucleotides  -v  --mafft pan_genome_sequences/catJ.fa
2026/04/21 17:40:46 Running command: protein_alignment_from_nucleotides  -v  --mafft pan_genome_sequences/yhbO.fa
2026/04/21 17:40:46 Running command: protein_alignment_from_nucleotides  -v  --mafft pan_genome_sequences/amgK.fa
2026/04/21 17:40:46 Running command: protein_alignment_from_nucleotides  -v  --mafft pan_genome_sequences/ftsW.fa
2026/04/21 17:40:46 Running command: protein_alignment_from_nucleotides  -v  --mafft pan_genome_sequences/group_3046.fa
2026/04/21 17:40:46 Running command: protein_alignment_from_nucleotides  -v  --mafft pan_genome_sequences/dmlR_8.fa
2026/04/21 17:40:46 Running command: protein_alignment_from_nucleotides  -v  --mafft pan_genome_sequences/norG_2.fa
2026/04/21 17:40:46 Running command: protein_alignment_from_nucleotides  -v  --mafft pan_genome_sequences/group_18039.fa
2026/04/21 17:40:46 Running command: protein_alignment_from_nucleotides  -v  --mafft pan_genome_sequences/nuoL.fa
2026/04/21 17:40:46 Running command: protein_alignment_from_nucleotides  -v  --mafft pan_genome_sequences/group_17853.fa
2026/04/21 17:40:46 Running command: protein_alignment_from_nucleotides  -v  --mafft pan_genome_sequences/ohrB.fa
2026/04/21 17:40:46 Running command: protein_alignment_from_nucleotides  -v  --mafft pan_genome_sequences/sir_2.fa
2026/04/21 17:40:46 Running command: protein_alignment_from_nucleotides  -v  --mafft pan_genome_sequences/group_4807.fa
2026/04/21 17:40:46 Running command: protein_alignment_from_nucleotides  -v  --mafft pan_genome_sequences/hutU.fa
2026/04/21 17:40:46 Running command: protein_alignment_from_nucleotides  -v  --mafft pan_genome_sequences/serB2.fa
2026/04/21 17:40:46 Running command: protein_alignment_from_nucleotides  -v  --mafft pan_genome_sequences/tonB.fa
2026/04/21 17:40:46 Running command: protein_alignment_from_nucleotides  -v  --mafft pan_genome_sequences/rpsI.fa
2026/04/21 17:40:46 Running command: protein_alignment_from_nucleotides  -v  --mafft pan_genome_sequences/ribH.fa
2026/04/21 17:40:46 Running command: protein_alignment_from_nucleotides  -v  --mafft pan_genome_sequences/gltI_2.fa
2026/04/21 17:40:46 Running command: protein_alignment_from_nucleotides  -v  --mafft pan_genome_sequences/tatC.fa
2026/04/21 17:40:46 Running command: protein_alignment_from_nucleotides  -v  --mafft pan_genome_sequences/group_17703.fa
2026/04/21 17:40:46 Running command: protein_alignment_from_nucleotides  -v  --mafft pan_genome_sequences/mnhC1.fa
2026/04/21 17:40:46 Running command: protein_alignment_from_nucleotides  -v  --mafft pan_genome_sequences/group_4308.fa
2026/04/21 17:40:46 Running command: protein_alignment_from_nucleotides  -v  --mafft pan_genome_sequences/group_4867.fa
2026/04/21 17:40:46 Running command: protein_alignment_from_nucleotides  -v  --mafft pan_genome_sequences/purH.fa
2026/04/21 17:40:46 Running command: protein_alignment_from_nucleotides  -v  --mafft pan_genome_sequences/group_18472.fa
2026/04/21 17:40:46 Running command: protein_alignment_from_nucleotides  -v  --mafft pan_genome_sequences/secY.fa
2026/04/21 17:40:46 Running command: protein_alignment_from_nucleotides  -v  --mafft pan_genome_sequences/asd.fa
2026/04/21 17:40:46 Running command: protein_alignment_from_nucleotides  -v  --mafft pan_genome_sequences/lacC.fa
2026/04/21 17:40:46 Running command: protein_alignment_from_nucleotides  -v  --mafft pan_genome_sequences/rlmM.fa
2026/04/21 17:40:46 Running command: protein_alignment_from_nucleotides  -v  --mafft pan_genome_sequences/moaD.fa
2026/04/21 17:40:46 Running command: protein_alignment_from_nucleotides  -v  --mafft pan_genome_sequences/plsX.fa
2026/04/21 17:40:46 Running command: protein_alignment_from_nucleotides  -v  --mafft pan_genome_sequences/ccmE.fa
2026/04/21 17:40:46 Running command: protein_alignment_from_nucleotides  -v  --mafft pan_genome_sequences/yedF.fa
2026/04/21 17:40:46 Running command: protein_alignment_from_nucleotides  -v  --mafft pan_genome_sequences/nit1.fa
2026/04/21 17:40:46 Running command: protein_alignment_from_nucleotides  -v  --mafft pan_genome_sequences/miaA.fa
2026/04/21 17:40:46 Running command: protein_alignment_from_nucleotides  -v  --mafft pan_genome_sequences/ctpL.fa
2026/04/21 17:40:46 Running command: protein_alignment_from_nucleotides  -v  --mafft pan_genome_sequences/iscS_1.fa
2026/04/21 17:40:46 Running command: protein_alignment_from_nucleotides  -v  --mafft pan_genome_sequences/group_4247.fa
2026/04/21 17:40:46 Running command: protein_alignment_from_nucleotides  -v  --mafft pan_genome_sequences/group_18149.fa
2026/04/21 17:40:46 Running command: protein_alignment_from_nucleotides  -v  --mafft pan_genome_sequences/pdxB.fa
2026/04/21 17:40:46 Running command: protein_alignment_from_nucleotides  -v  --mafft pan_genome_sequences/hisS.fa
2026/04/21 17:40:46 Running command: protein_alignment_from_nucleotides  -v  --mafft pan_genome_sequences/lptF.fa
2026/04/21 17:40:46 Running command: protein_alignment_from_nucleotides  -v  --mafft pan_genome_sequences/lolD_2.fa
2026/04/21 17:40:46 Running command: protein_alignment_from_nucleotides  -v  --mafft pan_genome_sequences/group_5937.fa
2026/04/21 17:40:46 Running command: protein_alignment_from_nucleotides  -v  --mafft pan_genome_sequences/group_918.fa
2026/04/21 17:40:46 Running command: protein_alignment_from_nucleotides  -v  --mafft pan_genome_sequences/group_17186.fa
2026/04/21 17:40:46 Running command: protein_alignment_from_nucleotides  -v  --mafft pan_genome_sequences/mgtC_1.fa
2026/04/21 17:40:46 Running command: protein_alignment_from_nucleotides  -v  --mafft pan_genome_sequences/mexR.fa
2026/04/21 17:40:46 Running command: protein_alignment_from_nucleotides  -v  --mafft pan_genome_sequences/group_1963.fa
2026/04/21 17:40:46 Running command: protein_alignment_from_nucleotides  -v  --mafft pan_genome_sequences/dksA_1.fa
2026/04/21 17:40:46 Running command: protein_alignment_from_nucleotides  -v  --mafft pan_genome_sequences/group_2190.fa
2026/04/21 17:40:46 Running command: protein_alignment_from_nucleotides  -v  --mafft pan_genome_sequences/fpr_1.fa
2026/04/21 17:40:46 Running command: protein_alignment_from_nucleotides  -v  --mafft pan_genome_sequences/group_17264.fa
2026/04/21 17:40:46 Running command: protein_alignment_from_nucleotides  -v  --mafft pan_genome_sequences/group_2388.fa
2026/04/21 17:40:46 Running command: protein_alignment_from_nucleotides  -v  --mafft pan_genome_sequences/group_17916.fa
2026/04/21 17:40:46 Running command: protein_alignment_from_nucleotides  -v  --mafft pan_genome_sequences/aaaT.fa
2026/04/21 17:40:46 Running command: protein_alignment_from_nucleotides  -v  --mafft pan_genome_sequences/hcp1_1.fa
2026/04/21 17:40:46 Running command: protein_alignment_from_nucleotides  -v  --mafft pan_genome_sequences/glyQ.fa
2026/04/21 17:40:46 Running command: protein_alignment_from_nucleotides  -v  --mafft pan_genome_sequences/group_6012.fa
2026/04/21 17:40:46 Running command: protein_alignment_from_nucleotides  -v  --mafft pan_genome_sequences/fabG_12.fa
2026/04/21 17:40:46 Running command: protein_alignment_from_nucleotides  -v  --mafft pan_genome_sequences/group_18367.fa
2026/04/21 17:40:46 Running command: protein_alignment_from_nucleotides  -v  --mafft pan_genome_sequences/group_3023.fa
2026/04/21 17:40:46 Running command: protein_alignment_from_nucleotides  -v  --mafft pan_genome_sequences/group_18317.fa
2026/04/21 17:40:46 Running command: protein_alignment_from_nucleotides  -v  --mafft pan_genome_sequences/group_4646.fa
2026/04/21 17:40:46 Running command: protein_alignment_from_nucleotides  -v  --mafft pan_genome_sequences/lipA.fa
2026/04/21 17:40:46 Running command: protein_alignment_from_nucleotides  -v  --mafft pan_genome_sequences/msrA.fa
2026/04/21 17:40:46 Running command: protein_alignment_from_nucleotides  -v  --mafft pan_genome_sequences/pilT_2.fa
2026/04/21 17:40:46 Running command: protein_alignment_from_nucleotides  -v  --mafft pan_genome_sequences/pheS.fa
2026/04/21 17:40:46 Running command: protein_alignment_from_nucleotides  -v  --mafft pan_genome_sequences/dxr.fa
2026/04/21 17:40:46 Running command: protein_alignment_from_nucleotides  -v  --mafft pan_genome_sequences/group_4384.fa
2026/04/21 17:40:46 Running command: protein_alignment_from_nucleotides  -v  --mafft pan_genome_sequences/ydcV_1.fa
2026/04/21 17:40:46 Running command: protein_alignment_from_nucleotides  -v  --mafft pan_genome_sequences/mrpA.fa
2026/04/21 17:40:46 Running command: protein_alignment_from_nucleotides  -v  --mafft pan_genome_sequences/fadH_3.fa
2026/04/21 17:40:46 Running command: protein_alignment_from_nucleotides  -v  --mafft pan_genome_sequences/eda_1.fa
2026/04/21 17:40:46 Running command: protein_alignment_from_nucleotides  -v  --mafft pan_genome_sequences/glnL.fa
2026/04/21 17:40:46 Running command: protein_alignment_from_nucleotides  -v  --mafft pan_genome_sequences/clpV1_1.fa
2026/04/21 17:40:46 Running command: protein_alignment_from_nucleotides  -v  --mafft pan_genome_sequences/allA.fa
2026/04/21 17:40:46 Running command: protein_alignment_from_nucleotides  -v  --mafft pan_genome_sequences/dcd.fa
2026/04/21 17:40:46 Running command: protein_alignment_from_nucleotides  -v  --mafft pan_genome_sequences/group_3213.fa
2026/04/21 17:40:46 Running command: protein_alignment_from_nucleotides  -v  --mafft pan_genome_sequences/uup.fa
2026/04/21 17:40:46 Running command: protein_alignment_from_nucleotides  -v  --mafft pan_genome_sequences/group_17901.fa
2026/04/21 17:40:46 Running command: protein_alignment_from_nucleotides  -v  --mafft pan_genome_sequences/group_3284.fa
2026/04/21 17:40:46 Running command: protein_alignment_from_nucleotides  -v  --mafft pan_genome_sequences/sasA_12.fa
2026/04/21 17:40:46 Running command: protein_alignment_from_nucleotides  -v  --mafft pan_genome_sequences/yciB.fa
2026/04/21 17:40:46 Running command: protein_alignment_from_nucleotides  -v  --mafft pan_genome_sequences/group_3237.fa
2026/04/21 17:40:46 Running command: protein_alignment_from_nucleotides  -v  --mafft pan_genome_sequences/degP.fa
2026/04/21 17:40:46 Running command: protein_alignment_from_nucleotides  -v  --mafft pan_genome_sequences/eptA_1.fa
2026/04/21 17:40:46 Running command: protein_alignment_from_nucleotides  -v  --mafft pan_genome_sequences/thiE_2.fa
2026/04/21 17:40:46 Running command: protein_alignment_from_nucleotides  -v  --mafft pan_genome_sequences/greA.fa
2026/04/21 17:40:46 Running command: protein_alignment_from_nucleotides  -v  --mafft pan_genome_sequences/group_17919.fa
2026/04/21 17:40:46 Running command: protein_alignment_from_nucleotides  -v  --mafft pan_genome_sequences/lrpC_2.fa
2026/04/21 17:40:46 Running command: protein_alignment_from_nucleotides  -v  --mafft pan_genome_sequences/soxD.fa
2026/04/21 17:40:46 Running command: protein_alignment_from_nucleotides  -v  --mafft pan_genome_sequences/pdxY.fa
2026/04/21 17:40:46 Running command: protein_alignment_from_nucleotides  -v  --mafft pan_genome_sequences/rph.fa
2026/04/21 17:40:46 Running command: protein_alignment_from_nucleotides  -v  --mafft pan_genome_sequences/sadH.fa
2026/04/21 17:40:46 Running command: protein_alignment_from_nucleotides  -v  --mafft pan_genome_sequences/acsA_1.fa
2026/04/21 17:40:46 Running command: protein_alignment_from_nucleotides  -v  --mafft pan_genome_sequences/ilvD.fa
2026/04/21 17:40:46 Running command: protein_alignment_from_nucleotides  -v  --mafft pan_genome_sequences/group_5107.fa
2026/04/21 17:40:46 Running command: protein_alignment_from_nucleotides  -v  --mafft pan_genome_sequences/pnp.fa
2026/04/21 17:40:46 Running command: protein_alignment_from_nucleotides  -v  --mafft pan_genome_sequences/group_18228.fa
2026/04/21 17:40:46 Running command: protein_alignment_from_nucleotides  -v  --mafft pan_genome_sequences/qoxC.fa
2026/04/21 17:40:46 Running command: protein_alignment_from_nucleotides  -v  --mafft pan_genome_sequences/phnW.fa
2026/04/21 17:40:46 Running command: protein_alignment_from_nucleotides  -v  --mafft pan_genome_sequences/group_4806.fa
2026/04/21 17:40:46 Running command: protein_alignment_from_nucleotides  -v  --mafft pan_genome_sequences/eda_2.fa
2026/04/21 17:40:46 Running command: protein_alignment_from_nucleotides  -v  --mafft pan_genome_sequences/fabA.fa
2026/04/21 17:40:46 Running command: protein_alignment_from_nucleotides  -v  --mafft pan_genome_sequences/group_18036.fa
2026/04/21 17:40:46 Running command: protein_alignment_from_nucleotides  -v  --mafft pan_genome_sequences/allE.fa
2026/04/21 17:40:46 Running command: protein_alignment_from_nucleotides  -v  --mafft pan_genome_sequences/mdtA_7.fa
2026/04/21 17:40:46 Running command: protein_alignment_from_nucleotides  -v  --mafft pan_genome_sequences/thrS.fa
2026/04/21 17:40:46 Running command: protein_alignment_from_nucleotides  -v  --mafft pan_genome_sequences/group_5511.fa
2026/04/21 17:40:46 Running command: protein_alignment_from_nucleotides  -v  --mafft pan_genome_sequences/ilvI.fa
2026/04/21 17:40:46 Running command: protein_alignment_from_nucleotides  -v  --mafft pan_genome_sequences/group_17375.fa
2026/04/21 17:40:46 Running command: protein_alignment_from_nucleotides  -v  --mafft pan_genome_sequences/group_4789.fa
2026/04/21 17:40:46 Running command: protein_alignment_from_nucleotides  -v  --mafft pan_genome_sequences/gloA_3.fa
2026/04/21 17:40:46 Running command: protein_alignment_from_nucleotides  -v  --mafft pan_genome_sequences/glpE_1.fa
2026/04/21 17:40:46 Running command: protein_alignment_from_nucleotides  -v  --mafft pan_genome_sequences/mshA_5.fa
2026/04/21 17:40:46 Running command: protein_alignment_from_nucleotides  -v  --mafft pan_genome_sequences/paaI.fa
2026/04/21 17:40:46 Running command: protein_alignment_from_nucleotides  -v  --mafft pan_genome_sequences/group_4228.fa
2026/04/21 17:40:46 Running command: protein_alignment_from_nucleotides  -v  --mafft pan_genome_sequences/holB.fa
2026/04/21 17:40:46 Running command: protein_alignment_from_nucleotides  -v  --mafft pan_genome_sequences/group_17043.fa
2026/04/21 17:40:46 Running command: protein_alignment_from_nucleotides  -v  --mafft pan_genome_sequences/typA.fa
2026/04/21 17:40:46 Running command: protein_alignment_from_nucleotides  -v  --mafft pan_genome_sequences/pdxH.fa
2026/04/21 17:40:46 Running command: protein_alignment_from_nucleotides  -v  --mafft pan_genome_sequences/group_4516.fa
2026/04/21 17:40:46 Running command: protein_alignment_from_nucleotides  -v  --mafft pan_genome_sequences/ggt_1.fa
2026/04/21 17:40:46 Running command: protein_alignment_from_nucleotides  -v  --mafft pan_genome_sequences/group_4261.fa
2026/04/21 17:40:46 Running command: protein_alignment_from_nucleotides  -v  --mafft pan_genome_sequences/group_4596.fa
2026/04/21 17:40:46 Running command: protein_alignment_from_nucleotides  -v  --mafft pan_genome_sequences/uacT_2.fa
Aligning each cluster
2026/04/21 17:40:47 Running command: mafft --auto --quiet pan_genome_sequences/group_18150.fa > pan_genome_sequences/group_18150.fa.aln
2026/04/21 17:40:47 Running command: mafft --auto --quiet pan_genome_sequences/lrp_4.fa > pan_genome_sequences/lrp_4.fa.aln
2026/04/21 17:40:47 Running command: mafft --auto --quiet pan_genome_sequences/rppH.fa > pan_genome_sequences/rppH.fa.aln
2026/04/21 17:40:47 Running command: mafft --auto --quiet pan_genome_sequences/slyB.fa > pan_genome_sequences/slyB.fa.aln
2026/04/21 17:40:48 Running command: mafft --auto --quiet pan_genome_sequences/ppiB.fa > pan_genome_sequences/ppiB.fa.aln
2026/04/21 17:40:50 Running command: mafft --auto --quiet pan_genome_sequences/yhaI.fa > pan_genome_sequences/yhaI.fa.aln
2026/04/21 17:40:47 Running command: mafft --auto --quiet pan_genome_sequences/group_17996.fa > pan_genome_sequences/group_17996.fa.aln
2026/04/21 17:40:47 Running command: mafft --auto --quiet pan_genome_sequences/ftsN_2.fa > pan_genome_sequences/ftsN_2.fa.aln
2026/04/21 17:40:50 Running command: mafft --auto --quiet pan_genome_sequences/leuE_2.fa > pan_genome_sequences/leuE_2.fa.aln
2026/04/21 17:40:47 Running command: mafft --auto --quiet pan_genome_sequences/group_1971.fa > pan_genome_sequences/group_1971.fa.aln
2026/04/21 17:40:53 Running command: mafft --auto --quiet pan_genome_sequences/mupP_2.fa > pan_genome_sequences/mupP_2.fa.aln
2026/04/21 17:40:50 Running command: mafft --auto --quiet pan_genome_sequences/group_5284.fa > pan_genome_sequences/group_5284.fa.aln
2026/04/21 17:40:52 Running command: mafft --auto --quiet pan_genome_sequences/rmlD.fa > pan_genome_sequences/rmlD.fa.aln
2026/04/21 17:40:58 Running command: mafft --auto --quiet pan_genome_sequences/flgH.fa > pan_genome_sequences/flgH.fa.aln
2026/04/21 17:40:57 Running command: mafft --auto --quiet pan_genome_sequences/rhaS_12.fa > pan_genome_sequences/rhaS_12.fa.aln
2026/04/21 17:41:03 Running command: mafft --auto --quiet pan_genome_sequences/xpt.fa > pan_genome_sequences/xpt.fa.aln
2026/04/21 17:40:59 Running command: mafft --auto --quiet pan_genome_sequences/group_2967.fa > pan_genome_sequences/group_2967.fa.aln
2026/04/21 17:41:08 Running command: mafft --auto --quiet pan_genome_sequences/group_3375.fa > pan_genome_sequences/group_3375.fa.aln
2026/04/21 17:40:47 Running command: mafft --auto --quiet pan_genome_sequences/ftsY.fa > pan_genome_sequences/ftsY.fa.aln
2026/04/21 17:41:09 Running command: mafft --auto --quiet pan_genome_sequences/group_18121.fa > pan_genome_sequences/group_18121.fa.aln
2026/04/21 17:40:54 Running command: mafft --auto --quiet pan_genome_sequences/gltS.fa > pan_genome_sequences/gltS.fa.aln
2026/04/21 17:41:05 Running command: mafft --auto --quiet pan_genome_sequences/group_2036.fa > pan_genome_sequences/group_2036.fa.aln
2026/04/21 17:41:11 Running command: mafft --auto --quiet pan_genome_sequences/group_5270.fa > pan_genome_sequences/group_5270.fa.aln
2026/04/21 17:40:52 Running command: mafft --auto --quiet pan_genome_sequences/group_18140.fa > pan_genome_sequences/group_18140.fa.aln
2026/04/21 17:41:04 Running command: mafft --auto --quiet pan_genome_sequences/group_3729.fa > pan_genome_sequences/group_3729.fa.aln
2026/04/21 17:41:16 Running command: mafft --auto --quiet pan_genome_sequences/ppa.fa > pan_genome_sequences/ppa.fa.aln
2026/04/21 17:41:15 Running command: mafft --auto --quiet pan_genome_sequences/pcaG.fa > pan_genome_sequences/pcaG.fa.aln
2026/04/21 17:41:06 Running command: mafft --auto --quiet pan_genome_sequences/pyrD.fa > pan_genome_sequences/pyrD.fa.aln
2026/04/21 17:41:20 Running command: mafft --auto --quiet pan_genome_sequences/fliE.fa > pan_genome_sequences/fliE.fa.aln
2026/04/21 17:41:22 Running command: mafft --auto --quiet pan_genome_sequences/group_4703.fa > pan_genome_sequences/group_4703.fa.aln
2026/04/21 17:41:14 Running command: mafft --auto --quiet pan_genome_sequences/ubiA.fa > pan_genome_sequences/ubiA.fa.aln
2026/04/21 17:41:18 Running command: mafft --auto --quiet pan_genome_sequences/group_5468.fa > pan_genome_sequences/group_5468.fa.aln
2026/04/21 17:41:25 Running command: mafft --auto --quiet pan_genome_sequences/group_5494.fa > pan_genome_sequences/group_5494.fa.aln
2026/04/21 17:41:26 Running command: mafft --auto --quiet pan_genome_sequences/group_5476.fa > pan_genome_sequences/group_5476.fa.aln
2026/04/21 17:41:25 Running command: mafft --auto --quiet pan_genome_sequences/lolA.fa > pan_genome_sequences/lolA.fa.aln
2026/04/21 17:41:27 Running command: mafft --auto --quiet pan_genome_sequences/cmoA_2.fa > pan_genome_sequences/cmoA_2.fa.aln
2026/04/21 17:41:35 Running command: mafft --auto --quiet pan_genome_sequences/group_18113.fa > pan_genome_sequences/group_18113.fa.aln
2026/04/21 17:41:16 Running command: mafft --auto --quiet pan_genome_sequences/algD.fa > pan_genome_sequences/algD.fa.aln
2026/04/21 17:41:21 Running command: mafft --auto --quiet pan_genome_sequences/group_3481.fa > pan_genome_sequences/group_3481.fa.aln
2026/04/21 17:41:41 Running command: mafft --auto --quiet pan_genome_sequences/group_18332.fa > pan_genome_sequences/group_18332.fa.aln
2026/04/21 17:41:20 Running command: mafft --auto --quiet pan_genome_sequences/guaD_1.fa > pan_genome_sequences/guaD_1.fa.aln
2026/04/21 17:41:13 Running command: mafft --auto --quiet pan_genome_sequences/uacT_1.fa > pan_genome_sequences/uacT_1.fa.aln
2026/04/21 17:41:40 Running command: mafft --auto --quiet pan_genome_sequences/yhhW.fa > pan_genome_sequences/yhhW.fa.aln
2026/04/21 17:41:43 Running command: mafft --auto --quiet pan_genome_sequences/yafV.fa > pan_genome_sequences/yafV.fa.aln
2026/04/21 17:41:46 Running command: mafft --auto --quiet pan_genome_sequences/group_5100.fa > pan_genome_sequences/group_5100.fa.aln
2026/04/21 17:41:38 Running command: mafft --auto --quiet pan_genome_sequences/ldc.fa > pan_genome_sequences/ldc.fa.aln
2026/04/21 17:41:26 Running command: mafft --auto --quiet pan_genome_sequences/pucI_1.fa > pan_genome_sequences/pucI_1.fa.aln
2026/04/21 17:41:58 Running command: mafft --auto --quiet pan_genome_sequences/rutB_3.fa > pan_genome_sequences/rutB_3.fa.aln
2026/04/21 17:41:57 Running command: mafft --auto --quiet pan_genome_sequences/group_18568.fa > pan_genome_sequences/group_18568.fa.aln
2026/04/21 17:41:47 Running command: mafft --auto --quiet pan_genome_sequences/metC.fa > pan_genome_sequences/metC.fa.aln
2026/04/21 17:42:07 Running command: mafft --auto --quiet pan_genome_sequences/group_3352.fa > pan_genome_sequences/group_3352.fa.aln
2026/04/21 17:42:07 Running command: mafft --auto --quiet pan_genome_sequences/acrB_1.fa > pan_genome_sequences/acrB_1.fa.aln
2026/04/21 17:42:04 Running command: mafft --auto --quiet pan_genome_sequences/pncA.fa > pan_genome_sequences/pncA.fa.aln
2026/04/21 17:41:52 Running command: mafft --auto --quiet pan_genome_sequences/lpxB.fa > pan_genome_sequences/lpxB.fa.aln
2026/04/21 17:41:53 Running command: mafft --auto --quiet pan_genome_sequences/phnM.fa > pan_genome_sequences/phnM.fa.aln
2026/04/21 17:42:12 Running command: mafft --auto --quiet pan_genome_sequences/group_17670.fa > pan_genome_sequences/group_17670.fa.aln
2026/04/21 17:41:31 Running command: mafft --auto --quiet pan_genome_sequences/group_18008.fa > pan_genome_sequences/group_18008.fa.aln
2026/04/21 17:42:10 Running command: mafft --auto --quiet pan_genome_sequences/rhdA.fa > pan_genome_sequences/rhdA.fa.aln
2026/04/21 17:41:46 Running command: mafft --auto --quiet pan_genome_sequences/clsC.fa > pan_genome_sequences/clsC.fa.aln
2026/04/21 17:42:09 Running command: mafft --auto --quiet pan_genome_sequences/rdoA.fa > pan_genome_sequences/rdoA.fa.aln
2026/04/21 17:42:20 Running command: mafft --auto --quiet pan_genome_sequences/sspA_2.fa > pan_genome_sequences/sspA_2.fa.aln
2026/04/21 17:42:16 Running command: mafft --auto --quiet pan_genome_sequences/dnaN.fa > pan_genome_sequences/dnaN.fa.aln
2026/04/21 17:42:20 Running command: mafft --auto --quiet pan_genome_sequences/group_4794.fa > pan_genome_sequences/group_4794.fa.aln
2026/04/21 17:42:09 Running command: mafft --auto --quiet pan_genome_sequences/group_4962.fa > pan_genome_sequences/group_4962.fa.aln
2026/04/21 17:41:21 Running command: mafft --auto --quiet pan_genome_sequences/mrcB.fa > pan_genome_sequences/mrcB.fa.aln
2026/04/21 17:42:11 Running command: mafft --auto --quiet pan_genome_sequences/group_1457.fa > pan_genome_sequences/group_1457.fa.aln
2026/04/21 17:42:23 Running command: mafft --auto --quiet pan_genome_sequences/group_18359.fa > pan_genome_sequences/group_18359.fa.aln
2026/04/21 17:42:26 Running command: mafft --auto --quiet pan_genome_sequences/group_2260.fa > pan_genome_sequences/group_2260.fa.aln
2026/04/21 17:42:43 Running command: mafft --auto --quiet pan_genome_sequences/pucB.fa > pan_genome_sequences/pucB.fa.aln
2026/04/21 17:42:38 Running command: mafft --auto --quiet pan_genome_sequences/cvfB.fa > pan_genome_sequences/cvfB.fa.aln
2026/04/21 17:42:48 Running command: mafft --auto --quiet pan_genome_sequences/group_3463.fa > pan_genome_sequences/group_3463.fa.aln
2026/04/21 17:42:15 Running command: mafft --auto --quiet pan_genome_sequences/group_4795.fa > pan_genome_sequences/group_4795.fa.aln
2026/04/21 17:42:38 Running command: mafft --auto --quiet pan_genome_sequences/hexR_1.fa > pan_genome_sequences/hexR_1.fa.aln
2026/04/21 17:42:35 Running command: mafft --auto --quiet pan_genome_sequences/mdtA_3.fa > pan_genome_sequences/mdtA_3.fa.aln
2026/04/21 17:42:49 Running command: mafft --auto --quiet pan_genome_sequences/group_5138.fa > pan_genome_sequences/group_5138.fa.aln
2026/04/21 17:42:49 Running command: mafft --auto --quiet pan_genome_sequences/epsM.fa > pan_genome_sequences/epsM.fa.aln
2026/04/21 17:42:53 Running command: mafft --auto --quiet pan_genome_sequences/group_5667.fa > pan_genome_sequences/group_5667.fa.aln
2026/04/21 17:42:34 Running command: mafft --auto --quiet pan_genome_sequences/group_17329.fa > pan_genome_sequences/group_17329.fa.aln
2026/04/21 17:42:53 Running command: mafft --auto --quiet pan_genome_sequences/tolQ_2.fa > pan_genome_sequences/tolQ_2.fa.aln
2026/04/21 17:42:49 Running command: mafft --auto --quiet pan_genome_sequences/rhaS_4.fa > pan_genome_sequences/rhaS_4.fa.aln
2026/04/21 17:42:57 Running command: mafft --auto --quiet pan_genome_sequences/group_4648.fa > pan_genome_sequences/group_4648.fa.aln
2026/04/21 17:42:59 Running command: mafft --auto --quiet pan_genome_sequences/yadH.fa > pan_genome_sequences/yadH.fa.aln
2026/04/21 17:43:07 Running command: mafft --auto --quiet pan_genome_sequences/group_5995.fa > pan_genome_sequences/group_5995.fa.aln
2026/04/21 17:42:38 Running command: mafft --auto --quiet pan_genome_sequences/ubiD.fa > pan_genome_sequences/ubiD.fa.aln
2026/04/21 17:43:04 Running command: mafft --auto --quiet pan_genome_sequences/rdgB.fa > pan_genome_sequences/rdgB.fa.aln
2026/04/21 17:42:56 Running command: mafft --auto --quiet pan_genome_sequences/group_5955.fa > pan_genome_sequences/group_5955.fa.aln
2026/04/21 17:43:16 Running command: mafft --auto --quiet pan_genome_sequences/group_18321.fa > pan_genome_sequences/group_18321.fa.aln
2026/04/21 17:43:09 Running command: mafft --auto --quiet pan_genome_sequences/phzF_1.fa > pan_genome_sequences/phzF_1.fa.aln
2026/04/21 17:43:09 Running command: mafft --auto --quiet pan_genome_sequences/dctP_3.fa > pan_genome_sequences/dctP_3.fa.aln
2026/04/21 17:42:59 Running command: mafft --auto --quiet pan_genome_sequences/group_3367.fa > pan_genome_sequences/group_3367.fa.aln
2026/04/21 17:42:49 Running command: mafft --auto --quiet pan_genome_sequences/yejF_1.fa > pan_genome_sequences/yejF_1.fa.aln
2026/04/21 17:43:25 Running command: mafft --auto --quiet pan_genome_sequences/swrC.fa > pan_genome_sequences/swrC.fa.aln
2026/04/21 17:43:20 Running command: mafft --auto --quiet pan_genome_sequences/recO.fa > pan_genome_sequences/recO.fa.aln
2026/04/21 17:43:10 Running command: mafft --auto --quiet pan_genome_sequences/epsF_1.fa > pan_genome_sequences/epsF_1.fa.aln
2026/04/21 17:43:17 Running command: mafft --auto --quiet pan_genome_sequences/amiE.fa > pan_genome_sequences/amiE.fa.aln
2026/04/21 17:43:27 Running command: mafft --auto --quiet pan_genome_sequences/dauR.fa > pan_genome_sequences/dauR.fa.aln
2026/04/21 17:42:45 Running command: mafft --auto --quiet pan_genome_sequences/group_3185.fa > pan_genome_sequences/group_3185.fa.aln
2026/04/21 17:42:49 Running command: mafft --auto --quiet pan_genome_sequences/acsA_3.fa > pan_genome_sequences/acsA_3.fa.aln
2026/04/21 17:43:38 Running command: mafft --auto --quiet pan_genome_sequences/gmhA.fa > pan_genome_sequences/gmhA.fa.aln
2026/04/21 17:43:32 Running command: mafft --auto --quiet pan_genome_sequences/group_6021.fa > pan_genome_sequences/group_6021.fa.aln
2026/04/21 17:43:43 Running command: mafft --auto --quiet pan_genome_sequences/group_17674.fa > pan_genome_sequences/group_17674.fa.aln
2026/04/21 17:43:43 Running command: mafft --auto --quiet pan_genome_sequences/dgkA.fa > pan_genome_sequences/dgkA.fa.aln
2026/04/21 17:43:46 Running command: mafft --auto --quiet pan_genome_sequences/group_5104.fa > pan_genome_sequences/group_5104.fa.aln
2026/04/21 17:43:42 Running command: mafft --auto --quiet pan_genome_sequences/dedA.fa > pan_genome_sequences/dedA.fa.aln
2026/04/21 17:43:27 Running command: mafft --auto --quiet pan_genome_sequences/exuT_3.fa > pan_genome_sequences/exuT_3.fa.aln
2026/04/21 17:43:46 Running command: mafft --auto --quiet pan_genome_sequences/group_2183.fa > pan_genome_sequences/group_2183.fa.aln
2026/04/21 17:43:33 Running command: mafft --auto --quiet pan_genome_sequences/radA.fa > pan_genome_sequences/radA.fa.aln
2026/04/21 17:44:00 Running command: mafft --auto --quiet pan_genome_sequences/group_5385.fa > pan_genome_sequences/group_5385.fa.aln
2026/04/21 17:43:54 Running command: mafft --auto --quiet pan_genome_sequences/mltB_1.fa > pan_genome_sequences/mltB_1.fa.aln
2026/04/21 17:43:56 Running command: mafft --auto --quiet pan_genome_sequences/rfaF.fa > pan_genome_sequences/rfaF.fa.aln
2026/04/21 17:44:08 Running command: mafft --auto --quiet pan_genome_sequences/uao.fa > pan_genome_sequences/uao.fa.aln
2026/04/21 17:44:09 Running command: mafft --auto --quiet pan_genome_sequences/group_4292.fa > pan_genome_sequences/group_4292.fa.aln
2026/04/21 17:44:13 Running command: mafft --auto --quiet pan_genome_sequences/moaB_2.fa > pan_genome_sequences/moaB_2.fa.aln
2026/04/21 17:44:12 Running command: mafft --auto --quiet pan_genome_sequences/group_5397.fa > pan_genome_sequences/group_5397.fa.aln
2026/04/21 17:43:31 Running command: mafft --auto --quiet pan_genome_sequences/thiC.fa > pan_genome_sequences/thiC.fa.aln
2026/04/21 17:44:17 Running command: mafft --auto --quiet pan_genome_sequences/group_17761.fa > pan_genome_sequences/group_17761.fa.aln
2026/04/21 17:44:26 Running command: mafft --auto --quiet pan_genome_sequences/group_18027.fa > pan_genome_sequences/group_18027.fa.aln
2026/04/21 17:43:49 Running command: mafft --auto --quiet pan_genome_sequences/rpsA.fa > pan_genome_sequences/rpsA.fa.aln
2026/04/21 17:44:17 Running command: mafft --auto --quiet pan_genome_sequences/group_3407.fa > pan_genome_sequences/group_3407.fa.aln
2026/04/21 17:44:32 Running command: mafft --auto --quiet pan_genome_sequences/group_5731.fa > pan_genome_sequences/group_5731.fa.aln
2026/04/21 17:44:27 Running command: mafft --auto --quiet pan_genome_sequences/group_3465.fa > pan_genome_sequences/group_3465.fa.aln
2026/04/21 17:44:28 Running command: mafft --auto --quiet pan_genome_sequences/group_18283.fa > pan_genome_sequences/group_18283.fa.aln
2026/04/21 17:43:23 Running command: mafft --auto --quiet pan_genome_sequences/polB.fa > pan_genome_sequences/polB.fa.aln
2026/04/21 17:44:12 Running command: mafft --auto --quiet pan_genome_sequences/hutH_2.fa > pan_genome_sequences/hutH_2.fa.aln
2026/04/21 17:44:36 Running command: mafft --auto --quiet pan_genome_sequences/glsA2.fa > pan_genome_sequences/glsA2.fa.aln
2026/04/21 17:44:21 Running command: mafft --auto --quiet pan_genome_sequences/jefA.fa > pan_genome_sequences/jefA.fa.aln
2026/04/21 17:44:40 Running command: mafft --auto --quiet pan_genome_sequences/rsmI.fa > pan_genome_sequences/rsmI.fa.aln
2026/04/21 17:43:26 Running command: mafft --auto --quiet pan_genome_sequences/fadE.fa > pan_genome_sequences/fadE.fa.aln
2026/04/21 17:44:50 Running command: mafft --auto --quiet pan_genome_sequences/group_6077.fa > pan_genome_sequences/group_6077.fa.aln
2026/04/21 17:44:43 Running command: mafft --auto --quiet pan_genome_sequences/group_5276.fa > pan_genome_sequences/group_5276.fa.aln
2026/04/21 17:44:46 Running command: mafft --auto --quiet pan_genome_sequences/COQ3_1.fa > pan_genome_sequences/COQ3_1.fa.aln
2026/04/21 17:44:39 Running command: mafft --auto --quiet pan_genome_sequences/bepF_3.fa > pan_genome_sequences/bepF_3.fa.aln
2026/04/21 17:44:51 Running command: mafft --auto --quiet pan_genome_sequences/group_4304.fa > pan_genome_sequences/group_4304.fa.aln
2026/04/21 17:45:00 Running command: mafft --auto --quiet pan_genome_sequences/sspB.fa > pan_genome_sequences/sspB.fa.aln
2026/04/21 17:43:48 Running command: mafft --auto --quiet pan_genome_sequences/gspD.fa > pan_genome_sequences/gspD.fa.aln
2026/04/21 17:45:00 Running command: mafft --auto --quiet pan_genome_sequences/group_4698.fa > pan_genome_sequences/group_4698.fa.aln
2026/04/21 17:45:01 Running command: mafft --auto --quiet pan_genome_sequences/fdhE.fa > pan_genome_sequences/fdhE.fa.aln
2026/04/21 17:44:51 Running command: mafft --auto --quiet pan_genome_sequences/rimO.fa > pan_genome_sequences/rimO.fa.aln
2026/04/21 17:45:15 Running command: mafft --auto --quiet pan_genome_sequences/group_17890.fa > pan_genome_sequences/group_17890.fa.aln
2026/04/21 17:44:48 Running command: mafft --auto --quiet pan_genome_sequences/pccB.fa > pan_genome_sequences/pccB.fa.aln
2026/04/21 17:45:00 Running command: mafft --auto --quiet pan_genome_sequences/dht.fa > pan_genome_sequences/dht.fa.aln
2026/04/21 17:45:16 Running command: mafft --auto --quiet pan_genome_sequences/rhaS_3.fa > pan_genome_sequences/rhaS_3.fa.aln
2026/04/21 17:45:25 Running command: mafft --auto --quiet pan_genome_sequences/group_5283.fa > pan_genome_sequences/group_5283.fa.aln
2026/04/21 17:45:10 Running command: mafft --auto --quiet pan_genome_sequences/dgcN.fa > pan_genome_sequences/dgcN.fa.aln
2026/04/21 17:45:34 Running command: mafft --auto --quiet pan_genome_sequences/group_2887.fa > pan_genome_sequences/group_2887.fa.aln
2026/04/21 17:45:13 Running command: mafft --auto --quiet pan_genome_sequences/tdcG.fa > pan_genome_sequences/tdcG.fa.aln
2026/04/21 17:45:03 Running command: mafft --auto --quiet pan_genome_sequences/group_6019.fa > pan_genome_sequences/group_6019.fa.aln
2026/04/21 17:45:31 Running command: mafft --auto --quiet pan_genome_sequences/fdoH.fa > pan_genome_sequences/fdoH.fa.aln
2026/04/21 17:45:36 Running command: mafft --auto --quiet pan_genome_sequences/group_18028.fa > pan_genome_sequences/group_18028.fa.aln
2026/04/21 17:45:40 Running command: mafft --auto --quiet pan_genome_sequences/puuD.fa > pan_genome_sequences/puuD.fa.aln
2026/04/21 17:44:52 Running command: mafft --auto --quiet pan_genome_sequences/uvrB.fa > pan_genome_sequences/uvrB.fa.aln
2026/04/21 17:45:29 Running command: mafft --auto --quiet pan_genome_sequences/hflK.fa > pan_genome_sequences/hflK.fa.aln
2026/04/21 17:45:43 Running command: mafft --auto --quiet pan_genome_sequences/metP.fa > pan_genome_sequences/metP.fa.aln
2026/04/21 17:45:49 Running command: mafft --auto --quiet pan_genome_sequences/ycgL.fa > pan_genome_sequences/ycgL.fa.aln
2026/04/21 17:45:19 Running command: mafft --auto --quiet pan_genome_sequences/group_5079.fa > pan_genome_sequences/group_5079.fa.aln
2026/04/21 17:45:33 Running command: mafft --auto --quiet pan_genome_sequences/group_4458.fa > pan_genome_sequences/group_4458.fa.aln
2026/04/21 17:45:40 Running command: mafft --auto --quiet pan_genome_sequences/group_3403.fa > pan_genome_sequences/group_3403.fa.aln
2026/04/21 17:45:52 Running command: mafft --auto --quiet pan_genome_sequences/purL.fa > pan_genome_sequences/purL.fa.aln
2026/04/21 17:45:51 Running command: mafft --auto --quiet pan_genome_sequences/group_17353.fa > pan_genome_sequences/group_17353.fa.aln
2026/04/21 17:45:55 Running command: mafft --auto --quiet pan_genome_sequences/group_5242.fa > pan_genome_sequences/group_5242.fa.aln
2026/04/21 17:46:05 Running command: mafft --auto --quiet pan_genome_sequences/gatC.fa > pan_genome_sequences/gatC.fa.aln
2026/04/21 17:45:50 Running command: mafft --auto --quiet pan_genome_sequences/queG.fa > pan_genome_sequences/queG.fa.aln
2026/04/21 17:46:07 Running command: mafft --auto --quiet pan_genome_sequences/lsrG_1.fa > pan_genome_sequences/lsrG_1.fa.aln
2026/04/21 17:45:55 Running command: mafft --auto --quiet pan_genome_sequences/yjiA_2.fa > pan_genome_sequences/yjiA_2.fa.aln
2026/04/21 17:46:09 Running command: mafft --auto --quiet pan_genome_sequences/group_17086.fa > pan_genome_sequences/group_17086.fa.aln
2026/04/21 17:46:07 Running command: mafft --auto --quiet pan_genome_sequences/phaJ.fa > pan_genome_sequences/phaJ.fa.aln
2026/04/21 17:45:51 Running command: mafft --auto --quiet pan_genome_sequences/adhB.fa > pan_genome_sequences/adhB.fa.aln
2026/04/21 17:46:11 Running command: mafft --auto --quiet pan_genome_sequences/yybH.fa > pan_genome_sequences/yybH.fa.aln
2026/04/21 17:45:48 Running command: mafft --auto --quiet pan_genome_sequences/group_5275.fa > pan_genome_sequences/group_5275.fa.aln
2026/04/21 17:46:09 Running command: mafft --auto --quiet pan_genome_sequences/ubiG.fa > pan_genome_sequences/ubiG.fa.aln
2026/04/21 17:46:14 Running command: mafft --auto --quiet pan_genome_sequences/group_17526.fa > pan_genome_sequences/group_17526.fa.aln
2026/04/21 17:46:10 Running command: mafft --auto --quiet pan_genome_sequences/group_5795.fa > pan_genome_sequences/group_5795.fa.aln
2026/04/21 17:46:16 Running command: mafft --auto --quiet pan_genome_sequences/crcB.fa > pan_genome_sequences/crcB.fa.aln
2026/04/21 17:46:18 Running command: mafft --auto --quiet pan_genome_sequences/group_17660.fa > pan_genome_sequences/group_17660.fa.aln
2026/04/21 17:46:14 Running command: mafft --auto --quiet pan_genome_sequences/dmlR_2.fa > pan_genome_sequences/dmlR_2.fa.aln
2026/04/21 17:46:19 Running command: mafft --auto --quiet pan_genome_sequences/group_3075.fa > pan_genome_sequences/group_3075.fa.aln
2026/04/21 17:45:56 Running command: mafft --auto --quiet pan_genome_sequences/ywiE_2.fa > pan_genome_sequences/ywiE_2.fa.aln
2026/04/21 17:46:18 Running command: mafft --auto --quiet pan_genome_sequences/nqrC.fa > pan_genome_sequences/nqrC.fa.aln
2026/04/21 17:46:26 Running command: mafft --auto --quiet pan_genome_sequences/hmrR.fa > pan_genome_sequences/hmrR.fa.aln
2026/04/21 17:46:26 Running command: mafft --auto --quiet pan_genome_sequences/group_4680.fa > pan_genome_sequences/group_4680.fa.aln
2026/04/21 17:46:27 Running command: mafft --auto --quiet pan_genome_sequences/group_4843.fa > pan_genome_sequences/group_4843.fa.aln
2026/04/21 17:46:40 Running command: mafft --auto --quiet pan_genome_sequences/group_3282.fa > pan_genome_sequences/group_3282.fa.aln
2026/04/21 17:45:49 Running command: mafft --auto --quiet pan_genome_sequences/fecA_2.fa > pan_genome_sequences/fecA_2.fa.aln
2026/04/21 17:46:13 Running command: mafft --auto --quiet pan_genome_sequences/group_5934.fa > pan_genome_sequences/group_5934.fa.aln
2026/04/21 17:46:47 Running command: mafft --auto --quiet pan_genome_sequences/group_2982.fa > pan_genome_sequences/group_2982.fa.aln
2026/04/21 17:46:28 Running command: mafft --auto --quiet pan_genome_sequences/group_5372.fa > pan_genome_sequences/group_5372.fa.aln
2026/04/21 17:46:53 Running command: mafft --auto --quiet pan_genome_sequences/yfcG_1.fa > pan_genome_sequences/yfcG_1.fa.aln
2026/04/21 17:46:28 Running command: mafft --auto --quiet pan_genome_sequences/atoC_2.fa > pan_genome_sequences/atoC_2.fa.aln
2026/04/21 17:46:59 Running command: mafft --auto --quiet pan_genome_sequences/iscA.fa > pan_genome_sequences/iscA.fa.aln
2026/04/21 17:46:59 Running command: mafft --auto --quiet pan_genome_sequences/group_6062.fa > pan_genome_sequences/group_6062.fa.aln
2026/04/21 17:46:37 Running command: mafft --auto --quiet pan_genome_sequences/pcaB_1.fa > pan_genome_sequences/pcaB_1.fa.aln
2026/04/21 17:46:54 Running command: mafft --auto --quiet pan_genome_sequences/psd.fa > pan_genome_sequences/psd.fa.aln
2026/04/21 17:47:05 Running command: mafft --auto --quiet pan_genome_sequences/nudJ.fa > pan_genome_sequences/nudJ.fa.aln
2026/04/21 17:46:55 Running command: mafft --auto --quiet pan_genome_sequences/zapE_2.fa > pan_genome_sequences/zapE_2.fa.aln
2026/04/21 17:47:09 Running command: mafft --auto --quiet pan_genome_sequences/group_4950.fa > pan_genome_sequences/group_4950.fa.aln
2026/04/21 17:45:53 Running command: mafft --auto --quiet pan_genome_sequences/xpkA.fa > pan_genome_sequences/xpkA.fa.aln
2026/04/21 17:47:01 Running command: mafft --auto --quiet pan_genome_sequences/group_17681.fa > pan_genome_sequences/group_17681.fa.aln
2026/04/21 17:47:17 Running command: mafft --auto --quiet pan_genome_sequences/lspA.fa > pan_genome_sequences/lspA.fa.aln
2026/04/21 17:47:01 Running command: mafft --auto --quiet pan_genome_sequences/purA.fa > pan_genome_sequences/purA.fa.aln
2026/04/21 17:47:16 Running command: mafft --auto --quiet pan_genome_sequences/pal_3.fa > pan_genome_sequences/pal_3.fa.aln
2026/04/21 17:47:12 Running command: mafft --auto --quiet pan_genome_sequences/cydB.fa > pan_genome_sequences/cydB.fa.aln
2026/04/21 17:46:22 Running command: mafft --auto --quiet pan_genome_sequences/group_1163.fa > pan_genome_sequences/group_1163.fa.aln
2026/04/21 17:47:05 Running command: mafft --auto --quiet pan_genome_sequences/group_17551.fa > pan_genome_sequences/group_17551.fa.aln
2026/04/21 17:47:34 Running command: mafft --auto --quiet pan_genome_sequences/group_4282.fa > pan_genome_sequences/group_4282.fa.aln
2026/04/21 17:47:26 Running command: mafft --auto --quiet pan_genome_sequences/sasA_14.fa > pan_genome_sequences/sasA_14.fa.aln
2026/04/21 17:47:34 Running command: mafft --auto --quiet pan_genome_sequences/cobT.fa > pan_genome_sequences/cobT.fa.aln
2026/04/21 17:47:50 Running command: mafft --auto --quiet pan_genome_sequences/group_5929.fa > pan_genome_sequences/group_5929.fa.aln
2026/04/21 17:47:52 Running command: mafft --auto --quiet pan_genome_sequences/ratA.fa > pan_genome_sequences/ratA.fa.aln
2026/04/21 17:47:25 Running command: mafft --auto --quiet pan_genome_sequences/gabD.fa > pan_genome_sequences/gabD.fa.aln
2026/04/21 17:47:21 Running command: mafft --auto --quiet pan_genome_sequences/nanT_1.fa > pan_genome_sequences/nanT_1.fa.aln
2026/04/21 17:47:57 Running command: mafft --auto --quiet pan_genome_sequences/nicA.fa > pan_genome_sequences/nicA.fa.aln
2026/04/21 17:46:52 Running command: mafft --auto --quiet pan_genome_sequences/adiA.fa > pan_genome_sequences/adiA.fa.aln
2026/04/21 17:47:59 Running command: mafft --auto --quiet pan_genome_sequences/trpC.fa > pan_genome_sequences/trpC.fa.aln
2026/04/21 17:48:09 Running command: mafft --auto --quiet pan_genome_sequences/arfB.fa > pan_genome_sequences/arfB.fa.aln
2026/04/21 17:48:00 Running command: mafft --auto --quiet pan_genome_sequences/ddl_1.fa > pan_genome_sequences/ddl_1.fa.aln
2026/04/21 17:47:25 Running command: mafft --auto --quiet pan_genome_sequences/dctB_1.fa > pan_genome_sequences/dctB_1.fa.aln
2026/04/21 17:47:51 Running command: mafft --auto --quiet pan_genome_sequences/naiP.fa > pan_genome_sequences/naiP.fa.aln
2026/04/21 17:47:12 Running command: mafft --auto --quiet pan_genome_sequences/recQ.fa > pan_genome_sequences/recQ.fa.aln
2026/04/21 17:47:55 Running command: mafft --auto --quiet pan_genome_sequences/rkpK_2.fa > pan_genome_sequences/rkpK_2.fa.aln
2026/04/21 17:48:14 Running command: mafft --auto --quiet pan_genome_sequences/group_5139.fa > pan_genome_sequences/group_5139.fa.aln
2026/04/21 17:48:12 Running command: mafft --auto --quiet pan_genome_sequences/argP_4.fa > pan_genome_sequences/argP_4.fa.aln
2026/04/21 17:48:17 Running command: mafft --auto --quiet pan_genome_sequences/group_5376.fa > pan_genome_sequences/group_5376.fa.aln
2026/04/21 17:48:22 Running command: mafft --auto --quiet pan_genome_sequences/group_18311.fa > pan_genome_sequences/group_18311.fa.aln
2026/04/21 17:48:04 Running command: mafft --auto --quiet pan_genome_sequences/uhpC.fa > pan_genome_sequences/uhpC.fa.aln
2026/04/21 17:48:16 Running command: mafft --auto --quiet pan_genome_sequences/pleD_2.fa > pan_genome_sequences/pleD_2.fa.aln
2026/04/21 17:48:25 Running command: mafft --auto --quiet pan_genome_sequences/group_3166.fa > pan_genome_sequences/group_3166.fa.aln
2026/04/21 17:48:27 Running command: mafft --auto --quiet pan_genome_sequences/gloB_2.fa > pan_genome_sequences/gloB_2.fa.aln
2026/04/21 17:48:34 Running command: mafft --auto --quiet pan_genome_sequences/group_3732.fa > pan_genome_sequences/group_3732.fa.aln
2026/04/21 17:48:30 Running command: mafft --auto --quiet pan_genome_sequences/group_3845.fa > pan_genome_sequences/group_3845.fa.aln
2026/04/21 17:48:32 Running command: mafft --auto --quiet pan_genome_sequences/nadC.fa > pan_genome_sequences/nadC.fa.aln
2026/04/21 17:48:24 Running command: mafft --auto --quiet pan_genome_sequences/dapE.fa > pan_genome_sequences/dapE.fa.aln
2026/04/21 17:48:17 Running command: mafft --auto --quiet pan_genome_sequences/hxcR.fa > pan_genome_sequences/hxcR.fa.aln
2026/04/21 17:48:45 Running command: mafft --auto --quiet pan_genome_sequences/feoC.fa > pan_genome_sequences/feoC.fa.aln
2026/04/21 17:48:47 Running command: mafft --auto --quiet pan_genome_sequences/soxA.fa > pan_genome_sequences/soxA.fa.aln
2026/04/21 17:48:42 Running command: mafft --auto --quiet pan_genome_sequences/actIII_1.fa > pan_genome_sequences/actIII_1.fa.aln
2026/04/21 17:48:43 Running command: mafft --auto --quiet pan_genome_sequences/ppsR.fa > pan_genome_sequences/ppsR.fa.aln
2026/04/21 17:48:49 Running command: mafft --auto --quiet pan_genome_sequences/phnR_3.fa > pan_genome_sequences/phnR_3.fa.aln
2026/04/21 17:48:40 Running command: mafft --auto --quiet pan_genome_sequences/phnI.fa > pan_genome_sequences/phnI.fa.aln
2026/04/21 17:48:52 Running command: mafft --auto --quiet pan_genome_sequences/hisB.fa > pan_genome_sequences/hisB.fa.aln
2026/04/21 17:48:52 Running command: mafft --auto --quiet pan_genome_sequences/gstB_2.fa > pan_genome_sequences/gstB_2.fa.aln
2026/04/21 17:48:57 Running command: mafft --auto --quiet pan_genome_sequences/ftsL.fa > pan_genome_sequences/ftsL.fa.aln
2026/04/21 17:47:36 Running command: mafft --auto --quiet pan_genome_sequences/group_18096.fa > pan_genome_sequences/group_18096.fa.aln
2026/04/21 17:49:01 Running command: mafft --auto --quiet pan_genome_sequences/nusG.fa > pan_genome_sequences/nusG.fa.aln
2026/04/21 17:49:04 Running command: mafft --auto --quiet pan_genome_sequences/yceJ.fa > pan_genome_sequences/yceJ.fa.aln
2026/04/21 17:48:59 Running command: mafft --auto --quiet pan_genome_sequences/group_17659.fa > pan_genome_sequences/group_17659.fa.aln
2026/04/21 17:48:57 Running command: mafft --auto --quiet pan_genome_sequences/dmlR_11.fa > pan_genome_sequences/dmlR_11.fa.aln
2026/04/21 17:49:09 Running command: mafft --auto --quiet pan_genome_sequences/group_4507.fa > pan_genome_sequences/group_4507.fa.aln
2026/04/21 17:49:10 Running command: mafft --auto --quiet pan_genome_sequences/ibpB.fa > pan_genome_sequences/ibpB.fa.aln
2026/04/21 17:49:13 Running command: mafft --auto --quiet pan_genome_sequences/sodB_1.fa > pan_genome_sequences/sodB_1.fa.aln
2026/04/21 17:49:12 Running command: mafft --auto --quiet pan_genome_sequences/ompR_2.fa > pan_genome_sequences/ompR_2.fa.aln
2026/04/21 17:48:28 Running command: mafft --auto --quiet pan_genome_sequences/estA.fa > pan_genome_sequences/estA.fa.aln
2026/04/21 17:49:10 Running command: mafft --auto --quiet pan_genome_sequences/gcvA_3.fa > pan_genome_sequences/gcvA_3.fa.aln
2026/04/21 17:49:18 Running command: mafft --auto --quiet pan_genome_sequences/kstR2.fa > pan_genome_sequences/kstR2.fa.aln
2026/04/21 17:48:33 Running command: mafft --auto --quiet pan_genome_sequences/cysNC.fa > pan_genome_sequences/cysNC.fa.aln
2026/04/21 17:49:24 Running command: mafft --auto --quiet pan_genome_sequences/rhaS_13.fa > pan_genome_sequences/rhaS_13.fa.aln
2026/04/21 17:48:41 Running command: mafft --auto --quiet pan_genome_sequences/mrdA.fa > pan_genome_sequences/mrdA.fa.aln
2026/04/21 17:49:24 Running command: mafft --auto --quiet pan_genome_sequences/yjiK_1.fa > pan_genome_sequences/yjiK_1.fa.aln
2026/04/21 17:49:21 Running command: mafft --auto --quiet pan_genome_sequences/osmV.fa > pan_genome_sequences/osmV.fa.aln
2026/04/21 17:49:20 Running command: mafft --auto --quiet pan_genome_sequences/glyA_2.fa > pan_genome_sequences/glyA_2.fa.aln
2026/04/21 17:49:34 Running command: mafft --auto --quiet pan_genome_sequences/group_5487.fa > pan_genome_sequences/group_5487.fa.aln
2026/04/21 17:49:38 Running command: mafft --auto --quiet pan_genome_sequences/bdcA.fa > pan_genome_sequences/bdcA.fa.aln
2026/04/21 17:49:42 Running command: mafft --auto --quiet pan_genome_sequences/mlaC.fa > pan_genome_sequences/mlaC.fa.aln
2026/04/21 17:49:46 Running command: mafft --auto --quiet pan_genome_sequences/group_17889.fa > pan_genome_sequences/group_17889.fa.aln
2026/04/21 17:48:58 Running command: mafft --auto --quiet pan_genome_sequences/group_3541.fa > pan_genome_sequences/group_3541.fa.aln
2026/04/21 17:49:22 Running command: mafft --auto --quiet pan_genome_sequences/betC.fa > pan_genome_sequences/betC.fa.aln
2026/04/21 17:49:54 Running command: mafft --auto --quiet pan_genome_sequences/group_2881.fa > pan_genome_sequences/group_2881.fa.aln
2026/04/21 17:49:53 Running command: mafft --auto --quiet pan_genome_sequences/lptB_2.fa > pan_genome_sequences/lptB_2.fa.aln
2026/04/21 17:49:33 Running command: mafft --auto --quiet pan_genome_sequences/cfiB.fa > pan_genome_sequences/cfiB.fa.aln
2026/04/21 17:50:00 Running command: mafft --auto --quiet pan_genome_sequences/group_2883.fa > pan_genome_sequences/group_2883.fa.aln
2026/04/21 17:49:48 Running command: mafft --auto --quiet pan_genome_sequences/rfbB.fa > pan_genome_sequences/rfbB.fa.aln
2026/04/21 17:49:45 Running command: mafft --auto --quiet pan_genome_sequences/phzS.fa > pan_genome_sequences/phzS.fa.aln
2026/04/21 17:49:42 Running command: mafft --auto --quiet pan_genome_sequences/aroP_1.fa > pan_genome_sequences/aroP_1.fa.aln
2026/04/21 17:50:06 Running command: mafft --auto --quiet pan_genome_sequences/cysZ.fa > pan_genome_sequences/cysZ.fa.aln
2026/04/21 17:50:04 Running command: mafft --auto --quiet pan_genome_sequences/phnX_2.fa > pan_genome_sequences/phnX_2.fa.aln
2026/04/21 17:50:09 Running command: mafft --auto --quiet pan_genome_sequences/hemF.fa > pan_genome_sequences/hemF.fa.aln
2026/04/21 17:50:01 Running command: mafft --auto --quiet pan_genome_sequences/serA.fa > pan_genome_sequences/serA.fa.aln
2026/04/21 17:50:23 Running command: mafft --auto --quiet pan_genome_sequences/group_17972.fa > pan_genome_sequences/group_17972.fa.aln
2026/04/21 17:50:14 Running command: mafft --auto --quiet pan_genome_sequences/pgrR_1.fa > pan_genome_sequences/pgrR_1.fa.aln
2026/04/21 17:49:53 Running command: mafft --auto --quiet pan_genome_sequences/rhlB.fa > pan_genome_sequences/rhlB.fa.aln
2026/04/21 17:50:26 Running command: mafft --auto --quiet pan_genome_sequences/ptsN.fa > pan_genome_sequences/ptsN.fa.aln
2026/04/21 17:50:26 Running command: mafft --auto --quiet pan_genome_sequences/gdhB.fa > pan_genome_sequences/gdhB.fa.aln
2026/04/21 17:50:30 Running command: mafft --auto --quiet pan_genome_sequences/group_5999.fa > pan_genome_sequences/group_5999.fa.aln
2026/04/21 17:48:57 Running command: mafft --auto --quiet pan_genome_sequences/group_4586.fa > pan_genome_sequences/group_4586.fa.aln
2026/04/21 17:50:30 Running command: mafft --auto --quiet pan_genome_sequences/ycfH.fa > pan_genome_sequences/ycfH.fa.aln
2026/04/21 17:50:03 Running command: mafft --auto --quiet pan_genome_sequences/nadB.fa > pan_genome_sequences/nadB.fa.aln
2026/04/21 17:50:39 Running command: mafft --auto --quiet pan_genome_sequences/group_18513.fa > pan_genome_sequences/group_18513.fa.aln
2026/04/21 17:50:01 Running command: mafft --auto --quiet pan_genome_sequences/fadD_2.fa > pan_genome_sequences/fadD_2.fa.aln
2026/04/21 17:50:40 Running command: mafft --auto --quiet pan_genome_sequences/group_3676.fa > pan_genome_sequences/group_3676.fa.aln
2026/04/21 17:50:39 Running command: mafft --auto --quiet pan_genome_sequences/group_5921.fa > pan_genome_sequences/group_5921.fa.aln
2026/04/21 17:50:39 Running command: mafft --auto --quiet pan_genome_sequences/mscS_2.fa > pan_genome_sequences/mscS_2.fa.aln
2026/04/21 17:50:42 Running command: mafft --auto --quiet pan_genome_sequences/cheV.fa > pan_genome_sequences/cheV.fa.aln
2026/04/21 17:50:46 Running command: mafft --auto --quiet pan_genome_sequences/minD.fa > pan_genome_sequences/minD.fa.aln
2026/04/21 17:50:49 Running command: mafft --auto --quiet pan_genome_sequences/pip.fa > pan_genome_sequences/pip.fa.aln
2026/04/21 17:51:02 Running command: mafft --auto --quiet pan_genome_sequences/ccmH.fa > pan_genome_sequences/ccmH.fa.aln
2026/04/21 17:50:41 Running command: mafft --auto --quiet pan_genome_sequences/tolC_1.fa > pan_genome_sequences/tolC_1.fa.aln
2026/04/21 17:51:07 Running command: mafft --auto --quiet pan_genome_sequences/group_3669.fa > pan_genome_sequences/group_3669.fa.aln
2026/04/21 17:50:41 Running command: mafft --auto --quiet pan_genome_sequences/mdtK_1.fa > pan_genome_sequences/mdtK_1.fa.aln
2026/04/21 17:51:10 Running command: mafft --auto --quiet pan_genome_sequences/group_18268.fa > pan_genome_sequences/group_18268.fa.aln
2026/04/21 17:51:15 Running command: mafft --auto --quiet pan_genome_sequences/plsY.fa > pan_genome_sequences/plsY.fa.aln
2026/04/21 17:50:21 Running command: mafft --auto --quiet pan_genome_sequences/apxIB_1.fa > pan_genome_sequences/apxIB_1.fa.aln
2026/04/21 17:50:55 Running command: mafft --auto --quiet pan_genome_sequences/lsrK.fa > pan_genome_sequences/lsrK.fa.aln
2026/04/21 17:51:06 Running command: mafft --auto --quiet pan_genome_sequences/mco.fa > pan_genome_sequences/mco.fa.aln
2026/04/21 17:51:20 Running command: mafft --auto --quiet pan_genome_sequences/cra.fa > pan_genome_sequences/cra.fa.aln
2026/04/21 17:51:33 Running command: mafft --auto --quiet pan_genome_sequences/ftsB.fa > pan_genome_sequences/ftsB.fa.aln
2026/04/21 17:51:10 Running command: mafft --auto --quiet pan_genome_sequences/atoC_1.fa > pan_genome_sequences/atoC_1.fa.aln
2026/04/21 17:51:34 Running command: mafft --auto --quiet pan_genome_sequences/btuR.fa > pan_genome_sequences/btuR.fa.aln
2026/04/21 17:51:28 Running command: mafft --auto --quiet pan_genome_sequences/argD.fa > pan_genome_sequences/argD.fa.aln
2026/04/21 17:50:28 Running command: mafft --auto --quiet pan_genome_sequences/ligA.fa > pan_genome_sequences/ligA.fa.aln
2026/04/21 17:51:40 Running command: mafft --auto --quiet pan_genome_sequences/meh.fa > pan_genome_sequences/meh.fa.aln
2026/04/21 17:51:31 Running command: mafft --auto --quiet pan_genome_sequences/fabV.fa > pan_genome_sequences/fabV.fa.aln
2026/04/21 17:51:39 Running command: mafft --auto --quiet pan_genome_sequences/pyrC_1.fa > pan_genome_sequences/pyrC_1.fa.aln
2026/04/21 17:51:49 Running command: mafft --auto --quiet pan_genome_sequences/group_5928.fa > pan_genome_sequences/group_5928.fa.aln
2026/04/21 17:50:14 Running command: mafft --auto --quiet pan_genome_sequences/rnr.fa > pan_genome_sequences/rnr.fa.aln
2026/04/21 17:50:55 Running command: mafft --auto --quiet pan_genome_sequences/dinG_2.fa > pan_genome_sequences/dinG_2.fa.aln
2026/04/21 17:52:01 Running command: mafft --auto --quiet pan_genome_sequences/group_17861.fa > pan_genome_sequences/group_17861.fa.aln
2026/04/21 17:51:48 Running command: mafft --auto --quiet pan_genome_sequences/metXS.fa > pan_genome_sequences/metXS.fa.aln
2026/04/21 17:51:54 Running command: mafft --auto --quiet pan_genome_sequences/group_1627.fa > pan_genome_sequences/group_1627.fa.aln
2026/04/21 17:52:02 Running command: mafft --auto --quiet pan_genome_sequences/yedZ1.fa > pan_genome_sequences/yedZ1.fa.aln
2026/04/21 17:51:59 Running command: mafft --auto --quiet pan_genome_sequences/rdgC.fa > pan_genome_sequences/rdgC.fa.aln
2026/04/21 17:52:07 Running command: mafft --auto --quiet pan_genome_sequences/group_5364.fa > pan_genome_sequences/group_5364.fa.aln
2026/04/21 17:52:01 Running command: mafft --auto --quiet pan_genome_sequences/yegS.fa > pan_genome_sequences/yegS.fa.aln
2026/04/21 17:52:12 Running command: mafft --auto --quiet pan_genome_sequences/group_5317.fa > pan_genome_sequences/group_5317.fa.aln
2026/04/21 17:52:13 Running command: mafft --auto --quiet pan_genome_sequences/algU_2.fa > pan_genome_sequences/algU_2.fa.aln
2026/04/21 17:51:51 Running command: mafft --auto --quiet pan_genome_sequences/epsE.fa > pan_genome_sequences/epsE.fa.aln
2026/04/21 17:51:50 Running command: mafft --auto --quiet pan_genome_sequences/group_2564.fa > pan_genome_sequences/group_2564.fa.aln
2026/04/21 17:51:35 Running command: mafft --auto --quiet pan_genome_sequences/group_3557.fa > pan_genome_sequences/group_3557.fa.aln
2026/04/21 17:52:24 Running command: mafft --auto --quiet pan_genome_sequences/group_17231.fa > pan_genome_sequences/group_17231.fa.aln
2026/04/21 17:52:18 Running command: mafft --auto --quiet pan_genome_sequences/phnK.fa > pan_genome_sequences/phnK.fa.aln
2026/04/21 17:52:18 Running command: mafft --auto --quiet pan_genome_sequences/hmuU_2.fa > pan_genome_sequences/hmuU_2.fa.aln
2026/04/21 17:52:06 Running command: mafft --auto --quiet pan_genome_sequences/murD.fa > pan_genome_sequences/murD.fa.aln
2026/04/21 17:52:26 Running command: mafft --auto --quiet pan_genome_sequences/vfr.fa > pan_genome_sequences/vfr.fa.aln
2026/04/21 17:52:32 Running command: mafft --auto --quiet pan_genome_sequences/group_5678.fa > pan_genome_sequences/group_5678.fa.aln
2026/04/21 17:52:23 Running command: mafft --auto --quiet pan_genome_sequences/bioB.fa > pan_genome_sequences/bioB.fa.aln
2026/04/21 17:52:25 Running command: mafft --auto --quiet pan_genome_sequences/group_18137.fa > pan_genome_sequences/group_18137.fa.aln
2026/04/21 17:52:32 Running command: mafft --auto --quiet pan_genome_sequences/phnC_2.fa > pan_genome_sequences/phnC_2.fa.aln
2026/04/21 17:52:32 Running command: mafft --auto --quiet pan_genome_sequences/ousV.fa > pan_genome_sequences/ousV.fa.aln
2026/04/21 17:52:40 Running command: mafft --auto --quiet pan_genome_sequences/mobA.fa > pan_genome_sequences/mobA.fa.aln
2026/04/21 17:52:39 Running command: mafft --auto --quiet pan_genome_sequences/pcs.fa > pan_genome_sequences/pcs.fa.aln
2026/04/21 17:52:28 Running command: mafft --auto --quiet pan_genome_sequences/hisZ.fa > pan_genome_sequences/hisZ.fa.aln
2026/04/21 17:52:42 Running command: mafft --auto --quiet pan_genome_sequences/ribE.fa > pan_genome_sequences/ribE.fa.aln
2026/04/21 17:52:13 Running command: mafft --auto --quiet pan_genome_sequences/group_18589.fa > pan_genome_sequences/group_18589.fa.aln
2026/04/21 17:52:35 Running command: mafft --auto --quiet pan_genome_sequences/recF.fa > pan_genome_sequences/recF.fa.aln
2026/04/21 17:52:47 Running command: mafft --auto --quiet pan_genome_sequences/gltC_5.fa > pan_genome_sequences/gltC_5.fa.aln
2026/04/21 17:52:47 Running command: mafft --auto --quiet pan_genome_sequences/group_3116.fa > pan_genome_sequences/group_3116.fa.aln
2026/04/21 17:53:01 Running command: mafft --auto --quiet pan_genome_sequences/zapA.fa > pan_genome_sequences/zapA.fa.aln
2026/04/21 17:53:04 Running command: mafft --auto --quiet pan_genome_sequences/fabZ.fa > pan_genome_sequences/fabZ.fa.aln
2026/04/21 17:52:48 Running command: mafft --auto --quiet pan_genome_sequences/group_6876.fa > pan_genome_sequences/group_6876.fa.aln
2026/04/21 17:52:49 Running command: mafft --auto --quiet pan_genome_sequences/dnaK_2.fa > pan_genome_sequences/dnaK_2.fa.aln
2026/04/21 17:53:07 Running command: mafft --auto --quiet pan_genome_sequences/group_5794.fa > pan_genome_sequences/group_5794.fa.aln
2026/04/21 17:52:53 Running command: mafft --auto --quiet pan_genome_sequences/group_5547.fa > pan_genome_sequences/group_5547.fa.aln
2026/04/21 17:52:41 Running command: mafft --auto --quiet pan_genome_sequences/group_17463.fa > pan_genome_sequences/group_17463.fa.aln
2026/04/21 17:53:11 Running command: mafft --auto --quiet pan_genome_sequences/group_17493.fa > pan_genome_sequences/group_17493.fa.aln
2026/04/21 17:53:17 Running command: mafft --auto --quiet pan_genome_sequences/group_18289.fa > pan_genome_sequences/group_18289.fa.aln
2026/04/21 17:52:59 Running command: mafft --auto --quiet pan_genome_sequences/group_5155.fa > pan_genome_sequences/group_5155.fa.aln
2026/04/21 17:53:21 Running command: mafft --auto --quiet pan_genome_sequences/yaeQ.fa > pan_genome_sequences/yaeQ.fa.aln
2026/04/21 17:53:25 Running command: mafft --auto --quiet pan_genome_sequences/group_5467.fa > pan_genome_sequences/group_5467.fa.aln
2026/04/21 17:53:29 Running command: mafft --auto --quiet pan_genome_sequences/group_4307.fa > pan_genome_sequences/group_4307.fa.aln
2026/04/21 17:53:09 Running command: mafft --auto --quiet pan_genome_sequences/davT.fa > pan_genome_sequences/davT.fa.aln
2026/04/21 17:53:20 Running command: mafft --auto --quiet pan_genome_sequences/znuA.fa > pan_genome_sequences/znuA.fa.aln
2026/04/21 17:52:45 Running command: mafft --auto --quiet pan_genome_sequences/edd.fa > pan_genome_sequences/edd.fa.aln
2026/04/21 17:53:32 Running command: mafft --auto --quiet pan_genome_sequences/group_2421.fa > pan_genome_sequences/group_2421.fa.aln
2026/04/21 17:52:08 Running command: mafft --auto --quiet pan_genome_sequences/napA_3.fa > pan_genome_sequences/napA_3.fa.aln
2026/04/21 17:53:33 Running command: mafft --auto --quiet pan_genome_sequences/group_5516.fa > pan_genome_sequences/group_5516.fa.aln
2026/04/21 17:53:24 Running command: mafft --auto --quiet pan_genome_sequences/selD.fa > pan_genome_sequences/selD.fa.aln
2026/04/21 17:53:31 Running command: mafft --auto --quiet pan_genome_sequences/citG.fa > pan_genome_sequences/citG.fa.aln
2026/04/21 17:53:42 Running command: mafft --auto --quiet pan_genome_sequences/nudL.fa > pan_genome_sequences/nudL.fa.aln
2026/04/21 17:53:32 Running command: mafft --auto --quiet pan_genome_sequences/group_18254.fa > pan_genome_sequences/group_18254.fa.aln
2026/04/21 17:53:39 Running command: mafft --auto --quiet pan_genome_sequences/menH_2.fa > pan_genome_sequences/menH_2.fa.aln
2026/04/21 17:53:50 Running command: mafft --auto --quiet pan_genome_sequences/group_18469.fa > pan_genome_sequences/group_18469.fa.aln
2026/04/21 17:53:54 Running command: mafft --auto --quiet pan_genome_sequences/phnE_1.fa > pan_genome_sequences/phnE_1.fa.aln
2026/04/21 17:53:37 Running command: mafft --auto --quiet pan_genome_sequences/cysS.fa > pan_genome_sequences/cysS.fa.aln
2026/04/21 17:54:04 Running command: mafft --auto --quiet pan_genome_sequences/group_17104.fa > pan_genome_sequences/group_17104.fa.aln
2026/04/21 17:54:03 Running command: mafft --auto --quiet pan_genome_sequences/lrp_1.fa > pan_genome_sequences/lrp_1.fa.aln
2026/04/21 17:53:38 Running command: mafft --auto --quiet pan_genome_sequences/ppx.fa > pan_genome_sequences/ppx.fa.aln
2026/04/21 17:54:07 Running command: mafft --auto --quiet pan_genome_sequences/dut.fa > pan_genome_sequences/dut.fa.aln
2026/04/21 17:53:47 Running command: mafft --auto --quiet pan_genome_sequences/bauA_2.fa > pan_genome_sequences/bauA_2.fa.aln
2026/04/21 17:54:11 Running command: mafft --auto --quiet pan_genome_sequences/phnH.fa > pan_genome_sequences/phnH.fa.aln
2026/04/21 17:54:17 Running command: mafft --auto --quiet pan_genome_sequences/group_17944.fa > pan_genome_sequences/group_17944.fa.aln
2026/04/21 17:53:25 Running command: mafft --auto --quiet pan_genome_sequences/acoR_2.fa > pan_genome_sequences/acoR_2.fa.aln
2026/04/21 17:54:10 Running command: mafft --auto --quiet pan_genome_sequences/group_18290.fa > pan_genome_sequences/group_18290.fa.aln
2026/04/21 17:54:12 Running command: mafft --auto --quiet pan_genome_sequences/group_18253.fa > pan_genome_sequences/group_18253.fa.aln
2026/04/21 17:53:34 Running command: mafft --auto --quiet pan_genome_sequences/uvrC.fa > pan_genome_sequences/uvrC.fa.aln
2026/04/21 17:53:49 Running command: mafft --auto --quiet pan_genome_sequences/kdpA.fa > pan_genome_sequences/kdpA.fa.aln
2026/04/21 17:54:21 Running command: mafft --auto --quiet pan_genome_sequences/lgt.fa > pan_genome_sequences/lgt.fa.aln
2026/04/21 17:54:18 Running command: mafft --auto --quiet pan_genome_sequences/group_17535.fa > pan_genome_sequences/group_17535.fa.aln
2026/04/21 17:54:31 Running command: mafft --auto --quiet pan_genome_sequences/group_2568.fa > pan_genome_sequences/group_2568.fa.aln
2026/04/21 17:54:05 Running command: mafft --auto --quiet pan_genome_sequences/norB.fa > pan_genome_sequences/norB.fa.aln
2026/04/21 17:54:34 Running command: mafft --auto --quiet pan_genome_sequences/group_5416.fa > pan_genome_sequences/group_5416.fa.aln
2026/04/21 17:53:15 Running command: mafft --auto --quiet pan_genome_sequences/mrcA.fa > pan_genome_sequences/mrcA.fa.aln
2026/04/21 17:54:19 Running command: mafft --auto --quiet pan_genome_sequences/group_5936.fa > pan_genome_sequences/group_5936.fa.aln
2026/04/21 17:54:30 Running command: mafft --auto --quiet pan_genome_sequences/pncB2_1.fa > pan_genome_sequences/pncB2_1.fa.aln
2026/04/21 17:54:34 Running command: mafft --auto --quiet pan_genome_sequences/potA_1.fa > pan_genome_sequences/potA_1.fa.aln
2026/04/21 17:54:52 Running command: mafft --auto --quiet pan_genome_sequences/napD.fa > pan_genome_sequences/napD.fa.aln
2026/04/21 17:54:21 Running command: mafft --auto --quiet pan_genome_sequences/ilvA_2.fa > pan_genome_sequences/ilvA_2.fa.aln
2026/04/21 17:54:42 Running command: mafft --auto --quiet pan_genome_sequences/moaA_1.fa > pan_genome_sequences/moaA_1.fa.aln
2026/04/21 17:54:52 Running command: mafft --auto --quiet pan_genome_sequences/osmW.fa > pan_genome_sequences/osmW.fa.aln
2026/04/21 17:54:19 Running command: mafft --auto --quiet pan_genome_sequences/prsD_1.fa > pan_genome_sequences/prsD_1.fa.aln
2026/04/21 17:54:56 Running command: mafft --auto --quiet pan_genome_sequences/group_17902.fa > pan_genome_sequences/group_17902.fa.aln
2026/04/21 17:54:30 Running command: mafft --auto --quiet pan_genome_sequences/group_17732.fa > pan_genome_sequences/group_17732.fa.aln
2026/04/21 17:54:59 Running command: mafft --auto --quiet pan_genome_sequences/group_18606.fa > pan_genome_sequences/group_18606.fa.aln
2026/04/21 17:54:45 Running command: mafft --auto --quiet pan_genome_sequences/ompP1.fa > pan_genome_sequences/ompP1.fa.aln
2026/04/21 17:55:11 Running command: mafft --auto --quiet pan_genome_sequences/patZ.fa > pan_genome_sequences/patZ.fa.aln
2026/04/21 17:54:54 Running command: mafft --auto --quiet pan_genome_sequences/dctM_2.fa > pan_genome_sequences/dctM_2.fa.aln
2026/04/21 17:55:14 Running command: mafft --auto --quiet pan_genome_sequences/rpoE.fa > pan_genome_sequences/rpoE.fa.aln
2026/04/21 17:54:54 Running command: mafft --auto --quiet pan_genome_sequences/dgt_1.fa > pan_genome_sequences/dgt_1.fa.aln
2026/04/21 17:55:16 Running command: mafft --auto --quiet pan_genome_sequences/pigA.fa > pan_genome_sequences/pigA.fa.aln
2026/04/21 17:55:21 Running command: mafft --auto --quiet pan_genome_sequences/group_4957.fa > pan_genome_sequences/group_4957.fa.aln
2026/04/21 17:55:21 Running command: mafft --auto --quiet pan_genome_sequences/qseB_2.fa > pan_genome_sequences/qseB_2.fa.aln
2026/04/21 17:55:03 Running command: mafft --auto --quiet pan_genome_sequences/ycaD_2.fa > pan_genome_sequences/ycaD_2.fa.aln
2026/04/21 17:55:17 Running command: mafft --auto --quiet pan_genome_sequences/aphB.fa > pan_genome_sequences/aphB.fa.aln
2026/04/21 17:55:27 Running command: mafft --auto --quiet pan_genome_sequences/group_5072.fa > pan_genome_sequences/group_5072.fa.aln
2026/04/21 17:55:34 Running command: mafft --auto --quiet pan_genome_sequences/group_17112.fa > pan_genome_sequences/group_17112.fa.aln
2026/04/21 17:55:22 Running command: mafft --auto --quiet pan_genome_sequences/arcB.fa > pan_genome_sequences/arcB.fa.aln
2026/04/21 17:55:36 Running command: mafft --auto --quiet pan_genome_sequences/group_4518.fa > pan_genome_sequences/group_4518.fa.aln
2026/04/21 17:55:20 Running command: mafft --auto --quiet pan_genome_sequences/mltA.fa > pan_genome_sequences/mltA.fa.aln
2026/04/21 17:55:10 Running command: mafft --auto --quiet pan_genome_sequences/trkI.fa > pan_genome_sequences/trkI.fa.aln
2026/04/21 17:55:33 Running command: mafft --auto --quiet pan_genome_sequences/tcdA.fa > pan_genome_sequences/tcdA.fa.aln
2026/04/21 17:55:37 Running command: mafft --auto --quiet pan_genome_sequences/group_17871.fa > pan_genome_sequences/group_17871.fa.aln
2026/04/21 17:55:12 Running command: mafft --auto --quiet pan_genome_sequences/group_5111.fa > pan_genome_sequences/group_5111.fa.aln
2026/04/21 17:55:37 Running command: mafft --auto --quiet pan_genome_sequences/fecR_1.fa > pan_genome_sequences/fecR_1.fa.aln
2026/04/21 17:55:42 Running command: mafft --auto --quiet pan_genome_sequences/ypjD.fa > pan_genome_sequences/ypjD.fa.aln
2026/04/21 17:54:40 Running command: mafft --auto --quiet pan_genome_sequences/group_4439.fa > pan_genome_sequences/group_4439.fa.aln
2026/04/21 17:55:49 Running command: mafft --auto --quiet pan_genome_sequences/elaA.fa > pan_genome_sequences/elaA.fa.aln
2026/04/21 17:55:28 Running command: mafft --auto --quiet pan_genome_sequences/algB.fa > pan_genome_sequences/algB.fa.aln
2026/04/21 17:55:51 Running command: mafft --auto --quiet pan_genome_sequences/group_5466.fa > pan_genome_sequences/group_5466.fa.aln
2026/04/21 17:55:52 Running command: mafft --auto --quiet pan_genome_sequences/fecI_1.fa > pan_genome_sequences/fecI_1.fa.aln
2026/04/21 17:55:54 Running command: mafft --auto --quiet pan_genome_sequences/group_1430.fa > pan_genome_sequences/group_1430.fa.aln
2026/04/21 17:55:54 Running command: mafft --auto --quiet pan_genome_sequences/ybgC_1.fa > pan_genome_sequences/ybgC_1.fa.aln
2026/04/21 17:55:51 Running command: mafft --auto --quiet pan_genome_sequences/group_18269.fa > pan_genome_sequences/group_18269.fa.aln
2026/04/21 17:55:40 Running command: mafft --auto --quiet pan_genome_sequences/degS.fa > pan_genome_sequences/degS.fa.aln
2026/04/21 17:55:46 Running command: mafft --auto --quiet pan_genome_sequences/group_18327.fa > pan_genome_sequences/group_18327.fa.aln
2026/04/21 17:56:00 Running command: mafft --auto --quiet pan_genome_sequences/def_1.fa > pan_genome_sequences/def_1.fa.aln
2026/04/21 17:56:01 Running command: mafft --auto --quiet pan_genome_sequences/ndhC_1.fa > pan_genome_sequences/ndhC_1.fa.aln
2026/04/21 17:55:53 Running command: mafft --auto --quiet pan_genome_sequences/pimC.fa > pan_genome_sequences/pimC.fa.aln
2026/04/21 17:55:57 Running command: mafft --auto --quiet pan_genome_sequences/yhfP.fa > pan_genome_sequences/yhfP.fa.aln
2026/04/21 17:55:59 Running command: mafft --auto --quiet pan_genome_sequences/pcpR_2.fa > pan_genome_sequences/pcpR_2.fa.aln
2026/04/21 17:56:04 Running command: mafft --auto --quiet pan_genome_sequences/group_6081.fa > pan_genome_sequences/group_6081.fa.aln
2026/04/21 17:55:57 Running command: mafft --auto --quiet pan_genome_sequences/mnmA.fa > pan_genome_sequences/mnmA.fa.aln
2026/04/21 17:56:14 Running command: mafft --auto --quiet pan_genome_sequences/group_17077.fa > pan_genome_sequences/group_17077.fa.aln
2026/04/21 17:55:39 Running command: mafft --auto --quiet pan_genome_sequences/yidC.fa > pan_genome_sequences/yidC.fa.aln
2026/04/21 17:56:15 Running command: mafft --auto --quiet pan_genome_sequences/bepA_2.fa > pan_genome_sequences/bepA_2.fa.aln
2026/04/21 17:56:21 Running command: mafft --auto --quiet pan_genome_sequences/tadA.fa > pan_genome_sequences/tadA.fa.aln
2026/04/21 17:56:11 Running command: mafft --auto --quiet pan_genome_sequences/group_291.fa > pan_genome_sequences/group_291.fa.aln
2026/04/21 17:56:12 Running command: mafft --auto --quiet pan_genome_sequences/leuB.fa > pan_genome_sequences/leuB.fa.aln
2026/04/21 17:56:27 Running command: mafft --auto --quiet pan_genome_sequences/group_17915.fa > pan_genome_sequences/group_17915.fa.aln
2026/04/21 17:56:16 Running command: mafft --auto --quiet pan_genome_sequences/COQ3_2.fa > pan_genome_sequences/COQ3_2.fa.aln
2026/04/21 17:56:25 Running command: mafft --auto --quiet pan_genome_sequences/pcaR.fa > pan_genome_sequences/pcaR.fa.aln
2026/04/21 17:56:25 Running command: mafft --auto --quiet pan_genome_sequences/group_4808.fa > pan_genome_sequences/group_4808.fa.aln
2026/04/21 17:56:32 Running command: mafft --auto --quiet pan_genome_sequences/group_3736.fa > pan_genome_sequences/group_3736.fa.aln
2026/04/21 17:56:33 Running command: mafft --auto --quiet pan_genome_sequences/bfr_2.fa > pan_genome_sequences/bfr_2.fa.aln
2026/04/21 17:56:36 Running command: mafft --auto --quiet pan_genome_sequences/cpxR.fa > pan_genome_sequences/cpxR.fa.aln
2026/04/21 17:55:56 Running command: mafft --auto --quiet pan_genome_sequences/caiC.fa > pan_genome_sequences/caiC.fa.aln
2026/04/21 17:56:43 Running command: mafft --auto --quiet pan_genome_sequences/hisI.fa > pan_genome_sequences/hisI.fa.aln
2026/04/21 17:56:35 Running command: mafft --auto --quiet pan_genome_sequences/gpuA.fa > pan_genome_sequences/gpuA.fa.aln
2026/04/21 17:56:48 Running command: mafft --auto --quiet pan_genome_sequences/group_2870.fa > pan_genome_sequences/group_2870.fa.aln
2026/04/21 17:56:04 Running command: mafft --auto --quiet pan_genome_sequences/secD_1.fa > pan_genome_sequences/secD_1.fa.aln
2026/04/21 17:56:44 Running command: mafft --auto --quiet pan_genome_sequences/recA.fa > pan_genome_sequences/recA.fa.aln
2026/04/21 17:56:45 Running command: mafft --auto --quiet pan_genome_sequences/group_3122.fa > pan_genome_sequences/group_3122.fa.aln
2026/04/21 17:56:49 Running command: mafft --auto --quiet pan_genome_sequences/xerD.fa > pan_genome_sequences/xerD.fa.aln
2026/04/21 17:56:53 Running command: mafft --auto --quiet pan_genome_sequences/tauB.fa > pan_genome_sequences/tauB.fa.aln
2026/04/21 17:56:59 Running command: mafft --auto --quiet pan_genome_sequences/group_4233.fa > pan_genome_sequences/group_4233.fa.aln
2026/04/21 17:57:01 Running command: mafft --auto --quiet pan_genome_sequences/moaE.fa > pan_genome_sequences/moaE.fa.aln
2026/04/21 17:57:03 Running command: mafft --auto --quiet pan_genome_sequences/folX.fa > pan_genome_sequences/folX.fa.aln
2026/04/21 17:56:28 Running command: mafft --auto --quiet pan_genome_sequences/deaD.fa > pan_genome_sequences/deaD.fa.aln
2026/04/21 17:56:35 Running command: mafft --auto --quiet pan_genome_sequences/dnaA.fa > pan_genome_sequences/dnaA.fa.aln
2026/04/21 17:57:08 Running command: mafft --auto --quiet pan_genome_sequences/group_4488.fa > pan_genome_sequences/group_4488.fa.aln
2026/04/21 17:57:04 Running command: mafft --auto --quiet pan_genome_sequences/group_5824.fa > pan_genome_sequences/group_5824.fa.aln
2026/04/21 17:57:02 Running command: mafft --auto --quiet pan_genome_sequences/ctaB.fa > pan_genome_sequences/ctaB.fa.aln
2026/04/21 17:56:58 Running command: mafft --auto --quiet pan_genome_sequences/rfaG.fa > pan_genome_sequences/rfaG.fa.aln
2026/04/21 17:56:11 Running command: mafft --auto --quiet pan_genome_sequences/group_3043.fa > pan_genome_sequences/group_3043.fa.aln
2026/04/21 17:57:14 Running command: mafft --auto --quiet pan_genome_sequences/group_4297.fa > pan_genome_sequences/group_4297.fa.aln
2026/04/21 17:57:09 Running command: mafft --auto --quiet pan_genome_sequences/cysA.fa > pan_genome_sequences/cysA.fa.aln
2026/04/21 17:57:14 Running command: mafft --auto --quiet pan_genome_sequences/group_2214.fa > pan_genome_sequences/group_2214.fa.aln
2026/04/21 17:57:21 Running command: mafft --auto --quiet pan_genome_sequences/group_4527.fa > pan_genome_sequences/group_4527.fa.aln
2026/04/21 17:57:16 Running command: mafft --auto --quiet pan_genome_sequences/cobD.fa > pan_genome_sequences/cobD.fa.aln
2026/04/21 17:57:29 Running command: mafft --auto --quiet pan_genome_sequences/group_5257.fa > pan_genome_sequences/group_5257.fa.aln
2026/04/21 17:57:23 Running command: mafft --auto --quiet pan_genome_sequences/soj_2.fa > pan_genome_sequences/soj_2.fa.aln
2026/04/21 17:57:32 Running command: mafft --auto --quiet pan_genome_sequences/group_1306.fa > pan_genome_sequences/group_1306.fa.aln
2026/04/21 17:57:30 Running command: mafft --auto --quiet pan_genome_sequences/garR_3.fa > pan_genome_sequences/garR_3.fa.aln
2026/04/21 17:57:41 Running command: mafft --auto --quiet pan_genome_sequences/group_2535.fa > pan_genome_sequences/group_2535.fa.aln
2026/04/21 17:57:17 Running command: mafft --auto --quiet pan_genome_sequences/aroP_3.fa > pan_genome_sequences/aroP_3.fa.aln
2026/04/21 17:57:25 Running command: mafft --auto --quiet pan_genome_sequences/puuB_11.fa > pan_genome_sequences/puuB_11.fa.aln
2026/04/21 17:57:06 Running command: mafft --auto --quiet pan_genome_sequences/argS.fa > pan_genome_sequences/argS.fa.aln
2026/04/21 17:57:43 Running command: mafft --auto --quiet pan_genome_sequences/tsaC1.fa > pan_genome_sequences/tsaC1.fa.aln
2026/04/21 17:57:50 Running command: mafft --auto --quiet pan_genome_sequences/cidA_1.fa > pan_genome_sequences/cidA_1.fa.aln
2026/04/21 17:57:36 Running command: mafft --auto --quiet pan_genome_sequences/thiO.fa > pan_genome_sequences/thiO.fa.aln
2026/04/21 17:57:51 Running command: mafft --auto --quiet pan_genome_sequences/group_6245.fa > pan_genome_sequences/group_6245.fa.aln
2026/04/21 17:56:35 Running command: mafft --auto --quiet pan_genome_sequences/fdoG.fa > pan_genome_sequences/fdoG.fa.aln
2026/04/21 17:57:52 Running command: mafft --auto --quiet pan_genome_sequences/ispD.fa > pan_genome_sequences/ispD.fa.aln
2026/04/21 17:57:53 Running command: mafft --auto --quiet pan_genome_sequences/nqrD.fa > pan_genome_sequences/nqrD.fa.aln
2026/04/21 17:57:46 Running command: mafft --auto --quiet pan_genome_sequences/braC.fa > pan_genome_sequences/braC.fa.aln
2026/04/21 17:57:55 Running command: mafft --auto --quiet pan_genome_sequences/hisF.fa > pan_genome_sequences/hisF.fa.aln
2026/04/21 17:57:12 Running command: mafft --auto --quiet pan_genome_sequences/aaeB_2.fa > pan_genome_sequences/aaeB_2.fa.aln
2026/04/21 17:58:04 Running command: mafft --auto --quiet pan_genome_sequences/group_2601.fa > pan_genome_sequences/group_2601.fa.aln
2026/04/21 17:57:59 Running command: mafft --auto --quiet pan_genome_sequences/group_18528.fa > pan_genome_sequences/group_18528.fa.aln
2026/04/21 17:57:53 Running command: mafft --auto --quiet pan_genome_sequences/group_3968.fa > pan_genome_sequences/group_3968.fa.aln
2026/04/21 17:58:00 Running command: mafft --auto --quiet pan_genome_sequences/yfeW.fa > pan_genome_sequences/yfeW.fa.aln
2026/04/21 17:58:03 Running command: mafft --auto --quiet pan_genome_sequences/puuB_3.fa > pan_genome_sequences/puuB_3.fa.aln
2026/04/21 17:58:11 Running command: mafft --auto --quiet pan_genome_sequences/pepP.fa > pan_genome_sequences/pepP.fa.aln
2026/04/21 17:57:58 Running command: mafft --auto --quiet pan_genome_sequences/betA_2.fa > pan_genome_sequences/betA_2.fa.aln
2026/04/21 17:58:12 Running command: mafft --auto --quiet pan_genome_sequences/gltP.fa > pan_genome_sequences/gltP.fa.aln
2026/04/21 17:58:36 Running command: mafft --auto --quiet pan_genome_sequences/slyD.fa > pan_genome_sequences/slyD.fa.aln
2026/04/21 17:58:09 Running command: mafft --auto --quiet pan_genome_sequences/farB_1.fa > pan_genome_sequences/farB_1.fa.aln
2026/04/21 17:58:31 Running command: mafft --auto --quiet pan_genome_sequences/hcr.fa > pan_genome_sequences/hcr.fa.aln
2026/04/21 17:58:18 Running command: mafft --auto --quiet pan_genome_sequences/ttgI_4.fa > pan_genome_sequences/ttgI_4.fa.aln
2026/04/21 17:58:37 Running command: mafft --auto --quiet pan_genome_sequences/pcpR_5.fa > pan_genome_sequences/pcpR_5.fa.aln
2026/04/21 17:58:49 Running command: mafft --auto --quiet pan_genome_sequences/lptC.fa > pan_genome_sequences/lptC.fa.aln
2026/04/21 17:58:45 Running command: mafft --auto --quiet pan_genome_sequences/group_5239.fa > pan_genome_sequences/group_5239.fa.aln
2026/04/21 17:58:54 Running command: mafft --auto --quiet pan_genome_sequences/folE_2.fa > pan_genome_sequences/folE_2.fa.aln
2026/04/21 17:58:49 Running command: mafft --auto --quiet pan_genome_sequences/minC.fa > pan_genome_sequences/minC.fa.aln
2026/04/21 17:58:37 Running command: mafft --auto --quiet pan_genome_sequences/fabF_1.fa > pan_genome_sequences/fabF_1.fa.aln
2026/04/21 17:58:58 Running command: mafft --auto --quiet pan_genome_sequences/group_4535.fa > pan_genome_sequences/group_4535.fa.aln
2026/04/21 17:58:49 Running command: mafft --auto --quiet pan_genome_sequences/group_2952.fa > pan_genome_sequences/group_2952.fa.aln
2026/04/21 17:59:01 Running command: mafft --auto --quiet pan_genome_sequences/rutR_4.fa > pan_genome_sequences/rutR_4.fa.aln
2026/04/21 17:57:27 Running command: mafft --auto --quiet pan_genome_sequences/acnA.fa > pan_genome_sequences/acnA.fa.aln
2026/04/21 17:58:58 Running command: mafft --auto --quiet pan_genome_sequences/potH.fa > pan_genome_sequences/potH.fa.aln
2026/04/21 17:59:03 Running command: mafft --auto --quiet pan_genome_sequences/rlmB.fa > pan_genome_sequences/rlmB.fa.aln
2026/04/21 17:59:11 Running command: mafft --auto --quiet pan_genome_sequences/ccmM.fa > pan_genome_sequences/ccmM.fa.aln
2026/04/21 17:58:55 Running command: mafft --auto --quiet pan_genome_sequences/coaBC.fa > pan_genome_sequences/coaBC.fa.aln
2026/04/21 17:58:13 Running command: mafft --auto --quiet pan_genome_sequences/flhA.fa > pan_genome_sequences/flhA.fa.aln
2026/04/21 17:59:10 Running command: mafft --auto --quiet pan_genome_sequences/group_4823.fa > pan_genome_sequences/group_4823.fa.aln
2026/04/21 17:59:16 Running command: mafft --auto --quiet pan_genome_sequences/psiF.fa > pan_genome_sequences/psiF.fa.aln
2026/04/21 17:59:16 Running command: mafft --auto --quiet pan_genome_sequences/folB.fa > pan_genome_sequences/folB.fa.aln
2026/04/21 17:59:16 Running command: mafft --auto --quiet pan_genome_sequences/group_18445.fa > pan_genome_sequences/group_18445.fa.aln
2026/04/21 17:59:19 Running command: mafft --auto --quiet pan_genome_sequences/lldR_2.fa > pan_genome_sequences/lldR_2.fa.aln
2026/04/21 17:59:18 Running command: mafft --auto --quiet pan_genome_sequences/group_6086.fa > pan_genome_sequences/group_6086.fa.aln
2026/04/21 17:59:28 Running command: mafft --auto --quiet pan_genome_sequences/nosD.fa > pan_genome_sequences/nosD.fa.aln
2026/04/21 17:59:19 Running command: mafft --auto --quiet pan_genome_sequences/prpB.fa > pan_genome_sequences/prpB.fa.aln
2026/04/21 17:59:25 Running command: mafft --auto --quiet pan_genome_sequences/group_5670.fa > pan_genome_sequences/group_5670.fa.aln
2026/04/21 17:59:30 Running command: mafft --auto --quiet pan_genome_sequences/mlaA.fa > pan_genome_sequences/mlaA.fa.aln
2026/04/21 17:59:10 Running command: mafft --auto --quiet pan_genome_sequences/nhaB.fa > pan_genome_sequences/nhaB.fa.aln
2026/04/21 17:59:31 Running command: mafft --auto --quiet pan_genome_sequences/group_5300.fa > pan_genome_sequences/group_5300.fa.aln
2026/04/21 17:59:42 Running command: mafft --auto --quiet pan_genome_sequences/group_1304.fa > pan_genome_sequences/group_1304.fa.aln
2026/04/21 17:59:18 Running command: mafft --auto --quiet pan_genome_sequences/xanP_1.fa > pan_genome_sequences/xanP_1.fa.aln
2026/04/21 17:59:44 Running command: mafft --auto --quiet pan_genome_sequences/group_17771.fa > pan_genome_sequences/group_17771.fa.aln
2026/04/21 17:59:38 Running command: mafft --auto --quiet pan_genome_sequences/pxpB_1.fa > pan_genome_sequences/pxpB_1.fa.aln
2026/04/21 17:59:44 Running command: mafft --auto --quiet pan_genome_sequences/group_5800.fa > pan_genome_sequences/group_5800.fa.aln
2026/04/21 17:59:07 Running command: mafft --auto --quiet pan_genome_sequences/nhaP2_2.fa > pan_genome_sequences/nhaP2_2.fa.aln
2026/04/21 17:59:32 Running command: mafft --auto --quiet pan_genome_sequences/fadA_2.fa > pan_genome_sequences/fadA_2.fa.aln
2026/04/21 17:59:46 Running command: mafft --auto --quiet pan_genome_sequences/group_4394.fa > pan_genome_sequences/group_4394.fa.aln
2026/04/21 17:59:00 Running command: mafft --auto --quiet pan_genome_sequences/group_436.fa > pan_genome_sequences/group_436.fa.aln
2026/04/21 17:59:49 Running command: mafft --auto --quiet pan_genome_sequences/nagR_1.fa > pan_genome_sequences/nagR_1.fa.aln
2026/04/21 17:59:57 Running command: mafft --auto --quiet pan_genome_sequences/sdhE.fa > pan_genome_sequences/sdhE.fa.aln
2026/04/21 17:59:52 Running command: mafft --auto --quiet pan_genome_sequences/nlpD.fa > pan_genome_sequences/nlpD.fa.aln
2026/04/21 17:59:59 Running command: mafft --auto --quiet pan_genome_sequences/czcR_4.fa > pan_genome_sequences/czcR_4.fa.aln
2026/04/21 17:59:59 Running command: mafft --auto --quiet pan_genome_sequences/cmpR_2.fa > pan_genome_sequences/cmpR_2.fa.aln
2026/04/21 17:59:48 Running command: mafft --auto --quiet pan_genome_sequences/icd_2.fa > pan_genome_sequences/icd_2.fa.aln
2026/04/21 18:00:11 Running command: mafft --auto --quiet pan_genome_sequences/group_2249.fa > pan_genome_sequences/group_2249.fa.aln
2026/04/21 18:00:08 Running command: mafft --auto --quiet pan_genome_sequences/group_3167.fa > pan_genome_sequences/group_3167.fa.aln
2026/04/21 17:59:57 Running command: mafft --auto --quiet pan_genome_sequences/spuE_2.fa > pan_genome_sequences/spuE_2.fa.aln
2026/04/21 17:59:51 Running command: mafft --auto --quiet pan_genome_sequences/fumC_2.fa > pan_genome_sequences/fumC_2.fa.aln
2026/04/21 18:00:13 Running command: mafft --auto --quiet pan_genome_sequences/group_18536.fa > pan_genome_sequences/group_18536.fa.aln
2026/04/21 18:00:10 Running command: mafft --auto --quiet pan_genome_sequences/group_18567.fa > pan_genome_sequences/group_18567.fa.aln
2026/04/21 18:00:14 Running command: mafft --auto --quiet pan_genome_sequences/panB_2.fa > pan_genome_sequences/panB_2.fa.aln
2026/04/21 18:00:19 Running command: mafft --auto --quiet pan_genome_sequences/group_18267.fa > pan_genome_sequences/group_18267.fa.aln
2026/04/21 17:58:40 Running command: mafft --auto --quiet pan_genome_sequences/sucA.fa > pan_genome_sequences/sucA.fa.aln
2026/04/21 18:00:22 Running command: mafft --auto --quiet pan_genome_sequences/hflC.fa > pan_genome_sequences/hflC.fa.aln
2026/04/21 18:00:23 Running command: mafft --auto --quiet pan_genome_sequences/parB.fa > pan_genome_sequences/parB.fa.aln
2026/04/21 18:00:18 Running command: mafft --auto --quiet pan_genome_sequences/xcpY.fa > pan_genome_sequences/xcpY.fa.aln
2026/04/21 18:00:33 Running command: mafft --auto --quiet pan_genome_sequences/ydaF.fa > pan_genome_sequences/ydaF.fa.aln
2026/04/21 18:00:34 Running command: mafft --auto --quiet pan_genome_sequences/accB_2.fa > pan_genome_sequences/accB_2.fa.aln
2026/04/21 18:00:38 Running command: mafft --auto --quiet pan_genome_sequences/rpsT.fa > pan_genome_sequences/rpsT.fa.aln
2026/04/21 18:00:39 Running command: mafft --auto --quiet pan_genome_sequences/group_3483.fa > pan_genome_sequences/group_3483.fa.aln
2026/04/21 18:00:14 Running command: mafft --auto --quiet pan_genome_sequences/yajR.fa > pan_genome_sequences/yajR.fa.aln
2026/04/21 18:00:38 Running command: mafft --auto --quiet pan_genome_sequences/group_18040.fa > pan_genome_sequences/group_18040.fa.aln
2026/04/21 18:00:26 Running command: mafft --auto --quiet pan_genome_sequences/rlmN_2.fa > pan_genome_sequences/rlmN_2.fa.aln
2026/04/21 18:00:42 Running command: mafft --auto --quiet pan_genome_sequences/ybiI.fa > pan_genome_sequences/ybiI.fa.aln
2026/04/21 17:59:52 Running command: mafft --auto --quiet pan_genome_sequences/dnaK_1.fa > pan_genome_sequences/dnaK_1.fa.aln
2026/04/21 18:00:44 Running command: mafft --auto --quiet pan_genome_sequences/group_3212.fa > pan_genome_sequences/group_3212.fa.aln
2026/04/21 18:00:36 Running command: mafft --auto --quiet pan_genome_sequences/dapF.fa > pan_genome_sequences/dapF.fa.aln
2026/04/21 18:00:46 Running command: mafft --auto --quiet pan_genome_sequences/group_18177.fa > pan_genome_sequences/group_18177.fa.aln
2026/04/21 18:00:33 Running command: mafft --auto --quiet pan_genome_sequences/ydiK_2.fa > pan_genome_sequences/ydiK_2.fa.aln
2026/04/21 18:00:41 Running command: mafft --auto --quiet pan_genome_sequences/cntI_2.fa > pan_genome_sequences/cntI_2.fa.aln
2026/04/21 18:00:42 Running command: mafft --auto --quiet pan_genome_sequences/folD.fa > pan_genome_sequences/folD.fa.aln
2026/04/21 18:00:50 Running command: mafft --auto --quiet pan_genome_sequences/group_5154.fa > pan_genome_sequences/group_5154.fa.aln
2026/04/21 18:00:54 Running command: mafft --auto --quiet pan_genome_sequences/osmE.fa > pan_genome_sequences/osmE.fa.aln
2026/04/21 18:00:52 Running command: mafft --auto --quiet pan_genome_sequences/group_5262.fa > pan_genome_sequences/group_5262.fa.aln
2026/04/21 18:00:44 Running command: mafft --auto --quiet pan_genome_sequences/group_4949.fa > pan_genome_sequences/group_4949.fa.aln
2026/04/21 18:00:42 Running command: mafft --auto --quiet pan_genome_sequences/group_2335.fa > pan_genome_sequences/group_2335.fa.aln
2026/04/21 18:00:57 Running command: mafft --auto --quiet pan_genome_sequences/group_4873.fa > pan_genome_sequences/group_4873.fa.aln
2026/04/21 18:00:51 Running command: mafft --auto --quiet pan_genome_sequences/vanW.fa > pan_genome_sequences/vanW.fa.aln
2026/04/21 18:00:59 Running command: mafft --auto --quiet pan_genome_sequences/group_4437.fa > pan_genome_sequences/group_4437.fa.aln
2026/04/21 17:59:57 Running command: mafft --auto --quiet pan_genome_sequences/nrdZ.fa > pan_genome_sequences/nrdZ.fa.aln
2026/04/21 18:01:01 Running command: mafft --auto --quiet pan_genome_sequences/moaB_1.fa > pan_genome_sequences/moaB_1.fa.aln
2026/04/21 18:00:48 Running command: mafft --auto --quiet pan_genome_sequences/group_18529.fa > pan_genome_sequences/group_18529.fa.aln
2026/04/21 18:01:06 Running command: mafft --auto --quiet pan_genome_sequences/group_5296.fa > pan_genome_sequences/group_5296.fa.aln
2026/04/21 18:00:58 Running command: mafft --auto --quiet pan_genome_sequences/ldh.fa > pan_genome_sequences/ldh.fa.aln
2026/04/21 18:01:00 Running command: mafft --auto --quiet pan_genome_sequences/sbp_2.fa > pan_genome_sequences/sbp_2.fa.aln
2026/04/21 18:01:07 Running command: mafft --auto --quiet pan_genome_sequences/bcpA.fa > pan_genome_sequences/bcpA.fa.aln
2026/04/21 18:01:06 Running command: mafft --auto --quiet pan_genome_sequences/gluQ.fa > pan_genome_sequences/gluQ.fa.aln
2026/04/21 18:01:17 Running command: mafft --auto --quiet pan_genome_sequences/group_18458.fa > pan_genome_sequences/group_18458.fa.aln
2026/04/21 18:00:47 Running command: mafft --auto --quiet pan_genome_sequences/group_5642.fa > pan_genome_sequences/group_5642.fa.aln
2026/04/21 18:01:21 Running command: mafft --auto --quiet pan_genome_sequences/rubA1.fa > pan_genome_sequences/rubA1.fa.aln
2026/04/21 18:01:04 Running command: mafft --auto --quiet pan_genome_sequences/group_4580.fa > pan_genome_sequences/group_4580.fa.aln
2026/04/21 18:00:59 Running command: mafft --auto --quiet pan_genome_sequences/hom.fa > pan_genome_sequences/hom.fa.aln
2026/04/21 18:01:21 Running command: mafft --auto --quiet pan_genome_sequences/group_18291.fa > pan_genome_sequences/group_18291.fa.aln
2026/04/21 18:01:22 Running command: mafft --auto --quiet pan_genome_sequences/group_5616.fa > pan_genome_sequences/group_5616.fa.aln
2026/04/21 18:01:17 Running command: mafft --auto --quiet pan_genome_sequences/rhlA_1.fa > pan_genome_sequences/rhlA_1.fa.aln
2026/04/21 18:01:23 Running command: mafft --auto --quiet pan_genome_sequences/scpB.fa > pan_genome_sequences/scpB.fa.aln
2026/04/21 18:01:23 Running command: mafft --auto --quiet pan_genome_sequences/yedY1.fa > pan_genome_sequences/yedY1.fa.aln
2026/04/21 18:01:26 Running command: mafft --auto --quiet pan_genome_sequences/mtnC.fa > pan_genome_sequences/mtnC.fa.aln
2026/04/21 18:01:24 Running command: mafft --auto --quiet pan_genome_sequences/mlaE.fa > pan_genome_sequences/mlaE.fa.aln
2026/04/21 18:01:29 Running command: mafft --auto --quiet pan_genome_sequences/rlmE.fa > pan_genome_sequences/rlmE.fa.aln
2026/04/21 18:01:34 Running command: mafft --auto --quiet pan_genome_sequences/group_4221.fa > pan_genome_sequences/group_4221.fa.aln
2026/04/21 18:01:33 Running command: mafft --auto --quiet pan_genome_sequences/folE_1.fa > pan_genome_sequences/folE_1.fa.aln
2026/04/21 18:01:28 Running command: mafft --auto --quiet pan_genome_sequences/pbpG.fa > pan_genome_sequences/pbpG.fa.aln
2026/04/21 18:01:37 Running command: mafft --auto --quiet pan_genome_sequences/group_18520.fa > pan_genome_sequences/group_18520.fa.aln
2026/04/21 18:01:13 Running command: mafft --auto --quiet pan_genome_sequences/lysP.fa > pan_genome_sequences/lysP.fa.aln
2026/04/21 18:01:36 Running command: mafft --auto --quiet pan_genome_sequences/group_4524.fa > pan_genome_sequences/group_4524.fa.aln
2026/04/21 18:01:31 Running command: mafft --auto --quiet pan_genome_sequences/group_17279.fa > pan_genome_sequences/group_17279.fa.aln
2026/04/21 18:01:41 Running command: mafft --auto --quiet pan_genome_sequences/hisC_1.fa > pan_genome_sequences/hisC_1.fa.aln
2026/04/21 18:01:59 Running command: mafft --auto --quiet pan_genome_sequences/group_18323.fa > pan_genome_sequences/group_18323.fa.aln
2026/04/21 18:01:46 Running command: mafft --auto --quiet pan_genome_sequences/sohB.fa > pan_genome_sequences/sohB.fa.aln
2026/04/21 18:02:00 Running command: mafft --auto --quiet pan_genome_sequences/group_17277.fa > pan_genome_sequences/group_17277.fa.aln
2026/04/21 18:01:51 Running command: mafft --auto --quiet pan_genome_sequences/emrA_2.fa > pan_genome_sequences/emrA_2.fa.aln
2026/04/21 18:02:07 Running command: mafft --auto --quiet pan_genome_sequences/folM.fa > pan_genome_sequences/folM.fa.aln
2026/04/21 18:02:02 Running command: mafft --auto --quiet pan_genome_sequences/dctP_2.fa > pan_genome_sequences/dctP_2.fa.aln
2026/04/21 18:02:14 Running command: mafft --auto --quiet pan_genome_sequences/group_18571.fa > pan_genome_sequences/group_18571.fa.aln
2026/04/21 18:02:16 Running command: mafft --auto --quiet pan_genome_sequences/phnZ.fa > pan_genome_sequences/phnZ.fa.aln
2026/04/21 18:01:44 Running command: mafft --auto --quiet pan_genome_sequences/aceF.fa > pan_genome_sequences/aceF.fa.aln
2026/04/21 18:02:16 Running command: mafft --auto --quiet pan_genome_sequences/yohK_2.fa > pan_genome_sequences/yohK_2.fa.aln
2026/04/21 18:02:23 Running command: mafft --auto --quiet pan_genome_sequences/lptB_1.fa > pan_genome_sequences/lptB_1.fa.aln
2026/04/21 18:02:22 Running command: mafft --auto --quiet pan_genome_sequences/corC.fa > pan_genome_sequences/corC.fa.aln
2026/04/21 18:02:21 Running command: mafft --auto --quiet pan_genome_sequences/rarD_2.fa > pan_genome_sequences/rarD_2.fa.aln
2026/04/21 18:01:06 Running command: mafft --auto --quiet pan_genome_sequences/plsB.fa > pan_genome_sequences/plsB.fa.aln
2026/04/21 18:02:33 Running command: mafft --auto --quiet pan_genome_sequences/group_3621.fa > pan_genome_sequences/group_3621.fa.aln
2026/04/21 18:02:37 Running command: mafft --auto --quiet pan_genome_sequences/yciI.fa > pan_genome_sequences/yciI.fa.aln
2026/04/21 18:02:39 Running command: mafft --auto --quiet pan_genome_sequences/rluE.fa > pan_genome_sequences/rluE.fa.aln
2026/04/21 18:02:32 Running command: mafft --auto --quiet pan_genome_sequences/group_17605.fa > pan_genome_sequences/group_17605.fa.aln
2026/04/21 18:02:44 Running command: mafft --auto --quiet pan_genome_sequences/nusB.fa > pan_genome_sequences/nusB.fa.aln
2026/04/21 18:02:45 Running command: mafft --auto --quiet pan_genome_sequences/tatB.fa > pan_genome_sequences/tatB.fa.aln
2026/04/21 18:01:34 Running command: mafft --auto --quiet pan_genome_sequences/group_3227.fa > pan_genome_sequences/group_3227.fa.aln
2026/04/21 18:02:48 Running command: mafft --auto --quiet pan_genome_sequences/kdsB.fa > pan_genome_sequences/kdsB.fa.aln
2026/04/21 18:02:01 Running command: mafft --auto --quiet pan_genome_sequences/tktA.fa > pan_genome_sequences/tktA.fa.aln
2026/04/21 18:02:35 Running command: mafft --auto --quiet pan_genome_sequences/dadA1_2.fa > pan_genome_sequences/dadA1_2.fa.aln
2026/04/21 18:03:00 Running command: mafft --auto --quiet pan_genome_sequences/group_18298.fa > pan_genome_sequences/group_18298.fa.aln
2026/04/21 18:01:42 Running command: mafft --auto --quiet pan_genome_sequences/quiP_1.fa > pan_genome_sequences/quiP_1.fa.aln
2026/04/21 18:02:32 Running command: mafft --auto --quiet pan_genome_sequences/ttgI_2.fa > pan_genome_sequences/ttgI_2.fa.aln
2026/04/21 18:03:05 Running command: mafft --auto --quiet pan_genome_sequences/group_17111.fa > pan_genome_sequences/group_17111.fa.aln
2026/04/21 18:02:58 Running command: mafft --auto --quiet pan_genome_sequences/fliR.fa > pan_genome_sequences/fliR.fa.aln
2026/04/21 18:01:14 Running command: mafft --auto --quiet pan_genome_sequences/rapA_1.fa > pan_genome_sequences/rapA_1.fa.aln
2026/04/21 18:02:48 Running command: mafft --auto --quiet pan_genome_sequences/group_18058.fa > pan_genome_sequences/group_18058.fa.aln
2026/04/21 18:03:07 Running command: mafft --auto --quiet pan_genome_sequences/group_5141.fa > pan_genome_sequences/group_5141.fa.aln
2026/04/21 18:03:11 Running command: mafft --auto --quiet pan_genome_sequences/mraZ.fa > pan_genome_sequences/mraZ.fa.aln
2026/04/21 18:02:48 Running command: mafft --auto --quiet pan_genome_sequences/ffh.fa > pan_genome_sequences/ffh.fa.aln
2026/04/21 18:03:14 Running command: mafft --auto --quiet pan_genome_sequences/group_18441.fa > pan_genome_sequences/group_18441.fa.aln
2026/04/21 18:03:06 Running command: mafft --auto --quiet pan_genome_sequences/cysL_2.fa > pan_genome_sequences/cysL_2.fa.aln
2026/04/21 18:03:09 Running command: mafft --auto --quiet pan_genome_sequences/pxpA.fa > pan_genome_sequences/pxpA.fa.aln
2026/04/21 18:03:15 Running command: mafft --auto --quiet pan_genome_sequences/group_3743.fa > pan_genome_sequences/group_3743.fa.aln
2026/04/21 18:02:57 Running command: mafft --auto --quiet pan_genome_sequences/hemA.fa > pan_genome_sequences/hemA.fa.aln
2026/04/21 18:03:17 Running command: mafft --auto --quiet pan_genome_sequences/group_5517.fa > pan_genome_sequences/group_5517.fa.aln
2026/04/21 18:03:17 Running command: mafft --auto --quiet pan_genome_sequences/group_2968.fa > pan_genome_sequences/group_2968.fa.aln
2026/04/21 18:03:20 Running command: mafft --auto --quiet pan_genome_sequences/ycaL.fa > pan_genome_sequences/ycaL.fa.aln
2026/04/21 18:03:15 Running command: mafft --auto --quiet pan_genome_sequences/pknD_2.fa > pan_genome_sequences/pknD_2.fa.aln
2026/04/21 18:03:28 Running command: mafft --auto --quiet pan_genome_sequences/mrpF.fa > pan_genome_sequences/mrpF.fa.aln
2026/04/21 18:03:05 Running command: mafft --auto --quiet pan_genome_sequences/ygiF.fa > pan_genome_sequences/ygiF.fa.aln
2026/04/21 18:03:30 Running command: mafft --auto --quiet pan_genome_sequences/fabR_1.fa > pan_genome_sequences/fabR_1.fa.aln
2026/04/21 18:03:29 Running command: mafft --auto --quiet pan_genome_sequences/yeiG.fa > pan_genome_sequences/yeiG.fa.aln
2026/04/21 18:03:23 Running command: mafft --auto --quiet pan_genome_sequences/proB.fa > pan_genome_sequences/proB.fa.aln
2026/04/21 18:03:05 Running command: mafft --auto --quiet pan_genome_sequences/ubiB.fa > pan_genome_sequences/ubiB.fa.aln
2026/04/21 18:03:40 Running command: mafft --auto --quiet pan_genome_sequences/yhfA.fa > pan_genome_sequences/yhfA.fa.aln
2026/04/21 18:03:19 Running command: mafft --auto --quiet pan_genome_sequences/mntH_2.fa > pan_genome_sequences/mntH_2.fa.aln
2026/04/21 18:03:32 Running command: mafft --auto --quiet pan_genome_sequences/hemC.fa > pan_genome_sequences/hemC.fa.aln
2026/04/21 18:03:36 Running command: mafft --auto --quiet pan_genome_sequences/group_4249.fa > pan_genome_sequences/group_4249.fa.aln
2026/04/21 18:03:21 Running command: mafft --auto --quiet pan_genome_sequences/oprD_4.fa > pan_genome_sequences/oprD_4.fa.aln
2026/04/21 18:03:42 Running command: mafft --auto --quiet pan_genome_sequences/group_17184.fa > pan_genome_sequences/group_17184.fa.aln
2026/04/21 18:03:45 Running command: mafft --auto --quiet pan_genome_sequences/group_3487.fa > pan_genome_sequences/group_3487.fa.aln
2026/04/21 18:03:45 Running command: mafft --auto --quiet pan_genome_sequences/mltD.fa > pan_genome_sequences/mltD.fa.aln
2026/04/21 18:03:44 Running command: mafft --auto --quiet pan_genome_sequences/group_5347.fa > pan_genome_sequences/group_5347.fa.aln
2026/04/21 18:03:48 Running command: mafft --auto --quiet pan_genome_sequences/trpG.fa > pan_genome_sequences/trpG.fa.aln
2026/04/21 18:03:39 Running command: mafft --auto --quiet pan_genome_sequences/yfmJ.fa > pan_genome_sequences/yfmJ.fa.aln
2026/04/21 18:03:47 Running command: mafft --auto --quiet pan_genome_sequences/mlaF.fa > pan_genome_sequences/mlaF.fa.aln
2026/04/21 18:03:47 Running command: mafft --auto --quiet pan_genome_sequences/tas.fa > pan_genome_sequences/tas.fa.aln
2026/04/21 18:03:54 Running command: mafft --auto --quiet pan_genome_sequences/phnD1.fa > pan_genome_sequences/phnD1.fa.aln
2026/04/21 18:03:57 Running command: mafft --auto --quiet pan_genome_sequences/eamA_1.fa > pan_genome_sequences/eamA_1.fa.aln
2026/04/21 18:04:04 Running command: mafft --auto --quiet pan_genome_sequences/atpH_1.fa > pan_genome_sequences/atpH_1.fa.aln
2026/04/21 18:04:03 Running command: mafft --auto --quiet pan_genome_sequences/ftsN_1.fa > pan_genome_sequences/ftsN_1.fa.aln
2026/04/21 18:03:43 Running command: mafft --auto --quiet pan_genome_sequences/zwf_2.fa > pan_genome_sequences/zwf_2.fa.aln
2026/04/21 18:04:09 Running command: mafft --auto --quiet pan_genome_sequences/gloB_1.fa > pan_genome_sequences/gloB_1.fa.aln
2026/04/21 18:04:09 Running command: mafft --auto --quiet pan_genome_sequences/ampR.fa > pan_genome_sequences/ampR.fa.aln
2026/04/21 18:03:12 Running command: mafft --auto --quiet pan_genome_sequences/ppk.fa > pan_genome_sequences/ppk.fa.aln
2026/04/21 18:04:17 Running command: mafft --auto --quiet pan_genome_sequences/rdmC_1.fa > pan_genome_sequences/rdmC_1.fa.aln
2026/04/21 18:03:45 Running command: mafft --auto --quiet pan_genome_sequences/dmdC_7.fa > pan_genome_sequences/dmdC_7.fa.aln
2026/04/21 18:04:33 Running command: mafft --auto --quiet pan_genome_sequences/group_4528.fa > pan_genome_sequences/group_4528.fa.aln
2026/04/21 18:04:14 Running command: mafft --auto --quiet pan_genome_sequences/puuB_1.fa > pan_genome_sequences/puuB_1.fa.aln
2026/04/21 18:03:53 Running command: mafft --auto --quiet pan_genome_sequences/dmdC_6.fa > pan_genome_sequences/dmdC_6.fa.aln
2026/04/21 18:04:32 Running command: mafft --auto --quiet pan_genome_sequences/argT_1.fa > pan_genome_sequences/argT_1.fa.aln
2026/04/21 18:04:21 Running command: mafft --auto --quiet pan_genome_sequences/oprD_3.fa > pan_genome_sequences/oprD_3.fa.aln
2026/04/21 18:04:37 Running command: mafft --auto --quiet pan_genome_sequences/yiaD.fa > pan_genome_sequences/yiaD.fa.aln
2026/04/21 18:04:08 Running command: mafft --auto --quiet pan_genome_sequences/ywrD.fa > pan_genome_sequences/ywrD.fa.aln
2026/04/21 18:04:37 Running command: mafft --auto --quiet pan_genome_sequences/lepB.fa > pan_genome_sequences/lepB.fa.aln
2026/04/21 18:04:39 Running command: mafft --auto --quiet pan_genome_sequences/pabC.fa > pan_genome_sequences/pabC.fa.aln
2026/04/21 18:04:45 Running command: mafft --auto --quiet pan_genome_sequences/group_18238.fa > pan_genome_sequences/group_18238.fa.aln
2026/04/21 18:04:47 Running command: mafft --auto --quiet pan_genome_sequences/group_18314.fa > pan_genome_sequences/group_18314.fa.aln
2026/04/21 18:04:45 Running command: mafft --auto --quiet pan_genome_sequences/pgsA.fa > pan_genome_sequences/pgsA.fa.aln
2026/04/21 18:04:49 Running command: mafft --auto --quiet pan_genome_sequences/group_17938.fa > pan_genome_sequences/group_17938.fa.aln
2026/04/21 18:04:42 Running command: mafft --auto --quiet pan_genome_sequences/flgG.fa > pan_genome_sequences/flgG.fa.aln
2026/04/21 18:04:45 Running command: mafft --auto --quiet pan_genome_sequences/hdfR_4.fa > pan_genome_sequences/hdfR_4.fa.aln
2026/04/21 18:04:50 Running command: mafft --auto --quiet pan_genome_sequences/yrfG.fa > pan_genome_sequences/yrfG.fa.aln
2026/04/21 18:04:56 Running command: mafft --auto --quiet pan_genome_sequences/group_1494.fa > pan_genome_sequences/group_1494.fa.aln
2026/04/21 18:04:51 Running command: mafft --auto --quiet pan_genome_sequences/phnF.fa > pan_genome_sequences/phnF.fa.aln
2026/04/21 18:04:58 Running command: mafft --auto --quiet pan_genome_sequences/group_5544.fa > pan_genome_sequences/group_5544.fa.aln
2026/04/21 18:04:49 Running command: mafft --auto --quiet pan_genome_sequences/gpsA.fa > pan_genome_sequences/gpsA.fa.aln
2026/04/21 18:05:01 Running command: mafft --auto --quiet pan_genome_sequences/group_2907.fa > pan_genome_sequences/group_2907.fa.aln
2026/04/21 18:04:58 Running command: mafft --auto --quiet pan_genome_sequences/group_5619.fa > pan_genome_sequences/group_5619.fa.aln
2026/04/21 18:04:49 Running command: mafft --auto --quiet pan_genome_sequences/group_4521.fa > pan_genome_sequences/group_4521.fa.aln
2026/04/21 18:04:21 Running command: mafft --auto --quiet pan_genome_sequences/group_5869.fa > pan_genome_sequences/group_5869.fa.aln
2026/04/21 18:04:51 Running command: mafft --auto --quiet pan_genome_sequences/alg8.fa > pan_genome_sequences/alg8.fa.aln
2026/04/21 18:05:09 Running command: mafft --auto --quiet pan_genome_sequences/rihB.fa > pan_genome_sequences/rihB.fa.aln
2026/04/21 18:05:06 Running command: mafft --auto --quiet pan_genome_sequences/rssB_1.fa > pan_genome_sequences/rssB_1.fa.aln
2026/04/21 18:05:25 Running command: mafft --auto --quiet pan_genome_sequences/group_3018.fa > pan_genome_sequences/group_3018.fa.aln
2026/04/21 18:05:22 Running command: mafft --auto --quiet pan_genome_sequences/gntR_2.fa > pan_genome_sequences/gntR_2.fa.aln
2026/04/21 18:03:48 Running command: mafft --auto --quiet pan_genome_sequences/mgtB.fa > pan_genome_sequences/mgtB.fa.aln
2026/04/21 18:05:29 Running command: mafft --auto --quiet pan_genome_sequences/group_17673.fa > pan_genome_sequences/group_17673.fa.aln
2026/04/21 18:05:04 Running command: mafft --auto --quiet pan_genome_sequences/selO.fa > pan_genome_sequences/selO.fa.aln
2026/04/21 18:05:19 Running command: mafft --auto --quiet pan_genome_sequences/potA_4.fa > pan_genome_sequences/potA_4.fa.aln
2026/04/21 18:05:34 Running command: mafft --auto --quiet pan_genome_sequences/rimI.fa > pan_genome_sequences/rimI.fa.aln
2026/04/21 18:05:27 Running command: mafft --auto --quiet pan_genome_sequences/cmpR_3.fa > pan_genome_sequences/cmpR_3.fa.aln
2026/04/21 18:05:38 Running command: mafft --auto --quiet pan_genome_sequences/gltJ_1.fa > pan_genome_sequences/gltJ_1.fa.aln
2026/04/21 18:05:04 Running command: mafft --auto --quiet pan_genome_sequences/gcl.fa > pan_genome_sequences/gcl.fa.aln
2026/04/21 18:05:38 Running command: mafft --auto --quiet pan_genome_sequences/cheB2.fa > pan_genome_sequences/cheB2.fa.aln
2026/04/21 18:05:48 Running command: mafft --auto --quiet pan_genome_sequences/nemR_2.fa > pan_genome_sequences/nemR_2.fa.aln
2026/04/21 18:05:25 Running command: mafft --auto --quiet pan_genome_sequences/bauC.fa > pan_genome_sequences/bauC.fa.aln
2026/04/21 18:05:31 Running command: mafft --auto --quiet pan_genome_sequences/xanP_2.fa > pan_genome_sequences/xanP_2.fa.aln
2026/04/21 18:05:53 Running command: mafft --auto --quiet pan_genome_sequences/ahpC_2.fa > pan_genome_sequences/ahpC_2.fa.aln
2026/04/21 18:05:59 Running command: mafft --auto --quiet pan_genome_sequences/group_18320.fa > pan_genome_sequences/group_18320.fa.aln
2026/04/21 18:05:54 Running command: mafft --auto --quiet pan_genome_sequences/surE.fa > pan_genome_sequences/surE.fa.aln
2026/04/21 18:05:36 Running command: mafft --auto --quiet pan_genome_sequences/hslU.fa > pan_genome_sequences/hslU.fa.aln
2026/04/21 18:04:56 Running command: mafft --auto --quiet pan_genome_sequences/yccS.fa > pan_genome_sequences/yccS.fa.aln
2026/04/21 18:05:32 Running command: mafft --auto --quiet pan_genome_sequences/guaA.fa > pan_genome_sequences/guaA.fa.aln
2026/04/21 18:06:01 Running command: mafft --auto --quiet pan_genome_sequences/ylxH.fa > pan_genome_sequences/ylxH.fa.aln
2026/04/21 18:06:02 Running command: mafft --auto --quiet pan_genome_sequences/cysE.fa > pan_genome_sequences/cysE.fa.aln
2026/04/21 18:05:59 Running command: mafft --auto --quiet pan_genome_sequences/potD_2.fa > pan_genome_sequences/potD_2.fa.aln
2026/04/21 18:06:02 Running command: mafft --auto --quiet pan_genome_sequences/group_4235.fa > pan_genome_sequences/group_4235.fa.aln
2026/04/21 18:06:15 Running command: mafft --auto --quiet pan_genome_sequences/glnQ_2.fa > pan_genome_sequences/glnQ_2.fa.aln
2026/04/21 18:05:57 Running command: mafft --auto --quiet pan_genome_sequences/bioA.fa > pan_genome_sequences/bioA.fa.aln
2026/04/21 18:06:11 Running command: mafft --auto --quiet pan_genome_sequences/yejE_1.fa > pan_genome_sequences/yejE_1.fa.aln
2026/04/21 18:06:25 Running command: mafft --auto --quiet pan_genome_sequences/rbfA.fa > pan_genome_sequences/rbfA.fa.aln
2026/04/21 18:06:05 Running command: mafft --auto --quiet pan_genome_sequences/ycaD_1.fa > pan_genome_sequences/ycaD_1.fa.aln
2026/04/21 18:06:29 Running command: mafft --auto --quiet pan_genome_sequences/acpH.fa > pan_genome_sequences/acpH.fa.aln
2026/04/21 18:06:27 Running command: mafft --auto --quiet pan_genome_sequences/group_17772.fa > pan_genome_sequences/group_17772.fa.aln
2026/04/21 18:06:23 Running command: mafft --auto --quiet pan_genome_sequences/frmA.fa > pan_genome_sequences/frmA.fa.aln
2026/04/21 18:06:26 Running command: mafft --auto --quiet pan_genome_sequences/ywiE_1.fa > pan_genome_sequences/ywiE_1.fa.aln
2026/04/21 18:06:34 Running command: mafft --auto --quiet pan_genome_sequences/trpD_2.fa > pan_genome_sequences/trpD_2.fa.aln
2026/04/21 18:06:40 Running command: mafft --auto --quiet pan_genome_sequences/group_4973.fa > pan_genome_sequences/group_4973.fa.aln
2026/04/21 18:06:47 Running command: mafft --auto --quiet pan_genome_sequences/group_5867.fa > pan_genome_sequences/group_5867.fa.aln
2026/04/21 18:06:49 Running command: mafft --auto --quiet pan_genome_sequences/btuE_2.fa > pan_genome_sequences/btuE_2.fa.aln
2026/04/21 18:06:08 Running command: mafft --auto --quiet pan_genome_sequences/dmdC_5.fa > pan_genome_sequences/dmdC_5.fa.aln
2026/04/21 18:06:11 Running command: mafft --auto --quiet pan_genome_sequences/nhaP2_1.fa > pan_genome_sequences/nhaP2_1.fa.aln
2026/04/21 18:06:49 Running command: mafft --auto --quiet pan_genome_sequences/group_6007.fa > pan_genome_sequences/group_6007.fa.aln
2026/04/21 18:06:40 Running command: mafft --auto --quiet pan_genome_sequences/serS.fa > pan_genome_sequences/serS.fa.aln
2026/04/21 18:05:47 Running command: mafft --auto --quiet pan_genome_sequences/fecA_1.fa > pan_genome_sequences/fecA_1.fa.aln
2026/04/21 18:07:03 Running command: mafft --auto --quiet pan_genome_sequences/ygjP.fa > pan_genome_sequences/ygjP.fa.aln
2026/04/21 18:06:55 Running command: mafft --auto --quiet pan_genome_sequences/ppk2.fa > pan_genome_sequences/ppk2.fa.aln
2026/04/21 18:06:45 Running command: mafft --auto --quiet pan_genome_sequences/cbdA.fa > pan_genome_sequences/cbdA.fa.aln
2026/04/21 18:06:20 Running command: mafft --auto --quiet pan_genome_sequences/group_18175.fa > pan_genome_sequences/group_18175.fa.aln
2026/04/21 18:07:14 Running command: mafft --auto --quiet pan_genome_sequences/group_18183.fa > pan_genome_sequences/group_18183.fa.aln
2026/04/21 18:06:59 Running command: mafft --auto --quiet pan_genome_sequences/mdtA_2.fa > pan_genome_sequences/mdtA_2.fa.aln
2026/04/21 18:07:07 Running command: mafft --auto --quiet pan_genome_sequences/rhtA.fa > pan_genome_sequences/rhtA.fa.aln
2026/04/21 18:07:16 Running command: mafft --auto --quiet pan_genome_sequences/acrB_3.fa > pan_genome_sequences/acrB_3.fa.aln
2026/04/21 18:07:04 Running command: mafft --auto --quiet pan_genome_sequences/queA.fa > pan_genome_sequences/queA.fa.aln
2026/04/21 18:07:11 Running command: mafft --auto --quiet pan_genome_sequences/fabI.fa > pan_genome_sequences/fabI.fa.aln
2026/04/21 18:06:53 Running command: mafft --auto --quiet pan_genome_sequences/alsT_1.fa > pan_genome_sequences/alsT_1.fa.aln
2026/04/21 18:07:21 Running command: mafft --auto --quiet pan_genome_sequences/pal_2.fa > pan_genome_sequences/pal_2.fa.aln
2026/04/21 18:07:19 Running command: mafft --auto --quiet pan_genome_sequences/group_5923.fa > pan_genome_sequences/group_5923.fa.aln
2026/04/21 18:07:16 Running command: mafft --auto --quiet pan_genome_sequences/roxA.fa > pan_genome_sequences/roxA.fa.aln
2026/04/21 18:07:11 Running command: mafft --auto --quiet pan_genome_sequences/mtaD.fa > pan_genome_sequences/mtaD.fa.aln
2026/04/21 18:07:04 Running command: mafft --auto --quiet pan_genome_sequences/glpD_1.fa > pan_genome_sequences/glpD_1.fa.aln
2026/04/21 18:07:34 Running command: mafft --auto --quiet pan_genome_sequences/group_17418.fa > pan_genome_sequences/group_17418.fa.aln
2026/04/21 18:07:37 Running command: mafft --auto --quiet pan_genome_sequences/group_18250.fa > pan_genome_sequences/group_18250.fa.aln
2026/04/21 18:07:19 Running command: mafft --auto --quiet pan_genome_sequences/bdlA_1.fa > pan_genome_sequences/bdlA_1.fa.aln
2026/04/21 18:07:38 Running command: mafft --auto --quiet pan_genome_sequences/group_5061.fa > pan_genome_sequences/group_5061.fa.aln
2026/04/21 18:07:43 Running command: mafft --auto --quiet pan_genome_sequences/tsaC.fa > pan_genome_sequences/tsaC.fa.aln
2026/04/21 18:07:44 Running command: mafft --auto --quiet pan_genome_sequences/inaA_1.fa > pan_genome_sequences/inaA_1.fa.aln
2026/04/21 18:07:35 Running command: mafft --auto --quiet pan_genome_sequences/group_18192.fa > pan_genome_sequences/group_18192.fa.aln
2026/04/21 18:07:52 Running command: mafft --auto --quiet pan_genome_sequences/regA.fa > pan_genome_sequences/regA.fa.aln
2026/04/21 18:07:48 Running command: mafft --auto --quiet pan_genome_sequences/btr_2.fa > pan_genome_sequences/btr_2.fa.aln
2026/04/21 18:07:36 Running command: mafft --auto --quiet pan_genome_sequences/rho.fa > pan_genome_sequences/rho.fa.aln
2026/04/21 18:07:54 Running command: mafft --auto --quiet pan_genome_sequences/group_2510.fa > pan_genome_sequences/group_2510.fa.aln
2026/04/21 18:07:19 Running command: mafft --auto --quiet pan_genome_sequences/group_18122.fa > pan_genome_sequences/group_18122.fa.aln
2026/04/21 18:08:04 Running command: mafft --auto --quiet pan_genome_sequences/group_5316.fa > pan_genome_sequences/group_5316.fa.aln
2026/04/21 18:08:02 Running command: mafft --auto --quiet pan_genome_sequences/yecS_3.fa > pan_genome_sequences/yecS_3.fa.aln
2026/04/21 18:08:10 Running command: mafft --auto --quiet pan_genome_sequences/group_18354.fa > pan_genome_sequences/group_18354.fa.aln
2026/04/21 18:07:20 Running command: mafft --auto --quiet pan_genome_sequences/nfdA_1.fa > pan_genome_sequences/nfdA_1.fa.aln
2026/04/21 18:08:07 Running command: mafft --auto --quiet pan_genome_sequences/bioC.fa > pan_genome_sequences/bioC.fa.aln
2026/04/21 18:08:16 Running command: mafft --auto --quiet pan_genome_sequences/group_4922.fa > pan_genome_sequences/group_4922.fa.aln
2026/04/21 18:07:58 Running command: mafft --auto --quiet pan_genome_sequences/group_17575.fa > pan_genome_sequences/group_17575.fa.aln
2026/04/21 18:08:16 Running command: mafft --auto --quiet pan_genome_sequences/dsbB_1.fa > pan_genome_sequences/dsbB_1.fa.aln
2026/04/21 18:08:21 Running command: mafft --auto --quiet pan_genome_sequences/yhhQ.fa > pan_genome_sequences/yhhQ.fa.aln
2026/04/21 18:07:57 Running command: mafft --auto --quiet pan_genome_sequences/tolC_3.fa > pan_genome_sequences/tolC_3.fa.aln
2026/04/21 18:08:20 Running command: mafft --auto --quiet pan_genome_sequences/ycgJ.fa > pan_genome_sequences/ycgJ.fa.aln
2026/04/21 18:08:29 Running command: mafft --auto --quiet pan_genome_sequences/tpiA.fa > pan_genome_sequences/tpiA.fa.aln
2026/04/21 18:08:12 Running command: mafft --auto --quiet pan_genome_sequences/group_4978.fa > pan_genome_sequences/group_4978.fa.aln
2026/04/21 18:08:28 Running command: mafft --auto --quiet pan_genome_sequences/group_5369.fa > pan_genome_sequences/group_5369.fa.aln
2026/04/21 18:07:47 Running command: mafft --auto --quiet pan_genome_sequences/parE.fa > pan_genome_sequences/parE.fa.aln
2026/04/21 18:08:37 Running command: mafft --auto --quiet pan_genome_sequences/group_4232.fa > pan_genome_sequences/group_4232.fa.aln
2026/04/21 18:08:45 Running command: mafft --auto --quiet pan_genome_sequences/group_17245.fa > pan_genome_sequences/group_17245.fa.aln
2026/04/21 18:08:44 Running command: mafft --auto --quiet pan_genome_sequences/anr.fa > pan_genome_sequences/anr.fa.aln
2026/04/21 18:08:51 Running command: mafft --auto --quiet pan_genome_sequences/group_6031.fa > pan_genome_sequences/group_6031.fa.aln
2026/04/21 18:08:27 Running command: mafft --auto --quiet pan_genome_sequences/murC.fa > pan_genome_sequences/murC.fa.aln
2026/04/21 18:07:43 Running command: mafft --auto --quiet pan_genome_sequences/group_6042.fa > pan_genome_sequences/group_6042.fa.aln
2026/04/21 18:08:57 Running command: mafft --auto --quiet pan_genome_sequences/group_5454.fa > pan_genome_sequences/group_5454.fa.aln
2026/04/21 18:08:59 Running command: mafft --auto --quiet pan_genome_sequences/fabG_11.fa > pan_genome_sequences/fabG_11.fa.aln
2026/04/21 18:08:54 Running command: mafft --auto --quiet pan_genome_sequences/hisC_2.fa > pan_genome_sequences/hisC_2.fa.aln
2026/04/21 18:08:47 Running command: mafft --auto --quiet pan_genome_sequences/group_18498.fa > pan_genome_sequences/group_18498.fa.aln
2026/04/21 18:09:08 Running command: mafft --auto --quiet pan_genome_sequences/group_5965.fa > pan_genome_sequences/group_5965.fa.aln
2026/04/21 18:09:13 Running command: mafft --auto --quiet pan_genome_sequences/glcC.fa > pan_genome_sequences/glcC.fa.aln
2026/04/21 18:08:58 Running command: mafft --auto --quiet pan_genome_sequences/ctpB.fa > pan_genome_sequences/ctpB.fa.aln
2026/04/21 18:09:08 Running command: mafft --auto --quiet pan_genome_sequences/group_4678.fa > pan_genome_sequences/group_4678.fa.aln
2026/04/21 18:09:07 Running command: mafft --auto --quiet pan_genome_sequences/emrA_4.fa > pan_genome_sequences/emrA_4.fa.aln
2026/04/21 18:09:22 Running command: mafft --auto --quiet pan_genome_sequences/rnt.fa > pan_genome_sequences/rnt.fa.aln
2026/04/21 18:07:58 Running command: mafft --auto --quiet pan_genome_sequences/kdpD.fa > pan_genome_sequences/kdpD.fa.aln
2026/04/21 18:09:27 Running command: mafft --auto --quiet pan_genome_sequences/group_4472.fa > pan_genome_sequences/group_4472.fa.aln
2026/04/21 18:09:38 Running command: mafft --auto --quiet pan_genome_sequences/trmL.fa > pan_genome_sequences/trmL.fa.aln
2026/04/21 18:09:21 Running command: mafft --auto --quiet pan_genome_sequences/smtB.fa > pan_genome_sequences/smtB.fa.aln
2026/04/21 18:09:43 Running command: mafft --auto --quiet pan_genome_sequences/fdx_1.fa > pan_genome_sequences/fdx_1.fa.aln
2026/04/21 18:09:40 Running command: mafft --auto --quiet pan_genome_sequences/cysD.fa > pan_genome_sequences/cysD.fa.aln
2026/04/21 18:09:52 Running command: mafft --auto --quiet pan_genome_sequences/group_5485.fa > pan_genome_sequences/group_5485.fa.aln
2026/04/21 18:09:24 Running command: mafft --auto --quiet pan_genome_sequences/group_2519.fa > pan_genome_sequences/group_2519.fa.aln
2026/04/21 18:09:57 Running command: mafft --auto --quiet pan_genome_sequences/group_5988.fa > pan_genome_sequences/group_5988.fa.aln
2026/04/21 18:09:42 Running command: mafft --auto --quiet pan_genome_sequences/group_5132.fa > pan_genome_sequences/group_5132.fa.aln
2026/04/21 18:09:58 Running command: mafft --auto --quiet pan_genome_sequences/cmk.fa > pan_genome_sequences/cmk.fa.aln
2026/04/21 18:10:04 Running command: mafft --auto --quiet pan_genome_sequences/group_5384.fa > pan_genome_sequences/group_5384.fa.aln
2026/04/21 18:10:02 Running command: mafft --auto --quiet pan_genome_sequences/group_18312.fa > pan_genome_sequences/group_18312.fa.aln
2026/04/21 18:08:20 Running command: mafft --auto --quiet pan_genome_sequences/group_5199.fa > pan_genome_sequences/group_5199.fa.aln
2026/04/21 18:10:14 Running command: mafft --auto --quiet pan_genome_sequences/phnR_1.fa > pan_genome_sequences/phnR_1.fa.aln
2026/04/21 18:08:52 Running command: mafft --auto --quiet pan_genome_sequences/tdhA.fa > pan_genome_sequences/tdhA.fa.aln
2026/04/21 18:10:08 Running command: mafft --auto --quiet pan_genome_sequences/group_4612.fa > pan_genome_sequences/group_4612.fa.aln
2026/04/21 18:08:49 Running command: mafft --auto --quiet pan_genome_sequences/gyrA.fa > pan_genome_sequences/gyrA.fa.aln
2026/04/21 18:09:29 Running command: mafft --auto --quiet pan_genome_sequences/group_3856.fa > pan_genome_sequences/group_3856.fa.aln
2026/04/21 18:10:25 Running command: mafft --auto --quiet pan_genome_sequences/potA_3.fa > pan_genome_sequences/potA_3.fa.aln
2026/04/21 18:10:42 Running command: mafft --auto --quiet pan_genome_sequences/gdx_1.fa > pan_genome_sequences/gdx_1.fa.aln
2026/04/21 18:10:09 Running command: mafft --auto --quiet pan_genome_sequences/betT1.fa > pan_genome_sequences/betT1.fa.aln
2026/04/21 18:10:45 Running command: mafft --auto --quiet pan_genome_sequences/rplC.fa > pan_genome_sequences/rplC.fa.aln
2026/04/21 18:10:29 Running command: mafft --auto --quiet pan_genome_sequences/lysC.fa > pan_genome_sequences/lysC.fa.aln
2026/04/21 18:10:39 Running command: mafft --auto --quiet pan_genome_sequences/dauB.fa > pan_genome_sequences/dauB.fa.aln
2026/04/21 18:10:51 Running command: mafft --auto --quiet pan_genome_sequences/group_18431.fa > pan_genome_sequences/group_18431.fa.aln
2026/04/21 18:10:51 Running command: mafft --auto --quiet pan_genome_sequences/yggS.fa > pan_genome_sequences/yggS.fa.aln
2026/04/21 18:10:52 Running command: mafft --auto --quiet pan_genome_sequences/lldR_1.fa > pan_genome_sequences/lldR_1.fa.aln
2026/04/21 18:10:58 Running command: mafft --auto --quiet pan_genome_sequences/group_3063.fa > pan_genome_sequences/group_3063.fa.aln
2026/04/21 18:10:21 Running command: mafft --auto --quiet pan_genome_sequences/group_18371.fa > pan_genome_sequences/group_18371.fa.aln
2026/04/21 18:10:06 Running command: mafft --auto --quiet pan_genome_sequences/fadH_1.fa > pan_genome_sequences/fadH_1.fa.aln
2026/04/21 18:10:46 Running command: mafft --auto --quiet pan_genome_sequences/group_6820.fa > pan_genome_sequences/group_6820.fa.aln
2026/04/21 18:10:38 Running command: mafft --auto --quiet pan_genome_sequences/mdoG.fa > pan_genome_sequences/mdoG.fa.aln
2026/04/21 18:11:13 Running command: mafft --auto --quiet pan_genome_sequences/osmY_2.fa > pan_genome_sequences/osmY_2.fa.aln
2026/04/21 18:11:07 Running command: mafft --auto --quiet pan_genome_sequences/group_18412.fa > pan_genome_sequences/group_18412.fa.aln
2026/04/21 18:11:16 Running command: mafft --auto --quiet pan_genome_sequences/group_2459.fa > pan_genome_sequences/group_2459.fa.aln
2026/04/21 18:11:04 Running command: mafft --auto --quiet pan_genome_sequences/mexA_2.fa > pan_genome_sequences/mexA_2.fa.aln
2026/04/21 18:11:19 Running command: mafft --auto --quiet pan_genome_sequences/uspA2.fa > pan_genome_sequences/uspA2.fa.aln
2026/04/21 18:11:15 Running command: mafft --auto --quiet pan_genome_sequences/group_6889.fa > pan_genome_sequences/group_6889.fa.aln
2026/04/21 18:10:59 Running command: mafft --auto --quiet pan_genome_sequences/phoR.fa > pan_genome_sequences/phoR.fa.aln
2026/04/21 18:11:23 Running command: mafft --auto --quiet pan_genome_sequences/group_5149.fa > pan_genome_sequences/group_5149.fa.aln
2026/04/21 18:11:23 Running command: mafft --auto --quiet pan_genome_sequences/group_5986.fa > pan_genome_sequences/group_5986.fa.aln
2026/04/21 18:11:27 Running command: mafft --auto --quiet pan_genome_sequences/group_18366.fa > pan_genome_sequences/group_18366.fa.aln
2026/04/21 18:11:28 Running command: mafft --auto --quiet pan_genome_sequences/group_4544.fa > pan_genome_sequences/group_4544.fa.aln
2026/04/21 18:11:29 Running command: mafft --auto --quiet pan_genome_sequences/group_18429.fa > pan_genome_sequences/group_18429.fa.aln
2026/04/21 18:10:55 Running command: mafft --auto --quiet pan_genome_sequences/group_3391.fa > pan_genome_sequences/group_3391.fa.aln
2026/04/21 18:11:32 Running command: mafft --auto --quiet pan_genome_sequences/group_2859.fa > pan_genome_sequences/group_2859.fa.aln
2026/04/21 18:11:34 Running command: mafft --auto --quiet pan_genome_sequences/group_17804.fa > pan_genome_sequences/group_17804.fa.aln
2026/04/21 18:11:36 Running command: mafft --auto --quiet pan_genome_sequences/gdx_3.fa > pan_genome_sequences/gdx_3.fa.aln
2026/04/21 18:11:23 Running command: mafft --auto --quiet pan_genome_sequences/rlmI.fa > pan_genome_sequences/rlmI.fa.aln
2026/04/21 18:11:34 Running command: mafft --auto --quiet pan_genome_sequences/accD.fa > pan_genome_sequences/accD.fa.aln
2026/04/21 18:11:24 Running command: mafft --auto --quiet pan_genome_sequences/fadI.fa > pan_genome_sequences/fadI.fa.aln
2026/04/21 18:09:44 Running command: mafft --auto --quiet pan_genome_sequences/sasA_1.fa > pan_genome_sequences/sasA_1.fa.aln
2026/04/21 18:11:48 Running command: mafft --auto --quiet pan_genome_sequences/cheY_2.fa > pan_genome_sequences/cheY_2.fa.aln
2026/04/21 18:11:47 Running command: mafft --auto --quiet pan_genome_sequences/hisH.fa > pan_genome_sequences/hisH.fa.aln
2026/04/21 18:11:50 Running command: mafft --auto --quiet pan_genome_sequences/group_3152.fa > pan_genome_sequences/group_3152.fa.aln
2026/04/21 18:11:38 Running command: mafft --auto --quiet pan_genome_sequences/group_3400.fa > pan_genome_sequences/group_3400.fa.aln
2026/04/21 18:11:53 Running command: mafft --auto --quiet pan_genome_sequences/group_18112.fa > pan_genome_sequences/group_18112.fa.aln
2026/04/21 18:11:43 Running command: mafft --auto --quiet pan_genome_sequences/yhbU.fa > pan_genome_sequences/yhbU.fa.aln
2026/04/21 18:11:55 Running command: mafft --auto --quiet pan_genome_sequences/msrB.fa > pan_genome_sequences/msrB.fa.aln
2026/04/21 18:11:45 Running command: mafft --auto --quiet pan_genome_sequences/ccoP2.fa > pan_genome_sequences/ccoP2.fa.aln
2026/04/21 18:11:58 Running command: mafft --auto --quiet pan_genome_sequences/group_2849.fa > pan_genome_sequences/group_2849.fa.aln
2026/04/21 18:11:58 Running command: mafft --auto --quiet pan_genome_sequences/dsbA.fa > pan_genome_sequences/dsbA.fa.aln
2026/04/21 18:11:53 Running command: mafft --auto --quiet pan_genome_sequences/czcD_1.fa > pan_genome_sequences/czcD_1.fa.aln
2026/04/21 18:12:03 Running command: mafft --auto --quiet pan_genome_sequences/group_5541.fa > pan_genome_sequences/group_5541.fa.aln
2026/04/21 18:12:05 Running command: mafft --auto --quiet pan_genome_sequences/group_18134.fa > pan_genome_sequences/group_18134.fa.aln
2026/04/21 18:11:54 Running command: mafft --auto --quiet pan_genome_sequences/nemA_3.fa > pan_genome_sequences/nemA_3.fa.aln
2026/04/21 18:12:09 Running command: mafft --auto --quiet pan_genome_sequences/group_1977.fa > pan_genome_sequences/group_1977.fa.aln
2026/04/21 18:11:03 Running command: mafft --auto --quiet pan_genome_sequences/pfeA_1.fa > pan_genome_sequences/pfeA_1.fa.aln
2026/04/21 18:12:05 Running command: mafft --auto --quiet pan_genome_sequences/mmsB.fa > pan_genome_sequences/mmsB.fa.aln
2026/04/21 18:12:16 Running command: mafft --auto --quiet pan_genome_sequences/group_5329.fa > pan_genome_sequences/group_5329.fa.aln
2026/04/21 18:11:58 Running command: mafft --auto --quiet pan_genome_sequences/nqrB.fa > pan_genome_sequences/nqrB.fa.aln
2026/04/21 18:12:15 Running command: mafft --auto --quiet pan_genome_sequences/group_5567.fa > pan_genome_sequences/group_5567.fa.aln
2026/04/21 18:11:59 Running command: mafft --auto --quiet pan_genome_sequences/nqrF.fa > pan_genome_sequences/nqrF.fa.aln
2026/04/21 18:12:13 Running command: mafft --auto --quiet pan_genome_sequences/mraY.fa > pan_genome_sequences/mraY.fa.aln
2026/04/21 18:12:17 Running command: mafft --auto --quiet pan_genome_sequences/bchI.fa > pan_genome_sequences/bchI.fa.aln
2026/04/21 18:12:20 Running command: mafft --auto --quiet pan_genome_sequences/cyoE.fa > pan_genome_sequences/cyoE.fa.aln
2026/04/21 18:12:19 Running command: mafft --auto --quiet pan_genome_sequences/fliM.fa > pan_genome_sequences/fliM.fa.aln
2026/04/21 18:12:32 Running command: mafft --auto --quiet pan_genome_sequences/lcdH_1.fa > pan_genome_sequences/lcdH_1.fa.aln
2026/04/21 18:12:30 Running command: mafft --auto --quiet pan_genome_sequences/citE.fa > pan_genome_sequences/citE.fa.aln
2026/04/21 18:12:32 Running command: mafft --auto --quiet pan_genome_sequences/group_5741.fa > pan_genome_sequences/group_5741.fa.aln
2026/04/21 18:12:40 Running command: mafft --auto --quiet pan_genome_sequences/slyA.fa > pan_genome_sequences/slyA.fa.aln
2026/04/21 18:12:20 Running command: mafft --auto --quiet pan_genome_sequences/rarA.fa > pan_genome_sequences/rarA.fa.aln
2026/04/21 18:12:36 Running command: mafft --auto --quiet pan_genome_sequences/group_3111.fa > pan_genome_sequences/group_3111.fa.aln
2026/04/21 18:12:31 Running command: mafft --auto --quiet pan_genome_sequences/pdhC.fa > pan_genome_sequences/pdhC.fa.aln
2026/04/21 18:11:01 Running command: mafft --auto --quiet pan_genome_sequences/rbbA.fa > pan_genome_sequences/rbbA.fa.aln
2026/04/21 18:12:42 Running command: mafft --auto --quiet pan_genome_sequences/livF_3.fa > pan_genome_sequences/livF_3.fa.aln
2026/04/21 18:12:50 Running command: mafft --auto --quiet pan_genome_sequences/pleD_1.fa > pan_genome_sequences/pleD_1.fa.aln
2026/04/21 18:12:10 Running command: mafft --auto --quiet pan_genome_sequences/dmdC_2.fa > pan_genome_sequences/dmdC_2.fa.aln
2026/04/21 18:12:49 Running command: mafft --auto --quiet pan_genome_sequences/cnoX.fa > pan_genome_sequences/cnoX.fa.aln
2026/04/21 18:12:49 Running command: mafft --auto --quiet pan_genome_sequences/kce.fa > pan_genome_sequences/kce.fa.aln
2026/04/21 18:13:00 Running command: mafft --auto --quiet pan_genome_sequences/ybeY.fa > pan_genome_sequences/ybeY.fa.aln
2026/04/21 18:12:56 Running command: mafft --auto --quiet pan_genome_sequences/fklB_1.fa > pan_genome_sequences/fklB_1.fa.aln
2026/04/21 18:12:52 Running command: mafft --auto --quiet pan_genome_sequences/argE_2.fa > pan_genome_sequences/argE_2.fa.aln
2026/04/21 18:12:45 Running command: mafft --auto --quiet pan_genome_sequences/group_18484.fa > pan_genome_sequences/group_18484.fa.aln
2026/04/21 18:13:01 Running command: mafft --auto --quiet pan_genome_sequences/hcaR.fa > pan_genome_sequences/hcaR.fa.aln
2026/04/21 18:12:50 Running command: mafft --auto --quiet pan_genome_sequences/kgtP_1.fa > pan_genome_sequences/kgtP_1.fa.aln
2026/04/21 18:13:12 Running command: mafft --auto --quiet pan_genome_sequences/group_3382.fa > pan_genome_sequences/group_3382.fa.aln
2026/04/21 18:11:32 Running command: mafft --auto --quiet pan_genome_sequences/malT_3.fa > pan_genome_sequences/malT_3.fa.aln
2026/04/21 18:12:43 Running command: mafft --auto --quiet pan_genome_sequences/aruI_1.fa > pan_genome_sequences/aruI_1.fa.aln
2026/04/21 18:13:04 Running command: mafft --auto --quiet pan_genome_sequences/group_18029.fa > pan_genome_sequences/group_18029.fa.aln
2026/04/21 18:13:11 Running command: mafft --auto --quiet pan_genome_sequences/metF.fa > pan_genome_sequences/metF.fa.aln
2026/04/21 18:13:19 Running command: mafft --auto --quiet pan_genome_sequences/kbp.fa > pan_genome_sequences/kbp.fa.aln
2026/04/21 18:13:04 Running command: mafft --auto --quiet pan_genome_sequences/mmgC_3.fa > pan_genome_sequences/mmgC_3.fa.aln
2026/04/21 18:13:16 Running command: mafft --auto --quiet pan_genome_sequences/group_4239.fa > pan_genome_sequences/group_4239.fa.aln
2026/04/21 18:13:16 Running command: mafft --auto --quiet pan_genome_sequences/aaeA_2.fa > pan_genome_sequences/aaeA_2.fa.aln
2026/04/21 18:13:27 Running command: mafft --auto --quiet pan_genome_sequences/group_18178.fa > pan_genome_sequences/group_18178.fa.aln
2026/04/21 18:13:15 Running command: mafft --auto --quiet pan_genome_sequences/group_17719.fa > pan_genome_sequences/group_17719.fa.aln
2026/04/21 18:13:20 Running command: mafft --auto --quiet pan_genome_sequences/proC.fa > pan_genome_sequences/proC.fa.aln
2026/04/21 18:13:25 Running command: mafft --auto --quiet pan_genome_sequences/group_5483.fa > pan_genome_sequences/group_5483.fa.aln
2026/04/21 18:13:29 Running command: mafft --auto --quiet pan_genome_sequences/group_18495.fa > pan_genome_sequences/group_18495.fa.aln
2026/04/21 18:13:23 Running command: mafft --auto --quiet pan_genome_sequences/group_17932.fa > pan_genome_sequences/group_17932.fa.aln
2026/04/21 18:13:28 Running command: mafft --auto --quiet pan_genome_sequences/can.fa > pan_genome_sequences/can.fa.aln
2026/04/21 18:13:35 Running command: mafft --auto --quiet pan_genome_sequences/group_4217.fa > pan_genome_sequences/group_4217.fa.aln
2026/04/21 18:13:11 Running command: mafft --auto --quiet pan_genome_sequences/cbs.fa > pan_genome_sequences/cbs.fa.aln
2026/04/21 18:13:31 Running command: mafft --auto --quiet pan_genome_sequences/group_4758.fa > pan_genome_sequences/group_4758.fa.aln
2026/04/21 18:13:24 Running command: mafft --auto --quiet pan_genome_sequences/group_17857.fa > pan_genome_sequences/group_17857.fa.aln
2026/04/21 18:13:33 Running command: mafft --auto --quiet pan_genome_sequences/group_18316.fa > pan_genome_sequences/group_18316.fa.aln
2026/04/21 18:13:39 Running command: mafft --auto --quiet pan_genome_sequences/group_4520.fa > pan_genome_sequences/group_4520.fa.aln
2026/04/21 18:13:46 Running command: mafft --auto --quiet pan_genome_sequences/tsaE.fa > pan_genome_sequences/tsaE.fa.aln
2026/04/21 18:13:38 Running command: mafft --auto --quiet pan_genome_sequences/panS_1.fa > pan_genome_sequences/panS_1.fa.aln
2026/04/21 18:13:36 Running command: mafft --auto --quiet pan_genome_sequences/cdhR_6.fa > pan_genome_sequences/cdhR_6.fa.aln
2026/04/21 18:13:22 Running command: mafft --auto --quiet pan_genome_sequences/group_3421.fa > pan_genome_sequences/group_3421.fa.aln
2026/04/21 18:13:51 Running command: mafft --auto --quiet pan_genome_sequences/group_5677.fa > pan_genome_sequences/group_5677.fa.aln
2026/04/21 18:13:50 Running command: mafft --auto --quiet pan_genome_sequences/group_2496.fa > pan_genome_sequences/group_2496.fa.aln
2026/04/21 18:13:55 Running command: mafft --auto --quiet pan_genome_sequences/group_17883.fa > pan_genome_sequences/group_17883.fa.aln
2026/04/21 18:13:40 Running command: mafft --auto --quiet pan_genome_sequences/group_17627.fa > pan_genome_sequences/group_17627.fa.aln
2026/04/21 18:13:51 Running command: mafft --auto --quiet pan_genome_sequences/ftsZ.fa > pan_genome_sequences/ftsZ.fa.aln
2026/04/21 18:13:55 Running command: mafft --auto --quiet pan_genome_sequences/hutI.fa > pan_genome_sequences/hutI.fa.aln
2026/04/21 18:14:11 Running command: mafft --auto --quiet pan_genome_sequences/group_4598.fa > pan_genome_sequences/group_4598.fa.aln
2026/04/21 18:14:03 Running command: mafft --auto --quiet pan_genome_sequences/group_6088.fa > pan_genome_sequences/group_6088.fa.aln
2026/04/21 18:14:16 Running command: mafft --auto --quiet pan_genome_sequences/group_4561.fa > pan_genome_sequences/group_4561.fa.aln
2026/04/21 18:14:03 Running command: mafft --auto --quiet pan_genome_sequences/dapL.fa > pan_genome_sequences/dapL.fa.aln
2026/04/21 18:14:17 Running command: mafft --auto --quiet pan_genome_sequences/dnaQ.fa > pan_genome_sequences/dnaQ.fa.aln
2026/04/21 18:14:25 Running command: mafft --auto --quiet pan_genome_sequences/yigB.fa > pan_genome_sequences/yigB.fa.aln
2026/04/21 18:14:24 Running command: mafft --auto --quiet pan_genome_sequences/group_4960.fa > pan_genome_sequences/group_4960.fa.aln
2026/04/21 18:13:53 Running command: mafft --auto --quiet pan_genome_sequences/aceK.fa > pan_genome_sequences/aceK.fa.aln
2026/04/21 18:14:18 Running command: mafft --auto --quiet pan_genome_sequences/ychF.fa > pan_genome_sequences/ychF.fa.aln
2026/04/21 18:14:34 Running command: mafft --auto --quiet pan_genome_sequences/group_5203.fa > pan_genome_sequences/group_5203.fa.aln
2026/04/21 18:14:36 Running command: mafft --auto --quiet pan_genome_sequences/group_17980.fa > pan_genome_sequences/group_17980.fa.aln
2026/04/21 18:13:50 Running command: mafft --auto --quiet pan_genome_sequences/group_17257.fa > pan_genome_sequences/group_17257.fa.aln
2026/04/21 18:14:37 Running command: mafft --auto --quiet pan_genome_sequences/group_17094.fa > pan_genome_sequences/group_17094.fa.aln
2026/04/21 18:13:30 Running command: mafft --auto --quiet pan_genome_sequences/iutA_2.fa > pan_genome_sequences/iutA_2.fa.aln
2026/04/21 18:14:18 Running command: mafft --auto --quiet pan_genome_sequences/group_18118.fa > pan_genome_sequences/group_18118.fa.aln
2026/04/21 18:14:40 Running command: mafft --auto --quiet pan_genome_sequences/ndk.fa > pan_genome_sequences/ndk.fa.aln
2026/04/21 18:14:39 Running command: mafft --auto --quiet pan_genome_sequences/group_4840.fa > pan_genome_sequences/group_4840.fa.aln
2026/04/21 18:14:38 Running command: mafft --auto --quiet pan_genome_sequences/group_2983.fa > pan_genome_sequences/group_2983.fa.aln
2026/04/21 18:14:38 Running command: mafft --auto --quiet pan_genome_sequences/group_5108.fa > pan_genome_sequences/group_5108.fa.aln
2026/04/21 18:14:43 Running command: mafft --auto --quiet pan_genome_sequences/fdxA_2.fa > pan_genome_sequences/fdxA_2.fa.aln
2026/04/21 18:14:45 Running command: mafft --auto --quiet pan_genome_sequences/group_4672.fa > pan_genome_sequences/group_4672.fa.aln
2026/04/21 18:14:40 Running command: mafft --auto --quiet pan_genome_sequences/gph.fa > pan_genome_sequences/gph.fa.aln
2026/04/21 18:14:45 Running command: mafft --auto --quiet pan_genome_sequences/group_4607.fa > pan_genome_sequences/group_4607.fa.aln
2026/04/21 18:14:49 Running command: mafft --auto --quiet pan_genome_sequences/rcnR.fa > pan_genome_sequences/rcnR.fa.aln
2026/04/21 18:14:51 Running command: mafft --auto --quiet pan_genome_sequences/group_2225.fa > pan_genome_sequences/group_2225.fa.aln
2026/04/21 18:14:53 Running command: mafft --auto --quiet pan_genome_sequences/yajC.fa > pan_genome_sequences/yajC.fa.aln
2026/04/21 18:14:34 Running command: mafft --auto --quiet pan_genome_sequences/pitA_3.fa > pan_genome_sequences/pitA_3.fa.aln
2026/04/21 18:14:55 Running command: mafft --auto --quiet pan_genome_sequences/group_18301.fa > pan_genome_sequences/group_18301.fa.aln
2026/04/21 18:13:30 Running command: mafft --auto --quiet pan_genome_sequences/topA.fa > pan_genome_sequences/topA.fa.aln
2026/04/21 18:15:07 Running command: mafft --auto --quiet pan_genome_sequences/group_5312.fa > pan_genome_sequences/group_5312.fa.aln
2026/04/21 18:14:46 Running command: mafft --auto --quiet pan_genome_sequences/group_1769.fa > pan_genome_sequences/group_1769.fa.aln
2026/04/21 18:14:47 Running command: mafft --auto --quiet pan_genome_sequences/glmU.fa > pan_genome_sequences/glmU.fa.aln
2026/04/21 18:15:13 Running command: mafft --auto --quiet pan_genome_sequences/group_3060.fa > pan_genome_sequences/group_3060.fa.aln
2026/04/21 18:15:15 Running command: mafft --auto --quiet pan_genome_sequences/accB_1.fa > pan_genome_sequences/accB_1.fa.aln
2026/04/21 18:14:56 Running command: mafft --auto --quiet pan_genome_sequences/uctC.fa > pan_genome_sequences/uctC.fa.aln
2026/04/21 18:14:44 Running command: mafft --auto --quiet pan_genome_sequences/lnt.fa > pan_genome_sequences/lnt.fa.aln
2026/04/21 18:15:17 Running command: mafft --auto --quiet pan_genome_sequences/mdcC.fa > pan_genome_sequences/mdcC.fa.aln
2026/04/21 18:14:59 Running command: mafft --auto --quiet pan_genome_sequences/fadA_4.fa > pan_genome_sequences/fadA_4.fa.aln
2026/04/21 18:15:19 Running command: mafft --auto --quiet pan_genome_sequences/sdhD.fa > pan_genome_sequences/sdhD.fa.aln
2026/04/21 18:14:51 Running command: mafft --auto --quiet pan_genome_sequences/group_4882.fa > pan_genome_sequences/group_4882.fa.aln
2026/04/21 18:15:17 Running command: mafft --auto --quiet pan_genome_sequences/yahB.fa > pan_genome_sequences/yahB.fa.aln
2026/04/21 18:15:25 Running command: mafft --auto --quiet pan_genome_sequences/group_3698.fa > pan_genome_sequences/group_3698.fa.aln
2026/04/21 18:15:28 Running command: mafft --auto --quiet pan_genome_sequences/fliA.fa > pan_genome_sequences/fliA.fa.aln
2026/04/21 18:15:36 Running command: mafft --auto --quiet pan_genome_sequences/group_5599.fa > pan_genome_sequences/group_5599.fa.aln
2026/04/21 18:15:21 Running command: mafft --auto --quiet pan_genome_sequences/amiC_2.fa > pan_genome_sequences/amiC_2.fa.aln
2026/04/21 18:15:44 Running command: mafft --auto --quiet pan_genome_sequences/group_18062.fa > pan_genome_sequences/group_18062.fa.aln
2026/04/21 18:14:33 Running command: mafft --auto --quiet pan_genome_sequences/feoB.fa > pan_genome_sequences/feoB.fa.aln
2026/04/21 18:15:11 Running command: mafft --auto --quiet pan_genome_sequences/bepA_3.fa > pan_genome_sequences/bepA_3.fa.aln
2026/04/21 18:15:20 Running command: mafft --auto --quiet pan_genome_sequences/gpmI.fa > pan_genome_sequences/gpmI.fa.aln
2026/04/21 18:15:54 Running command: mafft --auto --quiet pan_genome_sequences/group_3371.fa > pan_genome_sequences/group_3371.fa.aln
2026/04/21 18:15:34 Running command: mafft --auto --quiet pan_genome_sequences/miaB.fa > pan_genome_sequences/miaB.fa.aln
2026/04/21 18:15:57 Running command: mafft --auto --quiet pan_genome_sequences/group_3179.fa > pan_genome_sequences/group_3179.fa.aln
2026/04/21 18:15:49 Running command: mafft --auto --quiet pan_genome_sequences/vldW_1.fa > pan_genome_sequences/vldW_1.fa.aln
2026/04/21 18:16:00 Running command: mafft --auto --quiet pan_genome_sequences/group_2165.fa > pan_genome_sequences/group_2165.fa.aln
2026/04/21 18:15:54 Running command: mafft --auto --quiet pan_genome_sequences/catD_1.fa > pan_genome_sequences/catD_1.fa.aln
2026/04/21 18:16:03 Running command: mafft --auto --quiet pan_genome_sequences/group_1437.fa > pan_genome_sequences/group_1437.fa.aln
2026/04/21 18:15:17 Running command: mafft --auto --quiet pan_genome_sequences/yheS.fa > pan_genome_sequences/yheS.fa.aln
2026/04/21 18:15:41 Running command: mafft --auto --quiet pan_genome_sequences/group_5344.fa > pan_genome_sequences/group_5344.fa.aln
2026/04/21 18:16:03 Running command: mafft --auto --quiet pan_genome_sequences/uspE_1.fa > pan_genome_sequences/uspE_1.fa.aln
2026/04/21 18:16:07 Running command: mafft --auto --quiet pan_genome_sequences/pal_1.fa > pan_genome_sequences/pal_1.fa.aln
2026/04/21 18:16:12 Running command: mafft --auto --quiet pan_genome_sequences/ruvA.fa > pan_genome_sequences/ruvA.fa.aln
2026/04/21 18:16:01 Running command: mafft --auto --quiet pan_genome_sequences/namA.fa > pan_genome_sequences/namA.fa.aln
2026/04/21 18:16:02 Running command: mafft --auto --quiet pan_genome_sequences/rlmN_1.fa > pan_genome_sequences/rlmN_1.fa.aln
2026/04/21 18:15:12 Running command: mafft --auto --quiet pan_genome_sequences/cntO_4.fa > pan_genome_sequences/cntO_4.fa.aln
2026/04/21 18:16:09 Running command: mafft --auto --quiet pan_genome_sequences/oppF.fa > pan_genome_sequences/oppF.fa.aln
2026/04/21 18:16:23 Running command: mafft --auto --quiet pan_genome_sequences/yraA.fa > pan_genome_sequences/yraA.fa.aln
2026/04/21 18:16:20 Running command: mafft --auto --quiet pan_genome_sequences/mtgA.fa > pan_genome_sequences/mtgA.fa.aln
2026/04/21 18:16:15 Running command: mafft --auto --quiet pan_genome_sequences/cheB_2.fa > pan_genome_sequences/cheB_2.fa.aln
2026/04/21 18:16:21 Running command: mafft --auto --quiet pan_genome_sequences/flgD.fa > pan_genome_sequences/flgD.fa.aln
2026/04/21 18:16:18 Running command: mafft --auto --quiet pan_genome_sequences/group_18368.fa > pan_genome_sequences/group_18368.fa.aln
2026/04/21 18:16:29 Running command: mafft --auto --quiet pan_genome_sequences/rnpA.fa > pan_genome_sequences/rnpA.fa.aln
2026/04/21 18:16:29 Running command: mafft --auto --quiet pan_genome_sequences/rnhA.fa > pan_genome_sequences/rnhA.fa.aln
2026/04/21 18:16:18 Running command: mafft --auto --quiet pan_genome_sequences/desA3.fa > pan_genome_sequences/desA3.fa.aln
2026/04/21 18:16:35 Running command: mafft --auto --quiet pan_genome_sequences/group_2032.fa > pan_genome_sequences/group_2032.fa.aln
2026/04/21 18:15:45 Running command: mafft --auto --quiet pan_genome_sequences/yebT_2.fa > pan_genome_sequences/yebT_2.fa.aln
2026/04/21 18:16:36 Running command: mafft --auto --quiet pan_genome_sequences/nadD_1.fa > pan_genome_sequences/nadD_1.fa.aln
2026/04/21 18:16:32 Running command: mafft --auto --quiet pan_genome_sequences/hexR_2.fa > pan_genome_sequences/hexR_2.fa.aln
2026/04/21 18:16:32 Running command: mafft --auto --quiet pan_genome_sequences/yihG_2.fa > pan_genome_sequences/yihG_2.fa.aln
2026/04/21 18:16:29 Running command: mafft --auto --quiet pan_genome_sequences/group_18356.fa > pan_genome_sequences/group_18356.fa.aln
2026/04/21 18:16:42 Running command: mafft --auto --quiet pan_genome_sequences/rpsD.fa > pan_genome_sequences/rpsD.fa.aln
2026/04/21 18:16:36 Running command: mafft --auto --quiet pan_genome_sequences/rsmH.fa > pan_genome_sequences/rsmH.fa.aln
2026/04/21 18:16:44 Running command: mafft --auto --quiet pan_genome_sequences/group_4252.fa > pan_genome_sequences/group_4252.fa.aln
2026/04/21 18:16:56 Running command: mafft --auto --quiet pan_genome_sequences/crp.fa > pan_genome_sequences/crp.fa.aln
2026/04/21 18:16:43 Running command: mafft --auto --quiet pan_genome_sequences/tig.fa > pan_genome_sequences/tig.fa.aln
2026/04/21 18:16:49 Running command: mafft --auto --quiet pan_genome_sequences/ttuD.fa > pan_genome_sequences/ttuD.fa.aln
2026/04/21 18:17:07 Running command: mafft --auto --quiet pan_genome_sequences/glaR.fa > pan_genome_sequences/glaR.fa.aln
2026/04/21 18:16:48 Running command: mafft --auto --quiet pan_genome_sequences/dnaB.fa > pan_genome_sequences/dnaB.fa.aln
2026/04/21 18:17:14 Running command: mafft --auto --quiet pan_genome_sequences/tag.fa > pan_genome_sequences/tag.fa.aln
2026/04/21 18:17:18 Running command: mafft --auto --quiet pan_genome_sequences/group_2853.fa > pan_genome_sequences/group_2853.fa.aln
2026/04/21 18:17:12 Running command: mafft --auto --quiet pan_genome_sequences/group_5319.fa > pan_genome_sequences/group_5319.fa.aln
2026/04/21 18:17:03 Running command: mafft --auto --quiet pan_genome_sequences/surA_1.fa > pan_genome_sequences/surA_1.fa.aln
2026/04/21 18:16:44 Running command: mafft --auto --quiet pan_genome_sequences/group_4932.fa > pan_genome_sequences/group_4932.fa.aln
2026/04/21 18:16:27 Running command: mafft --auto --quiet pan_genome_sequences/glcB.fa > pan_genome_sequences/glcB.fa.aln
2026/04/21 18:17:34 Running command: mafft --auto --quiet pan_genome_sequences/group_6025.fa > pan_genome_sequences/group_6025.fa.aln
2026/04/21 18:17:32 Running command: mafft --auto --quiet pan_genome_sequences/lipB.fa > pan_genome_sequences/lipB.fa.aln
2026/04/21 18:17:27 Running command: mafft --auto --quiet pan_genome_sequences/group_4459.fa > pan_genome_sequences/group_4459.fa.aln
2026/04/21 18:17:36 Running command: mafft --auto --quiet pan_genome_sequences/group_3117.fa > pan_genome_sequences/group_3117.fa.aln
2026/04/21 18:17:42 Running command: mafft --auto --quiet pan_genome_sequences/group_3373.fa > pan_genome_sequences/group_3373.fa.aln
2026/04/21 18:17:44 Running command: mafft --auto --quiet pan_genome_sequences/group_4371.fa > pan_genome_sequences/group_4371.fa.aln
2026/04/21 18:17:39 Running command: mafft --auto --quiet pan_genome_sequences/kdpE.fa > pan_genome_sequences/kdpE.fa.aln
2026/04/21 18:17:22 Running command: mafft --auto --quiet pan_genome_sequences/group_17895.fa > pan_genome_sequences/group_17895.fa.aln
2026/04/21 18:17:50 Running command: mafft --auto --quiet pan_genome_sequences/carB.fa > pan_genome_sequences/carB.fa.aln
2026/04/21 18:17:45 Running command: mafft --auto --quiet pan_genome_sequences/group_3057.fa > pan_genome_sequences/group_3057.fa.aln
2026/04/21 18:17:39 Running command: mafft --auto --quiet pan_genome_sequences/kgtP_2.fa > pan_genome_sequences/kgtP_2.fa.aln
2026/04/21 18:17:54 Running command: mafft --auto --quiet pan_genome_sequences/rhaR_1.fa > pan_genome_sequences/rhaR_1.fa.aln
2026/04/21 18:16:14 Running command: mafft --auto --quiet pan_genome_sequences/rcsC_14.fa > pan_genome_sequences/rcsC_14.fa.aln
2026/04/21 18:16:28 Running command: mafft --auto --quiet pan_genome_sequences/glnD.fa > pan_genome_sequences/glnD.fa.aln
2026/04/21 18:17:46 Running command: mafft --auto --quiet pan_genome_sequences/czcS_3.fa > pan_genome_sequences/czcS_3.fa.aln
2026/04/21 18:17:15 Running command: mafft --auto --quiet pan_genome_sequences/group_5236.fa > pan_genome_sequences/group_5236.fa.aln
2026/04/21 18:18:13 Running command: mafft --auto --quiet pan_genome_sequences/group_17935.fa > pan_genome_sequences/group_17935.fa.aln
2026/04/21 18:18:07 Running command: mafft --auto --quiet pan_genome_sequences/hemB.fa > pan_genome_sequences/hemB.fa.aln
2026/04/21 18:17:53 Running command: mafft --auto --quiet pan_genome_sequences/cysG_3.fa > pan_genome_sequences/cysG_3.fa.aln
2026/04/21 18:18:07 Running command: mafft --auto --quiet pan_genome_sequences/ctaA.fa > pan_genome_sequences/ctaA.fa.aln
2026/04/21 18:18:13 Running command: mafft --auto --quiet pan_genome_sequences/oleD.fa > pan_genome_sequences/oleD.fa.aln
2026/04/21 18:18:22 Running command: mafft --auto --quiet pan_genome_sequences/azoR_1.fa > pan_genome_sequences/azoR_1.fa.aln
2026/04/21 18:18:28 Running command: mafft --auto --quiet pan_genome_sequences/ihfB.fa > pan_genome_sequences/ihfB.fa.aln
2026/04/21 18:18:18 Running command: mafft --auto --quiet pan_genome_sequences/yeaD_2.fa > pan_genome_sequences/yeaD_2.fa.aln
2026/04/21 18:18:26 Running command: mafft --auto --quiet pan_genome_sequences/ycaC_1.fa > pan_genome_sequences/ycaC_1.fa.aln
2026/04/21 18:18:23 Running command: mafft --auto --quiet pan_genome_sequences/gltR_2.fa > pan_genome_sequences/gltR_2.fa.aln
2026/04/21 18:18:32 Running command: mafft --auto --quiet pan_genome_sequences/group_2890.fa > pan_genome_sequences/group_2890.fa.aln
2026/04/21 18:18:34 Running command: mafft --auto --quiet pan_genome_sequences/hslV.fa > pan_genome_sequences/hslV.fa.aln
2026/04/21 18:18:30 Running command: mafft --auto --quiet pan_genome_sequences/fabG_10.fa > pan_genome_sequences/fabG_10.fa.aln
2026/04/21 18:18:30 Running command: mafft --auto --quiet pan_genome_sequences/hyi.fa > pan_genome_sequences/hyi.fa.aln
2026/04/21 18:17:24 Running command: mafft --auto --quiet pan_genome_sequences/pdeB_3.fa > pan_genome_sequences/pdeB_3.fa.aln
2026/04/21 18:18:15 Running command: mafft --auto --quiet pan_genome_sequences/ettA.fa > pan_genome_sequences/ettA.fa.aln
2026/04/21 18:18:54 Running command: mafft --auto --quiet pan_genome_sequences/moaC.fa > pan_genome_sequences/moaC.fa.aln
2026/04/21 18:18:36 Running command: mafft --auto --quiet pan_genome_sequences/hcnB_1.fa > pan_genome_sequences/hcnB_1.fa.aln
2026/04/21 18:18:22 Running command: mafft --auto --quiet pan_genome_sequences/group_18478.fa > pan_genome_sequences/group_18478.fa.aln
2026/04/21 18:18:38 Running command: mafft --auto --quiet pan_genome_sequences/yycB_3.fa > pan_genome_sequences/yycB_3.fa.aln
2026/04/21 18:18:39 Running command: mafft --auto --quiet pan_genome_sequences/group_5680.fa > pan_genome_sequences/group_5680.fa.aln
2026/04/21 18:18:58 Running command: mafft --auto --quiet pan_genome_sequences/group_17557.fa > pan_genome_sequences/group_17557.fa.aln
2026/04/21 18:18:58 Running command: mafft --auto --quiet pan_genome_sequences/group_5150.fa > pan_genome_sequences/group_5150.fa.aln
2026/04/21 18:18:49 Running command: mafft --auto --quiet pan_genome_sequences/argG.fa > pan_genome_sequences/argG.fa.aln
2026/04/21 18:19:10 Running command: mafft --auto --quiet pan_genome_sequences/zur.fa > pan_genome_sequences/zur.fa.aln
2026/04/21 18:18:03 Running command: mafft --auto --quiet pan_genome_sequences/relA.fa > pan_genome_sequences/relA.fa.aln
2026/04/21 18:19:14 Running command: mafft --auto --quiet pan_genome_sequences/ycnE.fa > pan_genome_sequences/ycnE.fa.aln
2026/04/21 18:18:58 Running command: mafft --auto --quiet pan_genome_sequences/carA.fa > pan_genome_sequences/carA.fa.aln
2026/04/21 18:18:38 Running command: mafft --auto --quiet pan_genome_sequences/groL.fa > pan_genome_sequences/groL.fa.aln
2026/04/21 18:19:15 Running command: mafft --auto --quiet pan_genome_sequences/group_4741.fa > pan_genome_sequences/group_4741.fa.aln
2026/04/21 18:19:17 Running command: mafft --auto --quiet pan_genome_sequences/panC.fa > pan_genome_sequences/panC.fa.aln
2026/04/21 18:19:01 Running command: mafft --auto --quiet pan_genome_sequences/xseA.fa > pan_genome_sequences/xseA.fa.aln
2026/04/21 18:19:16 Running command: mafft --auto --quiet pan_genome_sequences/lpxD_1.fa > pan_genome_sequences/lpxD_1.fa.aln
2026/04/21 18:19:27 Running command: mafft --auto --quiet pan_genome_sequences/cheD.fa > pan_genome_sequences/cheD.fa.aln
2026/04/21 18:19:32 Running command: mafft --auto --quiet pan_genome_sequences/tatA.fa > pan_genome_sequences/tatA.fa.aln
2026/04/21 18:19:33 Running command: mafft --auto --quiet pan_genome_sequences/group_17274.fa > pan_genome_sequences/group_17274.fa.aln
2026/04/21 18:19:34 Running command: mafft --auto --quiet pan_genome_sequences/nth.fa > pan_genome_sequences/nth.fa.aln
2026/04/21 18:19:35 Running command: mafft --auto --quiet pan_genome_sequences/group_2331.fa > pan_genome_sequences/group_2331.fa.aln
2026/04/21 18:19:01 Running command: mafft --auto --quiet pan_genome_sequences/proS.fa > pan_genome_sequences/proS.fa.aln
2026/04/21 18:19:40 Running command: mafft --auto --quiet pan_genome_sequences/group_3801.fa > pan_genome_sequences/group_3801.fa.aln
2026/04/21 18:19:42 Running command: mafft --auto --quiet pan_genome_sequences/group_5345.fa > pan_genome_sequences/group_5345.fa.aln
2026/04/21 18:19:01 Running command: mafft --auto --quiet pan_genome_sequences/group_2988.fa > pan_genome_sequences/group_2988.fa.aln
2026/04/21 18:19:48 Running command: mafft --auto --quiet pan_genome_sequences/kduD.fa > pan_genome_sequences/kduD.fa.aln
2026/04/21 18:19:15 Running command: mafft --auto --quiet pan_genome_sequences/fruA.fa > pan_genome_sequences/fruA.fa.aln
2026/04/21 18:19:55 Running command: mafft --auto --quiet pan_genome_sequences/group_18030.fa > pan_genome_sequences/group_18030.fa.aln
2026/04/21 18:20:02 Running command: mafft --auto --quiet pan_genome_sequences/ptsH.fa > pan_genome_sequences/ptsH.fa.aln
2026/04/21 18:19:59 Running command: mafft --auto --quiet pan_genome_sequences/frr.fa > pan_genome_sequences/frr.fa.aln
2026/04/21 18:19:55 Running command: mafft --auto --quiet pan_genome_sequences/catI.fa > pan_genome_sequences/catI.fa.aln
2026/04/21 18:20:03 Running command: mafft --auto --quiet pan_genome_sequences/group_5991.fa > pan_genome_sequences/group_5991.fa.aln
2026/04/21 18:19:40 Running command: mafft --auto --quiet pan_genome_sequences/hldE.fa > pan_genome_sequences/hldE.fa.aln
2026/04/21 18:20:06 Running command: mafft --auto --quiet pan_genome_sequences/ahpC_3.fa > pan_genome_sequences/ahpC_3.fa.aln
2026/04/21 18:20:09 Running command: mafft --auto --quiet pan_genome_sequences/group_18174.fa > pan_genome_sequences/group_18174.fa.aln
2026/04/21 18:20:04 Running command: mafft --auto --quiet pan_genome_sequences/znuB_2.fa > pan_genome_sequences/znuB_2.fa.aln
2026/04/21 18:19:42 Running command: mafft --auto --quiet pan_genome_sequences/nusA.fa > pan_genome_sequences/nusA.fa.aln
2026/04/21 18:19:02 Running command: mafft --auto --quiet pan_genome_sequences/group_4810.fa > pan_genome_sequences/group_4810.fa.aln
2026/04/21 18:20:13 Running command: mafft --auto --quiet pan_genome_sequences/ispU.fa > pan_genome_sequences/ispU.fa.aln
2026/04/21 18:20:20 Running command: mafft --auto --quiet pan_genome_sequences/cobS.fa > pan_genome_sequences/cobS.fa.aln
2026/04/21 18:19:17 Running command: mafft --auto --quiet pan_genome_sequences/priA.fa > pan_genome_sequences/priA.fa.aln
2026/04/21 18:20:13 Running command: mafft --auto --quiet pan_genome_sequences/group_6887.fa > pan_genome_sequences/group_6887.fa.aln
2026/04/21 18:20:11 Running command: mafft --auto --quiet pan_genome_sequences/glpQ_1.fa > pan_genome_sequences/glpQ_1.fa.aln
2026/04/21 18:20:21 Running command: mafft --auto --quiet pan_genome_sequences/nudC_2.fa > pan_genome_sequences/nudC_2.fa.aln
2026/04/21 18:20:07 Running command: mafft --auto --quiet pan_genome_sequences/rssB_3.fa > pan_genome_sequences/rssB_3.fa.aln
2026/04/21 18:20:30 Running command: mafft --auto --quiet pan_genome_sequences/group_2456.fa > pan_genome_sequences/group_2456.fa.aln
2026/04/21 18:20:29 Running command: mafft --auto --quiet pan_genome_sequences/group_5734.fa > pan_genome_sequences/group_5734.fa.aln
2026/04/21 18:20:28 Running command: mafft --auto --quiet pan_genome_sequences/rlmA.fa > pan_genome_sequences/rlmA.fa.aln
2026/04/21 18:20:14 Running command: mafft --auto --quiet pan_genome_sequences/purB_2.fa > pan_genome_sequences/purB_2.fa.aln
2026/04/21 18:20:33 Running command: mafft --auto --quiet pan_genome_sequences/group_5271.fa > pan_genome_sequences/group_5271.fa.aln
2026/04/21 18:20:33 Running command: mafft --auto --quiet pan_genome_sequences/rhaR_4.fa > pan_genome_sequences/rhaR_4.fa.aln
2026/04/21 18:20:32 Running command: mafft --auto --quiet pan_genome_sequences/group_4830.fa > pan_genome_sequences/group_4830.fa.aln
2026/04/21 18:20:40 Running command: mafft --auto --quiet pan_genome_sequences/group_6855.fa > pan_genome_sequences/group_6855.fa.aln
2026/04/21 18:20:42 Running command: mafft --auto --quiet pan_genome_sequences/hdfR_1.fa > pan_genome_sequences/hdfR_1.fa.aln
2026/04/21 18:20:37 Running command: mafft --auto --quiet pan_genome_sequences/aguA.fa > pan_genome_sequences/aguA.fa.aln
2026/04/21 18:20:46 Running command: mafft --auto --quiet pan_genome_sequences/nadE_2.fa > pan_genome_sequences/nadE_2.fa.aln
2026/04/21 18:20:36 Running command: mafft --auto --quiet pan_genome_sequences/group_4948.fa > pan_genome_sequences/group_4948.fa.aln
2026/04/21 18:20:55 Running command: mafft --auto --quiet pan_genome_sequences/group_2567.fa > pan_genome_sequences/group_2567.fa.aln
2026/04/21 18:20:56 Running command: mafft --auto --quiet pan_genome_sequences/group_2248.fa > pan_genome_sequences/group_2248.fa.aln
2026/04/21 18:20:56 Running command: mafft --auto --quiet pan_genome_sequences/group_18226.fa > pan_genome_sequences/group_18226.fa.aln
2026/04/21 18:20:59 Running command: mafft --auto --quiet pan_genome_sequences/group_4370.fa > pan_genome_sequences/group_4370.fa.aln
2026/04/21 18:21:00 Running command: mafft --auto --quiet pan_genome_sequences/cynR_2.fa > pan_genome_sequences/cynR_2.fa.aln
2026/04/21 18:20:58 Running command: mafft --auto --quiet pan_genome_sequences/group_5756.fa > pan_genome_sequences/group_5756.fa.aln
2026/04/21 18:21:01 Running command: mafft --auto --quiet pan_genome_sequences/group_3368.fa > pan_genome_sequences/group_3368.fa.aln
2026/04/21 18:20:28 Running command: mafft --auto --quiet pan_genome_sequences/htpG_1.fa > pan_genome_sequences/htpG_1.fa.aln
2026/04/21 18:20:44 Running command: mafft --auto --quiet pan_genome_sequences/norR_1.fa > pan_genome_sequences/norR_1.fa.aln
2026/04/21 18:21:18 Running command: mafft --auto --quiet pan_genome_sequences/group_18248.fa > pan_genome_sequences/group_18248.fa.aln
2026/04/21 18:19:28 Running command: mafft --auto --quiet pan_genome_sequences/group_4388.fa > pan_genome_sequences/group_4388.fa.aln
2026/04/21 18:21:18 Running command: mafft --auto --quiet pan_genome_sequences/group_3417.fa > pan_genome_sequences/group_3417.fa.aln
2026/04/21 18:21:20 Running command: mafft --auto --quiet pan_genome_sequences/yrdA_2.fa > pan_genome_sequences/yrdA_2.fa.aln
2026/04/21 18:21:12 Running command: mafft --auto --quiet pan_genome_sequences/gbpR_3.fa > pan_genome_sequences/gbpR_3.fa.aln
2026/04/21 18:21:22 Running command: mafft --auto --quiet pan_genome_sequences/group_17856.fa > pan_genome_sequences/group_17856.fa.aln
2026/04/21 18:21:18 Running command: mafft --auto --quiet pan_genome_sequences/group_18538.fa > pan_genome_sequences/group_18538.fa.aln
2026/04/21 18:21:26 Running command: mafft --auto --quiet pan_genome_sequences/group_2026.fa > pan_genome_sequences/group_2026.fa.aln
2026/04/21 18:21:21 Running command: mafft --auto --quiet pan_genome_sequences/otnI.fa > pan_genome_sequences/otnI.fa.aln
2026/04/21 18:21:25 Running command: mafft --auto --quiet pan_genome_sequences/pyrH.fa > pan_genome_sequences/pyrH.fa.aln
2026/04/21 18:21:33 Running command: mafft --auto --quiet pan_genome_sequences/pdtaR.fa > pan_genome_sequences/pdtaR.fa.aln
2026/04/21 18:21:21 Running command: mafft --auto --quiet pan_genome_sequences/sucC.fa > pan_genome_sequences/sucC.fa.aln
2026/04/21 18:21:30 Running command: mafft --auto --quiet pan_genome_sequences/yofA_3.fa > pan_genome_sequences/yofA_3.fa.aln
2026/04/21 18:21:29 Running command: mafft --auto --quiet pan_genome_sequences/rlmL_2.fa > pan_genome_sequences/rlmL_2.fa.aln
2026/04/21 18:21:41 Running command: mafft --auto --quiet pan_genome_sequences/dsrF.fa > pan_genome_sequences/dsrF.fa.aln
2026/04/21 18:21:27 Running command: mafft --auto --quiet pan_genome_sequences/cbiD.fa > pan_genome_sequences/cbiD.fa.aln
2026/04/21 18:20:50 Running command: mafft --auto --quiet pan_genome_sequences/acs_2.fa > pan_genome_sequences/acs_2.fa.aln
2026/04/21 18:21:25 Running command: mafft --auto --quiet pan_genome_sequences/pcnB.fa > pan_genome_sequences/pcnB.fa.aln
2026/04/21 18:20:54 Running command: mafft --auto --quiet pan_genome_sequences/dapb1.fa > pan_genome_sequences/dapb1.fa.aln
2026/04/21 18:21:41 Running command: mafft --auto --quiet pan_genome_sequences/nagZ.fa > pan_genome_sequences/nagZ.fa.aln
2026/04/21 18:21:54 Running command: mafft --auto --quiet pan_genome_sequences/group_4226.fa > pan_genome_sequences/group_4226.fa.aln
2026/04/21 18:21:41 Running command: mafft --auto --quiet pan_genome_sequences/cdhR_5.fa > pan_genome_sequences/cdhR_5.fa.aln
2026/04/21 18:21:55 Running command: mafft --auto --quiet pan_genome_sequences/group_5624.fa > pan_genome_sequences/group_5624.fa.aln
2026/04/21 18:21:55 Running command: mafft --auto --quiet pan_genome_sequences/livF_2.fa > pan_genome_sequences/livF_2.fa.aln
2026/04/21 18:21:38 Running command: mafft --auto --quiet pan_genome_sequences/putP_1.fa > pan_genome_sequences/putP_1.fa.aln
2026/04/21 18:22:03 Running command: mafft --auto --quiet pan_genome_sequences/group_5508.fa > pan_genome_sequences/group_5508.fa.aln
2026/04/21 18:21:58 Running command: mafft --auto --quiet pan_genome_sequences/purU_1.fa > pan_genome_sequences/purU_1.fa.aln
2026/04/21 18:21:59 Running command: mafft --auto --quiet pan_genome_sequences/cpdA_1.fa > pan_genome_sequences/cpdA_1.fa.aln
2026/04/21 18:21:45 Running command: mafft --auto --quiet pan_genome_sequences/gltD_1.fa > pan_genome_sequences/gltD_1.fa.aln
2026/04/21 18:22:09 Running command: mafft --auto --quiet pan_genome_sequences/pdhR.fa > pan_genome_sequences/pdhR.fa.aln
2026/04/21 18:22:09 Running command: mafft --auto --quiet pan_genome_sequences/ureD.fa > pan_genome_sequences/ureD.fa.aln
2026/04/21 18:21:45 Running command: mafft --auto --quiet pan_genome_sequences/group_1103.fa > pan_genome_sequences/group_1103.fa.aln
2026/04/21 18:22:19 Running command: mafft --auto --quiet pan_genome_sequences/ivy_2.fa > pan_genome_sequences/ivy_2.fa.aln
2026/04/21 18:22:18 Running command: mafft --auto --quiet pan_genome_sequences/ureF.fa > pan_genome_sequences/ureF.fa.aln
2026/04/21 18:22:22 Running command: mafft --auto --quiet pan_genome_sequences/group_17720.fa > pan_genome_sequences/group_17720.fa.aln
2026/04/21 18:21:44 Running command: mafft --auto --quiet pan_genome_sequences/recJ.fa > pan_genome_sequences/recJ.fa.aln
2026/04/21 18:22:24 Running command: mafft --auto --quiet pan_genome_sequences/metH.fa > pan_genome_sequences/metH.fa.aln
2026/04/21 18:22:20 Running command: mafft --auto --quiet pan_genome_sequences/tsf.fa > pan_genome_sequences/tsf.fa.aln
2026/04/21 18:22:27 Running command: mafft --auto --quiet pan_genome_sequences/group_5975.fa > pan_genome_sequences/group_5975.fa.aln
2026/04/21 18:22:25 Running command: mafft --auto --quiet pan_genome_sequences/group_17877.fa > pan_genome_sequences/group_17877.fa.aln
2026/04/21 18:22:26 Running command: mafft --auto --quiet pan_genome_sequences/group_4391.fa > pan_genome_sequences/group_4391.fa.aln
2026/04/21 18:22:34 Running command: mafft --auto --quiet pan_genome_sequences/srlR.fa > pan_genome_sequences/srlR.fa.aln
2026/04/21 18:22:37 Running command: mafft --auto --quiet pan_genome_sequences/group_5131.fa > pan_genome_sequences/group_5131.fa.aln
2026/04/21 18:22:43 Running command: mafft --auto --quiet pan_genome_sequences/group_4210.fa > pan_genome_sequences/group_4210.fa.aln
2026/04/21 18:22:36 Running command: mafft --auto --quiet pan_genome_sequences/yeaD_1.fa > pan_genome_sequences/yeaD_1.fa.aln
2026/04/21 18:22:31 Running command: mafft --auto --quiet pan_genome_sequences/group_17900.fa > pan_genome_sequences/group_17900.fa.aln
2026/04/21 18:21:53 Running command: mafft --auto --quiet pan_genome_sequences/group_5380.fa > pan_genome_sequences/group_5380.fa.aln
2026/04/21 18:22:47 Running command: mafft --auto --quiet pan_genome_sequences/erpA.fa > pan_genome_sequences/erpA.fa.aln
2026/04/21 18:22:05 Running command: mafft --auto --quiet pan_genome_sequences/acs_1.fa > pan_genome_sequences/acs_1.fa.aln
2026/04/21 18:22:49 Running command: mafft --auto --quiet pan_genome_sequences/lepB_1.fa > pan_genome_sequences/lepB_1.fa.aln
2026/04/21 18:22:44 Running command: mafft --auto --quiet pan_genome_sequences/group_4687.fa > pan_genome_sequences/group_4687.fa.aln
2026/04/21 18:22:54 Running command: mafft --auto --quiet pan_genome_sequences/pchB.fa > pan_genome_sequences/pchB.fa.aln
2026/04/21 18:22:47 Running command: mafft --auto --quiet pan_genome_sequences/zupT.fa > pan_genome_sequences/zupT.fa.aln
2026/04/21 18:22:05 Running command: mafft --auto --quiet pan_genome_sequences/accA1_1.fa > pan_genome_sequences/accA1_1.fa.aln
2026/04/21 18:22:54 Running command: mafft --auto --quiet pan_genome_sequences/pcaH.fa > pan_genome_sequences/pcaH.fa.aln
2026/04/21 18:22:58 Running command: mafft --auto --quiet pan_genome_sequences/ubiJ_1.fa > pan_genome_sequences/ubiJ_1.fa.aln
2026/04/21 18:22:11 Running command: mafft --auto --quiet pan_genome_sequences/speA.fa > pan_genome_sequences/speA.fa.aln
2026/04/21 18:22:56 Running command: mafft --auto --quiet pan_genome_sequences/mutM.fa > pan_genome_sequences/mutM.fa.aln
2026/04/21 18:23:04 Running command: mafft --auto --quiet pan_genome_sequences/group_17963.fa > pan_genome_sequences/group_17963.fa.aln
2026/04/21 18:22:43 Running command: mafft --auto --quiet pan_genome_sequences/dsdX.fa > pan_genome_sequences/dsdX.fa.aln
2026/04/21 18:22:48 Running command: mafft --auto --quiet pan_genome_sequences/apeB.fa > pan_genome_sequences/apeB.fa.aln
2026/04/21 18:23:06 Running command: mafft --auto --quiet pan_genome_sequences/yieH.fa > pan_genome_sequences/yieH.fa.aln
2026/04/21 18:23:02 Running command: mafft --auto --quiet pan_genome_sequences/group_5753.fa > pan_genome_sequences/group_5753.fa.aln
2026/04/21 18:23:09 Running command: mafft --auto --quiet pan_genome_sequences/mreD.fa > pan_genome_sequences/mreD.fa.aln
2026/04/21 18:23:13 Running command: mafft --auto --quiet pan_genome_sequences/group_4291.fa > pan_genome_sequences/group_4291.fa.aln
2026/04/21 18:23:01 Running command: mafft --auto --quiet pan_genome_sequences/murG.fa > pan_genome_sequences/murG.fa.aln
2026/04/21 18:23:13 Running command: mafft --auto --quiet pan_genome_sequences/rhtB_3.fa > pan_genome_sequences/rhtB_3.fa.aln
2026/04/21 18:23:19 Running command: mafft --auto --quiet pan_genome_sequences/group_5740.fa > pan_genome_sequences/group_5740.fa.aln
2026/04/21 18:23:12 Running command: mafft --auto --quiet pan_genome_sequences/motA.fa > pan_genome_sequences/motA.fa.aln
2026/04/21 18:23:22 Running command: mafft --auto --quiet pan_genome_sequences/lolB.fa > pan_genome_sequences/lolB.fa.aln
2026/04/21 18:23:02 Running command: mafft --auto --quiet pan_genome_sequences/pcaK_1.fa > pan_genome_sequences/pcaK_1.fa.aln
2026/04/21 18:23:18 Running command: mafft --auto --quiet pan_genome_sequences/group_4791.fa > pan_genome_sequences/group_4791.fa.aln
2026/04/21 18:23:14 Running command: mafft --auto --quiet pan_genome_sequences/mreB.fa > pan_genome_sequences/mreB.fa.aln
2026/04/21 18:23:06 Running command: mafft --auto --quiet pan_genome_sequences/group_5373.fa > pan_genome_sequences/group_5373.fa.aln
2026/04/21 18:23:28 Running command: mafft --auto --quiet pan_genome_sequences/group_18610.fa > pan_genome_sequences/group_18610.fa.aln
2026/04/21 18:23:13 Running command: mafft --auto --quiet pan_genome_sequences/group_5801.fa > pan_genome_sequences/group_5801.fa.aln
2026/04/21 18:23:33 Running command: mafft --auto --quiet pan_genome_sequences/group_3016.fa > pan_genome_sequences/group_3016.fa.aln
2026/04/21 18:23:30 Running command: mafft --auto --quiet pan_genome_sequences/group_5230.fa > pan_genome_sequences/group_5230.fa.aln
2026/04/21 18:23:29 Running command: mafft --auto --quiet pan_genome_sequences/napC.fa > pan_genome_sequences/napC.fa.aln
2026/04/21 18:23:22 Running command: mafft --auto --quiet pan_genome_sequences/btuF_1.fa > pan_genome_sequences/btuF_1.fa.aln
2026/04/21 18:22:54 Running command: mafft --auto --quiet pan_genome_sequences/entS_1.fa > pan_genome_sequences/entS_1.fa.aln
2026/04/21 18:23:33 Running command: mafft --auto --quiet pan_genome_sequences/group_5263.fa > pan_genome_sequences/group_5263.fa.aln
2026/04/21 18:23:35 Running command: mafft --auto --quiet pan_genome_sequences/aqpZ.fa > pan_genome_sequences/aqpZ.fa.aln
2026/04/21 18:23:36 Running command: mafft --auto --quiet pan_genome_sequences/group_4827.fa > pan_genome_sequences/group_4827.fa.aln
2026/04/21 18:23:38 Running command: mafft --auto --quiet pan_genome_sequences/czcR_3.fa > pan_genome_sequences/czcR_3.fa.aln
2026/04/21 18:23:34 Running command: mafft --auto --quiet pan_genome_sequences/group_17968.fa > pan_genome_sequences/group_17968.fa.aln
2026/04/21 18:23:35 Running command: mafft --auto --quiet pan_genome_sequences/rfbA.fa > pan_genome_sequences/rfbA.fa.aln
2026/04/21 18:23:35 Running command: mafft --auto --quiet pan_genome_sequences/group_3623.fa > pan_genome_sequences/group_3623.fa.aln
2026/04/21 18:23:36 Running command: mafft --auto --quiet pan_genome_sequences/fadH_2.fa > pan_genome_sequences/fadH_2.fa.aln
2026/04/21 18:23:46 Running command: mafft --auto --quiet pan_genome_sequences/group_4560.fa > pan_genome_sequences/group_4560.fa.aln
2026/04/21 18:23:45 Running command: mafft --auto --quiet pan_genome_sequences/group_5367.fa > pan_genome_sequences/group_5367.fa.aln
2026/04/21 18:23:46 Running command: mafft --auto --quiet pan_genome_sequences/group_17945.fa > pan_genome_sequences/group_17945.fa.aln
2026/04/21 18:23:48 Running command: mafft --auto --quiet pan_genome_sequences/cobI.fa > pan_genome_sequences/cobI.fa.aln
2026/04/21 18:23:42 Running command: mafft --auto --quiet pan_genome_sequences/group_4786.fa > pan_genome_sequences/group_4786.fa.aln
2026/04/21 18:23:56 Running command: mafft --auto --quiet pan_genome_sequences/group_4892.fa > pan_genome_sequences/group_4892.fa.aln
2026/04/21 18:23:48 Running command: mafft --auto --quiet pan_genome_sequences/ftsQ.fa > pan_genome_sequences/ftsQ.fa.aln
2026/04/21 18:23:43 Running command: mafft --auto --quiet pan_genome_sequences/group_5673.fa > pan_genome_sequences/group_5673.fa.aln
2026/04/21 18:23:46 Running command: mafft --auto --quiet pan_genome_sequences/group_715.fa > pan_genome_sequences/group_715.fa.aln
2026/04/21 18:23:48 Running command: mafft --auto --quiet pan_genome_sequences/pgk.fa > pan_genome_sequences/pgk.fa.aln
2026/04/21 18:23:28 Running command: mafft --auto --quiet pan_genome_sequences/damX.fa > pan_genome_sequences/damX.fa.aln
2026/04/21 18:23:59 Running command: mafft --auto --quiet pan_genome_sequences/dapA_3.fa > pan_genome_sequences/dapA_3.fa.aln
2026/04/21 18:24:07 Running command: mafft --auto --quiet pan_genome_sequences/orn.fa > pan_genome_sequences/orn.fa.aln
2026/04/21 18:23:47 Running command: mafft --auto --quiet pan_genome_sequences/oprD_1.fa > pan_genome_sequences/oprD_1.fa.aln
2026/04/21 18:24:05 Running command: mafft --auto --quiet pan_genome_sequences/cynR_1.fa > pan_genome_sequences/cynR_1.fa.aln
2026/04/21 18:24:05 Running command: mafft --auto --quiet pan_genome_sequences/oxyR_2.fa > pan_genome_sequences/oxyR_2.fa.aln
2026/04/21 18:23:57 Running command: mafft --auto --quiet pan_genome_sequences/purT.fa > pan_genome_sequences/purT.fa.aln
2026/04/21 18:24:11 Running command: mafft --auto --quiet pan_genome_sequences/phoU.fa > pan_genome_sequences/phoU.fa.aln
2026/04/21 18:24:18 Running command: mafft --auto --quiet pan_genome_sequences/walR_2.fa > pan_genome_sequences/walR_2.fa.aln
2026/04/21 18:24:17 Running command: mafft --auto --quiet pan_genome_sequences/hisA.fa > pan_genome_sequences/hisA.fa.aln
2026/04/21 18:24:08 Running command: mafft --auto --quiet pan_genome_sequences/algL.fa > pan_genome_sequences/algL.fa.aln
2026/04/21 18:24:11 Running command: mafft --auto --quiet pan_genome_sequences/dapD.fa > pan_genome_sequences/dapD.fa.aln
2026/04/21 18:24:16 Running command: mafft --auto --quiet pan_genome_sequences/dapA_1.fa > pan_genome_sequences/dapA_1.fa.aln
2026/04/21 18:24:12 Running command: mafft --auto --quiet pan_genome_sequences/rfaC.fa > pan_genome_sequences/rfaC.fa.aln
2026/04/21 18:24:27 Running command: mafft --auto --quiet pan_genome_sequences/group_1082.fa > pan_genome_sequences/group_1082.fa.aln
2026/04/21 18:24:19 Running command: mafft --auto --quiet pan_genome_sequences/corA.fa > pan_genome_sequences/corA.fa.aln
2026/04/21 18:24:26 Running command: mafft --auto --quiet pan_genome_sequences/argP_5.fa > pan_genome_sequences/argP_5.fa.aln
2026/04/21 18:23:59 Running command: mafft --auto --quiet pan_genome_sequences/maeA.fa > pan_genome_sequences/maeA.fa.aln
2026/04/21 18:24:25 Running command: mafft --auto --quiet pan_genome_sequences/rlpA_1.fa > pan_genome_sequences/rlpA_1.fa.aln
2026/04/21 18:24:38 Running command: mafft --auto --quiet pan_genome_sequences/group_5525.fa > pan_genome_sequences/group_5525.fa.aln
2026/04/21 18:24:25 Running command: mafft --auto --quiet pan_genome_sequences/rnd.fa > pan_genome_sequences/rnd.fa.aln
2026/04/21 18:24:34 Running command: mafft --auto --quiet pan_genome_sequences/cheR1.fa > pan_genome_sequences/cheR1.fa.aln
2026/04/21 18:24:42 Running command: mafft --auto --quiet pan_genome_sequences/group_4665.fa > pan_genome_sequences/group_4665.fa.aln
2026/04/21 18:24:40 Running command: mafft --auto --quiet pan_genome_sequences/cpdA_2.fa > pan_genome_sequences/cpdA_2.fa.aln
2026/04/21 18:24:26 Running command: mafft --auto --quiet pan_genome_sequences/group_3755.fa > pan_genome_sequences/group_3755.fa.aln
2026/04/21 18:24:43 Running command: mafft --auto --quiet pan_genome_sequences/recR.fa > pan_genome_sequences/recR.fa.aln
2026/04/21 18:24:48 Running command: mafft --auto --quiet pan_genome_sequences/group_3232.fa > pan_genome_sequences/group_3232.fa.aln
2026/04/21 18:24:29 Running command: mafft --auto --quiet pan_genome_sequences/tyrB.fa > pan_genome_sequences/tyrB.fa.aln
2026/04/21 18:24:46 Running command: mafft --auto --quiet pan_genome_sequences/blc.fa > pan_genome_sequences/blc.fa.aln
2026/04/21 18:24:49 Running command: mafft --auto --quiet pan_genome_sequences/dsrE.fa > pan_genome_sequences/dsrE.fa.aln
2026/04/21 18:24:44 Running command: mafft --auto --quiet pan_genome_sequences/group_4645.fa > pan_genome_sequences/group_4645.fa.aln
2026/04/21 18:24:49 Running command: mafft --auto --quiet pan_genome_sequences/cysT.fa > pan_genome_sequences/cysT.fa.aln
2026/04/21 18:24:51 Running command: mafft --auto --quiet pan_genome_sequences/group_6063.fa > pan_genome_sequences/group_6063.fa.aln
2026/04/21 18:24:51 Running command: mafft --auto --quiet pan_genome_sequences/metN_2.fa > pan_genome_sequences/metN_2.fa.aln
2026/04/21 18:24:39 Running command: mafft --auto --quiet pan_genome_sequences/group_17225.fa > pan_genome_sequences/group_17225.fa.aln
2026/04/21 18:24:49 Running command: mafft --auto --quiet pan_genome_sequences/group_5668.fa > pan_genome_sequences/group_5668.fa.aln
2026/04/21 18:25:04 Running command: mafft --auto --quiet pan_genome_sequences/benM_4.fa > pan_genome_sequences/benM_4.fa.aln
2026/04/21 18:25:05 Running command: mafft --auto --quiet pan_genome_sequences/group_4647.fa > pan_genome_sequences/group_4647.fa.aln
2026/04/21 18:25:12 Running command: mafft --auto --quiet pan_genome_sequences/ureG.fa > pan_genome_sequences/ureG.fa.aln
2026/04/21 18:25:16 Running command: mafft --auto --quiet pan_genome_sequences/ydgC.fa > pan_genome_sequences/ydgC.fa.aln
2026/04/21 18:24:53 Running command: mafft --auto --quiet pan_genome_sequences/mltF_3.fa > pan_genome_sequences/mltF_3.fa.aln
2026/04/21 18:24:59 Running command: mafft --auto --quiet pan_genome_sequences/proP_4.fa > pan_genome_sequences/proP_4.fa.aln
2026/04/21 18:24:33 Running command: mafft --auto --quiet pan_genome_sequences/dxs.fa > pan_genome_sequences/dxs.fa.aln
2026/04/21 18:25:14 Running command: mafft --auto --quiet pan_genome_sequences/ccoP1.fa > pan_genome_sequences/ccoP1.fa.aln
2026/04/21 18:24:49 Running command: mafft --auto --quiet pan_genome_sequences/sdhA.fa > pan_genome_sequences/sdhA.fa.aln
2026/04/21 18:25:17 Running command: mafft --auto --quiet pan_genome_sequences/ydhP_2.fa > pan_genome_sequences/ydhP_2.fa.aln
2026/04/21 18:25:24 Running command: mafft --auto --quiet pan_genome_sequences/cmoB.fa > pan_genome_sequences/cmoB.fa.aln
2026/04/21 18:25:16 Running command: mafft --auto --quiet pan_genome_sequences/dsdA.fa > pan_genome_sequences/dsdA.fa.aln
2026/04/21 18:25:36 Running command: mafft --auto --quiet pan_genome_sequences/gltJ_2.fa > pan_genome_sequences/gltJ_2.fa.aln
2026/04/21 18:25:42 Running command: mafft --auto --quiet pan_genome_sequences/group_18401.fa > pan_genome_sequences/group_18401.fa.aln
2026/04/21 18:25:44 Running command: mafft --auto --quiet pan_genome_sequences/group_17994.fa > pan_genome_sequences/group_17994.fa.aln
2026/04/21 18:25:43 Running command: mafft --auto --quiet pan_genome_sequences/yibN.fa > pan_genome_sequences/yibN.fa.aln
2026/04/21 18:25:46 Running command: mafft --auto --quiet pan_genome_sequences/yfcG_3.fa > pan_genome_sequences/yfcG_3.fa.aln
2026/04/21 18:25:52 Running command: mafft --auto --quiet pan_genome_sequences/group_17934.fa > pan_genome_sequences/group_17934.fa.aln
2026/04/21 18:25:23 Running command: mafft --auto --quiet pan_genome_sequences/pepA.fa > pan_genome_sequences/pepA.fa.aln
2026/04/21 18:25:33 Running command: mafft --auto --quiet pan_genome_sequences/flhF.fa > pan_genome_sequences/flhF.fa.aln
2026/04/21 18:25:46 Running command: mafft --auto --quiet pan_genome_sequences/osmX.fa > pan_genome_sequences/osmX.fa.aln
2026/04/21 18:25:54 Running command: mafft --auto --quiet pan_genome_sequences/group_1504.fa > pan_genome_sequences/group_1504.fa.aln
2026/04/21 18:25:54 Running command: mafft --auto --quiet pan_genome_sequences/group_18053.fa > pan_genome_sequences/group_18053.fa.aln
2026/04/21 18:25:57 Running command: mafft --auto --quiet pan_genome_sequences/group_5543.fa > pan_genome_sequences/group_5543.fa.aln
2026/04/21 18:25:19 Running command: mafft --auto --quiet pan_genome_sequences/lplT.fa > pan_genome_sequences/lplT.fa.aln
2026/04/21 18:25:22 Running command: mafft --auto --quiet pan_genome_sequences/fliF.fa > pan_genome_sequences/fliF.fa.aln
2026/04/21 18:26:07 Running command: mafft --auto --quiet pan_genome_sequences/aroK.fa > pan_genome_sequences/aroK.fa.aln
2026/04/21 18:25:27 Running command: mafft --auto --quiet pan_genome_sequences/accA1_2.fa > pan_genome_sequences/accA1_2.fa.aln
2026/04/21 18:26:11 Running command: mafft --auto --quiet pan_genome_sequences/gltC_3.fa > pan_genome_sequences/gltC_3.fa.aln
2026/04/21 18:26:22 Running command: mafft --auto --quiet pan_genome_sequences/group_5971.fa > pan_genome_sequences/group_5971.fa.aln
2026/04/21 18:26:01 Running command: mafft --auto --quiet pan_genome_sequences/oprP.fa > pan_genome_sequences/oprP.fa.aln
2026/04/21 18:26:25 Running command: mafft --auto --quiet pan_genome_sequences/group_6122.fa > pan_genome_sequences/group_6122.fa.aln
2026/04/21 18:26:25 Running command: mafft --auto --quiet pan_genome_sequences/hpt.fa > pan_genome_sequences/hpt.fa.aln
2026/04/21 18:25:58 Running command: mafft --auto --quiet pan_genome_sequences/purF.fa > pan_genome_sequences/purF.fa.aln
2026/04/21 18:26:28 Running command: mafft --auto --quiet pan_genome_sequences/group_17162.fa > pan_genome_sequences/group_17162.fa.aln
2026/04/21 18:26:08 Running command: mafft --auto --quiet pan_genome_sequences/argA.fa > pan_genome_sequences/argA.fa.aln
2026/04/21 18:26:22 Running command: mafft --auto --quiet pan_genome_sequences/yqjG.fa > pan_genome_sequences/yqjG.fa.aln
2026/04/21 18:26:34 Running command: mafft --auto --quiet pan_genome_sequences/xcpT_3.fa > pan_genome_sequences/xcpT_3.fa.aln
2026/04/21 18:26:30 Running command: mafft --auto --quiet pan_genome_sequences/group_18110.fa > pan_genome_sequences/group_18110.fa.aln
2026/04/21 18:26:31 Running command: mafft --auto --quiet pan_genome_sequences/group_4295.fa > pan_genome_sequences/group_4295.fa.aln
2026/04/21 18:26:38 Running command: mafft --auto --quiet pan_genome_sequences/flgC.fa > pan_genome_sequences/flgC.fa.aln
2026/04/21 18:26:03 Running command: mafft --auto --quiet pan_genome_sequences/group_5829.fa > pan_genome_sequences/group_5829.fa.aln
2026/04/21 18:26:42 Running command: mafft --auto --quiet pan_genome_sequences/group_3151.fa > pan_genome_sequences/group_3151.fa.aln
2026/04/21 18:26:41 Running command: mafft --auto --quiet pan_genome_sequences/speH.fa > pan_genome_sequences/speH.fa.aln
2026/04/21 18:26:35 Running command: mafft --auto --quiet pan_genome_sequences/thiD.fa > pan_genome_sequences/thiD.fa.aln
2026/04/21 18:25:37 Running command: mafft --auto --quiet pan_genome_sequences/aaeB_6.fa > pan_genome_sequences/aaeB_6.fa.aln
2026/04/21 18:26:45 Running command: mafft --auto --quiet pan_genome_sequences/group_3409.fa > pan_genome_sequences/group_3409.fa.aln
2026/04/21 18:26:45 Running command: mafft --auto --quiet pan_genome_sequences/group_2950.fa > pan_genome_sequences/group_2950.fa.aln
2026/04/21 18:26:37 Running command: mafft --auto --quiet pan_genome_sequences/ispB.fa > pan_genome_sequences/ispB.fa.aln
2026/04/21 18:26:44 Running command: mafft --auto --quiet pan_genome_sequences/fieF.fa > pan_genome_sequences/fieF.fa.aln
2026/04/21 18:26:33 Running command: mafft --auto --quiet pan_genome_sequences/codA.fa > pan_genome_sequences/codA.fa.aln
2026/04/21 18:26:47 Running command: mafft --auto --quiet pan_genome_sequences/lpxA.fa > pan_genome_sequences/lpxA.fa.aln
2026/04/21 18:26:38 Running command: mafft --auto --quiet pan_genome_sequences/argE_1.fa > pan_genome_sequences/argE_1.fa.aln
2026/04/21 18:26:58 Running command: mafft --auto --quiet pan_genome_sequences/group_17656.fa > pan_genome_sequences/group_17656.fa.aln
2026/04/21 18:26:56 Running command: mafft --auto --quiet pan_genome_sequences/bepR.fa > pan_genome_sequences/bepR.fa.aln
2026/04/21 18:27:00 Running command: mafft --auto --quiet pan_genome_sequences/dhfrIII.fa > pan_genome_sequences/dhfrIII.fa.aln
2026/04/21 18:27:02 Running command: mafft --auto --quiet pan_genome_sequences/group_3436.fa > pan_genome_sequences/group_3436.fa.aln
2026/04/21 18:26:56 Running command: mafft --auto --quiet pan_genome_sequences/dmlR_3.fa > pan_genome_sequences/dmlR_3.fa.aln
2026/04/21 18:26:47 Running command: mafft --auto --quiet pan_genome_sequences/nhaP.fa > pan_genome_sequences/nhaP.fa.aln
2026/04/21 18:27:07 Running command: mafft --auto --quiet pan_genome_sequences/group_5099.fa > pan_genome_sequences/group_5099.fa.aln
2026/04/21 18:26:46 Running command: mafft --auto --quiet pan_genome_sequences/nqrA.fa > pan_genome_sequences/nqrA.fa.aln
2026/04/21 18:26:56 Running command: mafft --auto --quiet pan_genome_sequences/pheA.fa > pan_genome_sequences/pheA.fa.aln
2026/04/21 18:27:10 Running command: mafft --auto --quiet pan_genome_sequences/group_18499.fa > pan_genome_sequences/group_18499.fa.aln
2026/04/21 18:27:09 Running command: mafft --auto --quiet pan_genome_sequences/mupP_1.fa > pan_genome_sequences/mupP_1.fa.aln
2026/04/21 18:26:09 Running command: mafft --auto --quiet pan_genome_sequences/rlmL_1.fa > pan_genome_sequences/rlmL_1.fa.aln
2026/04/21 18:27:14 Running command: mafft --auto --quiet pan_genome_sequences/yabJ_4.fa > pan_genome_sequences/yabJ_4.fa.aln
2026/04/21 18:27:15 Running command: mafft --auto --quiet pan_genome_sequences/pcm.fa > pan_genome_sequences/pcm.fa.aln
2026/04/21 18:27:10 Running command: mafft --auto --quiet pan_genome_sequences/gltC_2.fa > pan_genome_sequences/gltC_2.fa.aln
2026/04/21 18:27:14 Running command: mafft --auto --quiet pan_genome_sequences/nirQ.fa > pan_genome_sequences/nirQ.fa.aln
2026/04/21 18:27:04 Running command: mafft --auto --quiet pan_genome_sequences/ipuC.fa > pan_genome_sequences/ipuC.fa.aln
2026/04/21 18:27:12 Running command: mafft --auto --quiet pan_genome_sequences/entS_3.fa > pan_genome_sequences/entS_3.fa.aln
2026/04/21 18:27:22 Running command: mafft --auto --quiet pan_genome_sequences/ribF.fa > pan_genome_sequences/ribF.fa.aln
2026/04/21 18:27:17 Running command: mafft --auto --quiet pan_genome_sequences/alaA.fa > pan_genome_sequences/alaA.fa.aln
2026/04/21 18:27:32 Running command: mafft --auto --quiet pan_genome_sequences/group_3029.fa > pan_genome_sequences/group_3029.fa.aln
2026/04/21 18:26:50 Running command: mafft --auto --quiet pan_genome_sequences/narX.fa > pan_genome_sequences/narX.fa.aln
2026/04/21 18:27:39 Running command: mafft --auto --quiet pan_genome_sequences/group_5471.fa > pan_genome_sequences/group_5471.fa.aln
2026/04/21 18:27:41 Running command: mafft --auto --quiet pan_genome_sequences/group_18147.fa > pan_genome_sequences/group_18147.fa.aln
2026/04/21 18:27:22 Running command: mafft --auto --quiet pan_genome_sequences/puuA_1.fa > pan_genome_sequences/puuA_1.fa.aln
2026/04/21 18:27:37 Running command: mafft --auto --quiet pan_genome_sequences/yadG.fa > pan_genome_sequences/yadG.fa.aln
2026/04/21 18:27:30 Running command: mafft --auto --quiet pan_genome_sequences/nasA.fa > pan_genome_sequences/nasA.fa.aln
2026/04/21 18:27:35 Running command: mafft --auto --quiet pan_genome_sequences/group_18443.fa > pan_genome_sequences/group_18443.fa.aln
2026/04/21 18:27:50 Running command: mafft --auto --quiet pan_genome_sequences/group_3223.fa > pan_genome_sequences/group_3223.fa.aln
2026/04/21 18:27:23 Running command: mafft --auto --quiet pan_genome_sequences/algG.fa > pan_genome_sequences/algG.fa.aln
2026/04/21 18:27:51 Running command: mafft --auto --quiet pan_genome_sequences/kynA.fa > pan_genome_sequences/kynA.fa.aln
2026/04/21 18:27:52 Running command: mafft --auto --quiet pan_genome_sequences/dmlR_9.fa > pan_genome_sequences/dmlR_9.fa.aln
2026/04/21 18:27:38 Running command: mafft --auto --quiet pan_genome_sequences/ppnN.fa > pan_genome_sequences/ppnN.fa.aln
2026/04/21 18:27:47 Running command: mafft --auto --quiet pan_genome_sequences/ycaD_3.fa > pan_genome_sequences/ycaD_3.fa.aln
2026/04/21 18:28:05 Running command: mafft --auto --quiet pan_genome_sequences/group_5742.fa > pan_genome_sequences/group_5742.fa.aln
2026/04/21 18:27:43 Running command: mafft --auto --quiet pan_genome_sequences/ndh.fa > pan_genome_sequences/ndh.fa.aln
2026/04/21 18:27:51 Running command: mafft --auto --quiet pan_genome_sequences/prfA.fa > pan_genome_sequences/prfA.fa.aln
2026/04/21 18:28:00 Running command: mafft --auto --quiet pan_genome_sequences/osmY_1.fa > pan_genome_sequences/osmY_1.fa.aln
2026/04/21 18:28:08 Running command: mafft --auto --quiet pan_genome_sequences/group_17593.fa > pan_genome_sequences/group_17593.fa.aln
2026/04/21 18:28:02 Running command: mafft --auto --quiet pan_genome_sequences/group_4785.fa > pan_genome_sequences/group_4785.fa.aln
2026/04/21 18:28:06 Running command: mafft --auto --quiet pan_genome_sequences/bvgA_1.fa > pan_genome_sequences/bvgA_1.fa.aln
2026/04/21 18:28:06 Running command: mafft --auto --quiet pan_genome_sequences/cdsA.fa > pan_genome_sequences/cdsA.fa.aln
2026/04/21 18:28:13 Running command: mafft --auto --quiet pan_genome_sequences/eco.fa > pan_genome_sequences/eco.fa.aln
2026/04/21 18:28:08 Running command: mafft --auto --quiet pan_genome_sequences/phnE_3.fa > pan_genome_sequences/phnE_3.fa.aln
2026/04/21 18:28:10 Running command: mafft --auto --quiet pan_genome_sequences/group_2337.fa > pan_genome_sequences/group_2337.fa.aln
2026/04/21 18:28:09 Running command: mafft --auto --quiet pan_genome_sequences/trpD_1.fa > pan_genome_sequences/trpD_1.fa.aln
2026/04/21 18:28:25 Running command: mafft --auto --quiet pan_genome_sequences/group_3288.fa > pan_genome_sequences/group_3288.fa.aln
2026/04/21 18:28:16 Running command: mafft --auto --quiet pan_genome_sequences/gcvA_7.fa > pan_genome_sequences/gcvA_7.fa.aln
2026/04/21 18:28:16 Running command: mafft --auto --quiet pan_genome_sequences/group_5427.fa > pan_genome_sequences/group_5427.fa.aln
2026/04/21 18:28:20 Running command: mafft --auto --quiet pan_genome_sequences/scpA.fa > pan_genome_sequences/scpA.fa.aln
2026/04/21 18:28:18 Running command: mafft --auto --quiet pan_genome_sequences/ftsX.fa > pan_genome_sequences/ftsX.fa.aln
2026/04/21 18:28:32 Running command: mafft --auto --quiet pan_genome_sequences/nicR.fa > pan_genome_sequences/nicR.fa.aln
2026/04/21 18:28:04 Running command: mafft --auto --quiet pan_genome_sequences/group_687.fa > pan_genome_sequences/group_687.fa.aln
2026/04/21 18:28:27 Running command: mafft --auto --quiet pan_genome_sequences/paaF_5.fa > pan_genome_sequences/paaF_5.fa.aln
2026/04/21 18:28:30 Running command: mafft --auto --quiet pan_genome_sequences/group_4855.fa > pan_genome_sequences/group_4855.fa.aln
2026/04/21 18:28:35 Running command: mafft --auto --quiet pan_genome_sequences/truB.fa > pan_genome_sequences/truB.fa.aln
2026/04/21 18:27:13 Running command: mafft --auto --quiet pan_genome_sequences/glmM_2.fa > pan_genome_sequences/glmM_2.fa.aln
2026/04/21 18:28:29 Running command: mafft --auto --quiet pan_genome_sequences/group_4899.fa > pan_genome_sequences/group_4899.fa.aln
2026/04/21 18:28:56 Running command: mafft --auto --quiet pan_genome_sequences/group_3380.fa > pan_genome_sequences/group_3380.fa.aln
2026/04/21 18:28:35 Running command: mafft --auto --quiet pan_genome_sequences/atpD.fa > pan_genome_sequences/atpD.fa.aln
2026/04/21 18:28:58 Running command: mafft --auto --quiet pan_genome_sequences/group_17478.fa > pan_genome_sequences/group_17478.fa.aln
2026/04/21 18:28:51 Running command: mafft --auto --quiet pan_genome_sequences/potB_1.fa > pan_genome_sequences/potB_1.fa.aln
2026/04/21 18:28:36 Running command: mafft --auto --quiet pan_genome_sequences/eutB.fa > pan_genome_sequences/eutB.fa.aln
2026/04/21 18:28:45 Running command: mafft --auto --quiet pan_genome_sequences/mftC.fa > pan_genome_sequences/mftC.fa.aln
2026/04/21 18:28:47 Running command: mafft --auto --quiet pan_genome_sequences/ispG.fa > pan_genome_sequences/ispG.fa.aln
2026/04/21 18:29:03 Running command: mafft --auto --quiet pan_genome_sequences/group_3205.fa > pan_genome_sequences/group_3205.fa.aln
2026/04/21 18:29:04 Running command: mafft --auto --quiet pan_genome_sequences/yqeY.fa > pan_genome_sequences/yqeY.fa.aln
2026/04/21 18:29:04 Running command: mafft --auto --quiet pan_genome_sequences/leuD1.fa > pan_genome_sequences/leuD1.fa.aln
2026/04/21 18:29:05 Running command: mafft --auto --quiet pan_genome_sequences/bluB.fa > pan_genome_sequences/bluB.fa.aln
2026/04/21 18:29:06 Running command: mafft --auto --quiet pan_genome_sequences/cobH.fa > pan_genome_sequences/cobH.fa.aln
2026/04/21 18:29:07 Running command: mafft --auto --quiet pan_genome_sequences/group_3542.fa > pan_genome_sequences/group_3542.fa.aln
2026/04/21 18:29:01 Running command: mafft --auto --quiet pan_genome_sequences/group_18300.fa > pan_genome_sequences/group_18300.fa.aln
2026/04/21 18:29:10 Running command: mafft --auto --quiet pan_genome_sequences/group_18345.fa > pan_genome_sequences/group_18345.fa.aln
2026/04/21 18:29:11 Running command: mafft --auto --quiet pan_genome_sequences/pqsC.fa > pan_genome_sequences/pqsC.fa.aln
2026/04/21 18:29:27 Running command: mafft --auto --quiet pan_genome_sequences/group_3539.fa > pan_genome_sequences/group_3539.fa.aln
2026/04/21 18:29:30 Running command: mafft --auto --quiet pan_genome_sequences/fecI_3.fa > pan_genome_sequences/fecI_3.fa.aln
2026/04/21 18:29:11 Running command: mafft --auto --quiet pan_genome_sequences/glpT_1.fa > pan_genome_sequences/glpT_1.fa.aln
2026/04/21 18:29:35 Running command: mafft --auto --quiet pan_genome_sequences/group_18293.fa > pan_genome_sequences/group_18293.fa.aln
2026/04/21 18:29:13 Running command: mafft --auto --quiet pan_genome_sequences/dctA.fa > pan_genome_sequences/dctA.fa.aln
2026/04/21 18:29:01 Running command: mafft --auto --quiet pan_genome_sequences/recN.fa > pan_genome_sequences/recN.fa.aln
2026/04/21 18:29:38 Running command: mafft --auto --quiet pan_genome_sequences/sixA.fa > pan_genome_sequences/sixA.fa.aln
2026/04/21 18:29:40 Running command: mafft --auto --quiet pan_genome_sequences/tolR.fa > pan_genome_sequences/tolR.fa.aln
2026/04/21 18:29:38 Running command: mafft --auto --quiet pan_genome_sequences/group_4959.fa > pan_genome_sequences/group_4959.fa.aln
2026/04/21 18:29:41 Running command: mafft --auto --quiet pan_genome_sequences/thiE_1.fa > pan_genome_sequences/thiE_1.fa.aln
2026/04/21 18:29:46 Running command: mafft --auto --quiet pan_genome_sequences/ybaN.fa > pan_genome_sequences/ybaN.fa.aln
2026/04/21 18:29:39 Running command: mafft --auto --quiet pan_genome_sequences/cysW.fa > pan_genome_sequences/cysW.fa.aln
2026/04/21 18:29:18 Running command: mafft --auto --quiet pan_genome_sequences/group_5361.fa > pan_genome_sequences/group_5361.fa.aln
2026/04/21 18:29:50 Running command: mafft --auto --quiet pan_genome_sequences/group_17101.fa > pan_genome_sequences/group_17101.fa.aln
2026/04/21 18:28:08 Running command: mafft --auto --quiet pan_genome_sequences/polA.fa > pan_genome_sequences/polA.fa.aln
2026/04/21 18:29:49 Running command: mafft --auto --quiet pan_genome_sequences/prmC_3.fa > pan_genome_sequences/prmC_3.fa.aln
2026/04/21 18:29:51 Running command: mafft --auto --quiet pan_genome_sequences/lpxH_1.fa > pan_genome_sequences/lpxH_1.fa.aln
2026/04/21 18:29:44 Running command: mafft --auto --quiet pan_genome_sequences/ybdL.fa > pan_genome_sequences/ybdL.fa.aln
2026/04/21 18:29:59 Running command: mafft --auto --quiet pan_genome_sequences/infC.fa > pan_genome_sequences/infC.fa.aln
2026/04/21 18:29:53 Running command: mafft --auto --quiet pan_genome_sequences/melD.fa > pan_genome_sequences/melD.fa.aln
2026/04/21 18:29:47 Running command: mafft --auto --quiet pan_genome_sequences/mmgC_5.fa > pan_genome_sequences/mmgC_5.fa.aln
2026/04/21 18:30:06 Running command: mafft --auto --quiet pan_genome_sequences/group_2205.fa > pan_genome_sequences/group_2205.fa.aln
2026/04/21 18:30:02 Running command: mafft --auto --quiet pan_genome_sequences/group_5460.fa > pan_genome_sequences/group_5460.fa.aln
2026/04/21 18:30:10 Running command: mafft --auto --quiet pan_genome_sequences/yciH.fa > pan_genome_sequences/yciH.fa.aln
2026/04/21 18:30:06 Running command: mafft --auto --quiet pan_genome_sequences/phoB.fa > pan_genome_sequences/phoB.fa.aln
2026/04/21 18:30:12 Running command: mafft --auto --quiet pan_genome_sequences/group_17755.fa > pan_genome_sequences/group_17755.fa.aln
2026/04/21 18:30:03 Running command: mafft --auto --quiet pan_genome_sequences/spuD_1.fa > pan_genome_sequences/spuD_1.fa.aln
2026/04/21 18:30:20 Running command: mafft --auto --quiet pan_genome_sequences/mneA.fa > pan_genome_sequences/mneA.fa.aln
2026/04/21 18:28:32 Running command: mafft --auto --quiet pan_genome_sequences/ileS.fa > pan_genome_sequences/ileS.fa.aln
2026/04/21 18:29:49 Running command: mafft --auto --quiet pan_genome_sequences/group_17942.fa > pan_genome_sequences/group_17942.fa.aln
2026/04/21 18:30:18 Running command: mafft --auto --quiet pan_genome_sequences/sdhB.fa > pan_genome_sequences/sdhB.fa.aln
2026/04/21 18:30:13 Running command: mafft --auto --quiet pan_genome_sequences/cdhR_4.fa > pan_genome_sequences/cdhR_4.fa.aln
2026/04/21 18:30:26 Running command: mafft --auto --quiet pan_genome_sequences/rnhB.fa > pan_genome_sequences/rnhB.fa.aln
2026/04/21 18:30:27 Running command: mafft --auto --quiet pan_genome_sequences/rluA.fa > pan_genome_sequences/rluA.fa.aln
2026/04/21 18:30:00 Running command: mafft --auto --quiet pan_genome_sequences/group_5622.fa > pan_genome_sequences/group_5622.fa.aln
2026/04/21 18:30:32 Running command: mafft --auto --quiet pan_genome_sequences/group_17438.fa > pan_genome_sequences/group_17438.fa.aln
2026/04/21 18:30:38 Running command: mafft --auto --quiet pan_genome_sequences/group_18468.fa > pan_genome_sequences/group_18468.fa.aln
2026/04/21 18:30:25 Running command: mafft --auto --quiet pan_genome_sequences/mgtA_2.fa > pan_genome_sequences/mgtA_2.fa.aln
2026/04/21 18:30:13 Running command: mafft --auto --quiet pan_genome_sequences/pyrG_1.fa > pan_genome_sequences/pyrG_1.fa.aln
2026/04/21 18:30:40 Running command: mafft --auto --quiet pan_genome_sequences/group_5830.fa > pan_genome_sequences/group_5830.fa.aln
2026/04/21 18:30:51 Running command: mafft --auto --quiet pan_genome_sequences/yabJ_2.fa > pan_genome_sequences/yabJ_2.fa.aln
2026/04/21 18:30:26 Running command: mafft --auto --quiet pan_genome_sequences/puuA_4.fa > pan_genome_sequences/puuA_4.fa.aln
2026/04/21 18:30:53 Running command: mafft --auto --quiet pan_genome_sequences/group_17054.fa > pan_genome_sequences/group_17054.fa.aln
2026/04/21 18:30:50 Running command: mafft --auto --quiet pan_genome_sequences/pyrR.fa > pan_genome_sequences/pyrR.fa.aln
2026/04/21 18:30:46 Running command: mafft --auto --quiet pan_genome_sequences/yciK.fa > pan_genome_sequences/yciK.fa.aln
2026/04/21 18:29:12 Running command: mafft --auto --quiet pan_genome_sequences/group_6119.fa > pan_genome_sequences/group_6119.fa.aln
2026/04/21 18:30:33 Running command: mafft --auto --quiet pan_genome_sequences/group_4393.fa > pan_genome_sequences/group_4393.fa.aln
2026/04/21 18:30:54 Running command: mafft --auto --quiet pan_genome_sequences/group_18496.fa > pan_genome_sequences/group_18496.fa.aln
2026/04/21 18:30:27 Running command: mafft --auto --quiet pan_genome_sequences/leuA.fa > pan_genome_sequences/leuA.fa.aln
2026/04/21 18:30:55 Running command: mafft --auto --quiet pan_genome_sequences/gbpR_1.fa > pan_genome_sequences/gbpR_1.fa.aln
2026/04/21 18:31:06 Running command: mafft --auto --quiet pan_genome_sequences/group_5663.fa > pan_genome_sequences/group_5663.fa.aln
2026/04/21 18:31:07 Running command: mafft --auto --quiet pan_genome_sequences/group_3566.fa > pan_genome_sequences/group_3566.fa.aln
2026/04/21 18:31:14 Running command: mafft --auto --quiet pan_genome_sequences/trxA.fa > pan_genome_sequences/trxA.fa.aln
2026/04/21 18:31:05 Running command: mafft --auto --quiet pan_genome_sequences/group_2538.fa > pan_genome_sequences/group_2538.fa.aln
2026/04/21 18:31:16 Running command: mafft --auto --quiet pan_genome_sequences/lptE.fa > pan_genome_sequences/lptE.fa.aln
2026/04/21 18:31:09 Running command: mafft --auto --quiet pan_genome_sequences/dusA.fa > pan_genome_sequences/dusA.fa.aln
2026/04/21 18:30:58 Running command: mafft --auto --quiet pan_genome_sequences/soxB.fa > pan_genome_sequences/soxB.fa.aln
2026/04/21 18:31:28 Running command: mafft --auto --quiet pan_genome_sequences/yqjD_2.fa > pan_genome_sequences/yqjD_2.fa.aln
2026/04/21 18:31:17 Running command: mafft --auto --quiet pan_genome_sequences/dusC.fa > pan_genome_sequences/dusC.fa.aln
2026/04/21 18:31:30 Running command: mafft --auto --quiet pan_genome_sequences/group_18299.fa > pan_genome_sequences/group_18299.fa.aln
2026/04/21 18:30:54 Running command: mafft --auto --quiet pan_genome_sequences/group_5539.fa > pan_genome_sequences/group_5539.fa.aln
2026/04/21 18:31:30 Running command: mafft --auto --quiet pan_genome_sequences/group_4870.fa > pan_genome_sequences/group_4870.fa.aln
2026/04/21 18:31:24 Running command: mafft --auto --quiet pan_genome_sequences/arcA_2.fa > pan_genome_sequences/arcA_2.fa.aln
2026/04/21 18:30:37 Running command: mafft --auto --quiet pan_genome_sequences/cadA_1.fa > pan_genome_sequences/cadA_1.fa.aln
2026/04/21 18:31:47 Running command: mafft --auto --quiet pan_genome_sequences/mepS.fa > pan_genome_sequences/mepS.fa.aln
2026/04/21 18:31:22 Running command: mafft --auto --quiet pan_genome_sequences/norR2.fa > pan_genome_sequences/norR2.fa.aln
2026/04/21 18:31:46 Running command: mafft --auto --quiet pan_genome_sequences/yedA.fa > pan_genome_sequences/yedA.fa.aln
2026/04/21 18:31:58 Running command: mafft --auto --quiet pan_genome_sequences/group_17233.fa > pan_genome_sequences/group_17233.fa.aln
2026/04/21 18:31:52 Running command: mafft --auto --quiet pan_genome_sequences/group_17116.fa > pan_genome_sequences/group_17116.fa.aln
2026/04/21 18:30:53 Running command: mafft --auto --quiet pan_genome_sequences/parC.fa > pan_genome_sequences/parC.fa.aln
2026/04/21 18:31:49 Running command: mafft --auto --quiet pan_genome_sequences/mmgC_7.fa > pan_genome_sequences/mmgC_7.fa.aln
2026/04/21 18:31:56 Running command: mafft --auto --quiet pan_genome_sequences/group_4462.fa > pan_genome_sequences/group_4462.fa.aln
2026/04/21 18:31:42 Running command: mafft --auto --quiet pan_genome_sequences/rpoN.fa > pan_genome_sequences/rpoN.fa.aln
2026/04/21 18:32:01 Running command: mafft --auto --quiet pan_genome_sequences/group_2647.fa > pan_genome_sequences/group_2647.fa.aln
2026/04/21 18:32:07 Running command: mafft --auto --quiet pan_genome_sequences/outO.fa > pan_genome_sequences/outO.fa.aln
2026/04/21 18:32:18 Running command: mafft --auto --quiet pan_genome_sequences/group_3435.fa > pan_genome_sequences/group_3435.fa.aln
2026/04/21 18:32:18 Running command: mafft --auto --quiet pan_genome_sequences/group_5425.fa > pan_genome_sequences/group_5425.fa.aln
2026/04/21 18:32:07 Running command: mafft --auto --quiet pan_genome_sequences/speE_3.fa > pan_genome_sequences/speE_3.fa.aln
2026/04/21 18:32:22 Running command: mafft --auto --quiet pan_genome_sequences/kdsD.fa > pan_genome_sequences/kdsD.fa.aln
2026/04/21 18:32:13 Running command: mafft --auto --quiet pan_genome_sequences/hemL_1.fa > pan_genome_sequences/hemL_1.fa.aln
2026/04/21 18:32:02 Running command: mafft --auto --quiet pan_genome_sequences/ftsI.fa > pan_genome_sequences/ftsI.fa.aln
2026/04/21 18:32:45 Running command: mafft --auto --quiet pan_genome_sequences/marR.fa > pan_genome_sequences/marR.fa.aln
2026/04/21 18:30:54 Running command: mafft --auto --quiet pan_genome_sequences/group_4669.fa > pan_genome_sequences/group_4669.fa.aln
2026/04/21 18:32:49 Running command: mafft --auto --quiet pan_genome_sequences/rlmH.fa > pan_genome_sequences/rlmH.fa.aln
2026/04/21 18:32:21 Running command: mafft --auto --quiet pan_genome_sequences/group_4369.fa > pan_genome_sequences/group_4369.fa.aln
2026/04/21 18:32:36 Running command: mafft --auto --quiet pan_genome_sequences/argJ.fa > pan_genome_sequences/argJ.fa.aln
2026/04/21 18:31:36 Running command: mafft --auto --quiet pan_genome_sequences/ftsK.fa > pan_genome_sequences/ftsK.fa.aln
2026/04/21 18:32:52 Running command: mafft --auto --quiet pan_genome_sequences/pyrF.fa > pan_genome_sequences/pyrF.fa.aln
2026/04/21 18:32:59 Running command: mafft --auto --quiet pan_genome_sequences/group_5676.fa > pan_genome_sequences/group_5676.fa.aln
2026/04/21 18:32:58 Running command: mafft --auto --quiet pan_genome_sequences/ctaG.fa > pan_genome_sequences/ctaG.fa.aln
2026/04/21 18:32:57 Running command: mafft --auto --quiet pan_genome_sequences/nudF.fa > pan_genome_sequences/nudF.fa.aln
2026/04/21 18:33:03 Running command: mafft --auto --quiet pan_genome_sequences/mrpG.fa > pan_genome_sequences/mrpG.fa.aln
2026/04/21 18:33:03 Running command: mafft --auto --quiet pan_genome_sequences/walR_1.fa > pan_genome_sequences/walR_1.fa.aln
2026/04/21 18:32:55 Running command: mafft --auto --quiet pan_genome_sequences/mtnA.fa > pan_genome_sequences/mtnA.fa.aln
2026/04/21 18:33:04 Running command: mafft --auto --quiet pan_genome_sequences/mscS_1.fa > pan_genome_sequences/mscS_1.fa.aln
2026/04/21 18:33:12 Running command: mafft --auto --quiet pan_genome_sequences/hisG.fa > pan_genome_sequences/hisG.fa.aln
2026/04/21 18:33:06 Running command: mafft --auto --quiet pan_genome_sequences/pdhB.fa > pan_genome_sequences/pdhB.fa.aln
2026/04/21 18:32:06 Running command: mafft --auto --quiet pan_genome_sequences/group_5935.fa > pan_genome_sequences/group_5935.fa.aln
2026/04/21 18:32:35 Running command: mafft --auto --quiet pan_genome_sequences/glmS_2.fa > pan_genome_sequences/glmS_2.fa.aln
2026/04/21 18:32:50 Running command: mafft --auto --quiet pan_genome_sequences/group_5465.fa > pan_genome_sequences/group_5465.fa.aln
2026/04/21 18:32:26 Running command: mafft --auto --quiet pan_genome_sequences/btuB_2.fa > pan_genome_sequences/btuB_2.fa.aln
2026/04/21 18:33:18 Running command: mafft --auto --quiet pan_genome_sequences/phnJ.fa > pan_genome_sequences/phnJ.fa.aln
2026/04/21 18:33:20 Running command: mafft --auto --quiet pan_genome_sequences/yjjV.fa > pan_genome_sequences/yjjV.fa.aln
2026/04/21 18:33:14 Running command: mafft --auto --quiet pan_genome_sequences/group_17347.fa > pan_genome_sequences/group_17347.fa.aln
2026/04/21 18:33:30 Running command: mafft --auto --quiet pan_genome_sequences/group_3771.fa > pan_genome_sequences/group_3771.fa.aln
2026/04/21 18:33:21 Running command: mafft --auto --quiet pan_genome_sequences/group_5106.fa > pan_genome_sequences/group_5106.fa.aln
2026/04/21 18:33:29 Running command: mafft --auto --quiet pan_genome_sequences/toxR.fa > pan_genome_sequences/toxR.fa.aln
2026/04/21 18:33:33 Running command: mafft --auto --quiet pan_genome_sequences/fdnG.fa > pan_genome_sequences/fdnG.fa.aln
2026/04/21 18:33:33 Running command: mafft --auto --quiet pan_genome_sequences/qseB_3.fa > pan_genome_sequences/qseB_3.fa.aln
2026/04/21 18:33:30 Running command: mafft --auto --quiet pan_genome_sequences/rutD_2.fa > pan_genome_sequences/rutD_2.fa.aln
2026/04/21 18:33:39 Running command: mafft --auto --quiet pan_genome_sequences/group_4842.fa > pan_genome_sequences/group_4842.fa.aln
2026/04/21 18:33:38 Running command: mafft --auto --quiet pan_genome_sequences/group_18435.fa > pan_genome_sequences/group_18435.fa.aln
2026/04/21 18:33:43 Running command: mafft --auto --quiet pan_genome_sequences/cyoD.fa > pan_genome_sequences/cyoD.fa.aln
2026/04/21 18:33:30 Running command: mafft --auto --quiet pan_genome_sequences/pncB2_2.fa > pan_genome_sequences/pncB2_2.fa.aln
2026/04/21 18:33:50 Running command: mafft --auto --quiet pan_genome_sequences/pucM.fa > pan_genome_sequences/pucM.fa.aln
2026/04/21 18:33:40 Running command: mafft --auto --quiet pan_genome_sequences/cyoA.fa > pan_genome_sequences/cyoA.fa.aln
2026/04/21 18:33:23 Running command: mafft --auto --quiet pan_genome_sequences/group_3399.fa > pan_genome_sequences/group_3399.fa.aln
2026/04/21 18:33:46 Running command: mafft --auto --quiet pan_genome_sequences/qorA_2.fa > pan_genome_sequences/qorA_2.fa.aln
2026/04/21 18:33:05 Running command: mafft --auto --quiet pan_genome_sequences/mcpQ_1.fa > pan_genome_sequences/mcpQ_1.fa.aln
2026/04/21 18:33:52 Running command: mafft --auto --quiet pan_genome_sequences/group_18280.fa > pan_genome_sequences/group_18280.fa.aln
2026/04/21 18:33:54 Running command: mafft --auto --quiet pan_genome_sequences/ycbX.fa > pan_genome_sequences/ycbX.fa.aln
2026/04/21 18:33:28 Running command: mafft --auto --quiet pan_genome_sequences/group_18067.fa > pan_genome_sequences/group_18067.fa.aln
2026/04/21 18:34:00 Running command: mafft --auto --quiet pan_genome_sequences/bpt.fa > pan_genome_sequences/bpt.fa.aln
2026/04/21 18:33:54 Running command: mafft --auto --quiet pan_genome_sequences/holA.fa > pan_genome_sequences/holA.fa.aln
2026/04/21 18:34:10 Running command: mafft --auto --quiet pan_genome_sequences/group_4331.fa > pan_genome_sequences/group_4331.fa.aln
2026/04/21 18:33:43 Running command: mafft --auto --quiet pan_genome_sequences/oprM_1.fa > pan_genome_sequences/oprM_1.fa.aln
2026/04/21 18:34:08 Running command: mafft --auto --quiet pan_genome_sequences/group_5103.fa > pan_genome_sequences/group_5103.fa.aln
2026/04/21 18:34:04 Running command: mafft --auto --quiet pan_genome_sequences/aroB.fa > pan_genome_sequences/aroB.fa.aln
2026/04/21 18:34:13 Running command: mafft --auto --quiet pan_genome_sequences/surA_2.fa > pan_genome_sequences/surA_2.fa.aln
2026/04/21 18:34:03 Running command: mafft --auto --quiet pan_genome_sequences/btuD_4.fa > pan_genome_sequences/btuD_4.fa.aln
2026/04/21 18:34:18 Running command: mafft --auto --quiet pan_genome_sequences/uvrY.fa > pan_genome_sequences/uvrY.fa.aln
2026/04/21 18:34:22 Running command: mafft --auto --quiet pan_genome_sequences/group_4450.fa > pan_genome_sequences/group_4450.fa.aln
2026/04/21 18:34:23 Running command: mafft --auto --quiet pan_genome_sequences/acrB_2.fa > pan_genome_sequences/acrB_2.fa.aln
2026/04/21 18:34:02 Running command: mafft --auto --quiet pan_genome_sequences/group_3800.fa > pan_genome_sequences/group_3800.fa.aln
2026/04/21 18:34:24 Running command: mafft --auto --quiet pan_genome_sequences/group_17503.fa > pan_genome_sequences/group_17503.fa.aln
2026/04/21 18:34:26 Running command: mafft --auto --quiet pan_genome_sequences/greB.fa > pan_genome_sequences/greB.fa.aln
2026/04/21 18:34:27 Running command: mafft --auto --quiet pan_genome_sequences/group_4692.fa > pan_genome_sequences/group_4692.fa.aln
2026/04/21 18:34:23 Running command: mafft --auto --quiet pan_genome_sequences/ispE.fa > pan_genome_sequences/ispE.fa.aln
2026/04/21 18:34:31 Running command: mafft --auto --quiet pan_genome_sequences/mdtB_2.fa > pan_genome_sequences/mdtB_2.fa.aln
2026/04/21 18:34:30 Running command: mafft --auto --quiet pan_genome_sequences/group_5664.fa > pan_genome_sequences/group_5664.fa.aln
2026/04/21 18:34:08 Running command: mafft --auto --quiet pan_genome_sequences/prsE_1.fa > pan_genome_sequences/prsE_1.fa.aln
2026/04/21 18:34:34 Running command: mafft --auto --quiet pan_genome_sequences/group_17139.fa > pan_genome_sequences/group_17139.fa.aln
2026/04/21 18:33:38 Running command: mafft --auto --quiet pan_genome_sequences/metG.fa > pan_genome_sequences/metG.fa.aln
2026/04/21 18:34:33 Running command: mafft --auto --quiet pan_genome_sequences/group_5102.fa > pan_genome_sequences/group_5102.fa.aln
2026/04/21 18:34:34 Running command: mafft --auto --quiet pan_genome_sequences/trmJ.fa > pan_genome_sequences/trmJ.fa.aln
2026/04/21 18:34:13 Running command: mafft --auto --quiet pan_genome_sequences/arcD.fa > pan_genome_sequences/arcD.fa.aln
2026/04/21 18:34:43 Running command: mafft --auto --quiet pan_genome_sequences/group_5765.fa > pan_genome_sequences/group_5765.fa.aln
2026/04/21 18:34:34 Running command: mafft --auto --quiet pan_genome_sequences/cdhR_2.fa > pan_genome_sequences/cdhR_2.fa.aln
2026/04/21 18:34:42 Running command: mafft --auto --quiet pan_genome_sequences/group_6083.fa > pan_genome_sequences/group_6083.fa.aln
2026/04/21 18:34:37 Running command: mafft --auto --quiet pan_genome_sequences/group_2960.fa > pan_genome_sequences/group_2960.fa.aln
2026/04/21 18:34:27 Running command: mafft --auto --quiet pan_genome_sequences/hemL_2.fa > pan_genome_sequences/hemL_2.fa.aln
2026/04/21 18:34:54 Running command: mafft --auto --quiet pan_genome_sequences/rplU.fa > pan_genome_sequences/rplU.fa.aln
2026/04/21 18:34:38 Running command: mafft --auto --quiet pan_genome_sequences/rlmG.fa > pan_genome_sequences/rlmG.fa.aln
2026/04/21 18:34:25 Running command: mafft --auto --quiet pan_genome_sequences/murE.fa > pan_genome_sequences/murE.fa.aln
2026/04/21 18:34:47 Running command: mafft --auto --quiet pan_genome_sequences/prmA.fa > pan_genome_sequences/prmA.fa.aln
2026/04/21 18:34:56 Running command: mafft --auto --quiet pan_genome_sequences/group_5256.fa > pan_genome_sequences/group_5256.fa.aln
2026/04/21 18:34:57 Running command: mafft --auto --quiet pan_genome_sequences/group_5992.fa > pan_genome_sequences/group_5992.fa.aln
2026/04/21 18:34:56 Running command: mafft --auto --quiet pan_genome_sequences/group_17909.fa > pan_genome_sequences/group_17909.fa.aln
2026/04/21 18:34:39 Running command: mafft --auto --quiet pan_genome_sequences/dinF.fa > pan_genome_sequences/dinF.fa.aln
2026/04/21 18:34:48 Running command: mafft --auto --quiet pan_genome_sequences/ftsA_2.fa > pan_genome_sequences/ftsA_2.fa.aln
2026/04/21 18:35:06 Running command: mafft --auto --quiet pan_genome_sequences/group_4533.fa > pan_genome_sequences/group_4533.fa.aln
2026/04/21 18:35:07 Running command: mafft --auto --quiet pan_genome_sequences/rsmE.fa > pan_genome_sequences/rsmE.fa.aln
2026/04/21 18:35:04 Running command: mafft --auto --quiet pan_genome_sequences/lip_1.fa > pan_genome_sequences/lip_1.fa.aln
2026/04/21 18:35:00 Running command: mafft --auto --quiet pan_genome_sequences/apbC.fa > pan_genome_sequences/apbC.fa.aln
2026/04/21 18:34:58 Running command: mafft --auto --quiet pan_genome_sequences/group_4473.fa > pan_genome_sequences/group_4473.fa.aln
2026/04/21 18:35:16 Running command: mafft --auto --quiet pan_genome_sequences/group_18515.fa > pan_genome_sequences/group_18515.fa.aln
2026/04/21 18:35:17 Running command: mafft --auto --quiet pan_genome_sequences/rpiA.fa > pan_genome_sequences/rpiA.fa.aln
2026/04/21 18:35:11 Running command: mafft --auto --quiet pan_genome_sequences/group_3004.fa > pan_genome_sequences/group_3004.fa.aln
2026/04/21 18:35:22 Running command: mafft --auto --quiet pan_genome_sequences/madC.fa > pan_genome_sequences/madC.fa.aln
2026/04/21 18:35:11 Running command: mafft --auto --quiet pan_genome_sequences/group_3408.fa > pan_genome_sequences/group_3408.fa.aln
2026/04/21 18:35:24 Running command: mafft --auto --quiet pan_genome_sequences/group_4897.fa > pan_genome_sequences/group_4897.fa.aln
2026/04/21 18:35:36 Running command: mafft --auto --quiet pan_genome_sequences/group_17756.fa > pan_genome_sequences/group_17756.fa.aln
2026/04/21 18:35:33 Running command: mafft --auto --quiet pan_genome_sequences/phnR_2.fa > pan_genome_sequences/phnR_2.fa.aln
2026/04/21 18:34:45 Running command: mafft --auto --quiet pan_genome_sequences/group_18128.fa > pan_genome_sequences/group_18128.fa.aln
2026/04/21 18:35:39 Running command: mafft --auto --quiet pan_genome_sequences/group_18117.fa > pan_genome_sequences/group_18117.fa.aln
2026/04/21 18:35:32 Running command: mafft --auto --quiet pan_genome_sequences/gltC_1.fa > pan_genome_sequences/gltC_1.fa.aln
2026/04/21 18:35:41 Running command: mafft --auto --quiet pan_genome_sequences/pstB.fa > pan_genome_sequences/pstB.fa.aln
2026/04/21 18:35:22 Running command: mafft --auto --quiet pan_genome_sequences/mqo_2.fa > pan_genome_sequences/mqo_2.fa.aln
2026/04/21 18:35:43 Running command: mafft --auto --quiet pan_genome_sequences/group_608.fa > pan_genome_sequences/group_608.fa.aln
2026/04/21 18:35:45 Running command: mafft --auto --quiet pan_genome_sequences/cysB.fa > pan_genome_sequences/cysB.fa.aln
2026/04/21 18:35:55 Running command: mafft --auto --quiet pan_genome_sequences/lrp_5.fa > pan_genome_sequences/lrp_5.fa.aln
2026/04/21 18:35:40 Running command: mafft --auto --quiet pan_genome_sequences/hemW.fa > pan_genome_sequences/hemW.fa.aln
2026/04/21 18:34:55 Running command: mafft --auto --quiet pan_genome_sequences/prc.fa > pan_genome_sequences/prc.fa.aln
2026/04/21 18:35:14 Running command: mafft --auto --quiet pan_genome_sequences/group_18390.fa > pan_genome_sequences/group_18390.fa.aln
2026/04/21 18:35:59 Running command: mafft --auto --quiet pan_genome_sequences/group_4947.fa > pan_genome_sequences/group_4947.fa.aln
2026/04/21 18:35:59 Running command: mafft --auto --quiet pan_genome_sequences/group_4930.fa > pan_genome_sequences/group_4930.fa.aln
2026/04/21 18:36:03 Running command: mafft --auto --quiet pan_genome_sequences/group_18119.fa > pan_genome_sequences/group_18119.fa.aln
2026/04/21 18:35:51 Running command: mafft --auto --quiet pan_genome_sequences/maeB.fa > pan_genome_sequences/maeB.fa.aln
2026/04/21 18:35:58 Running command: mafft --auto --quiet pan_genome_sequences/yjiA_1.fa > pan_genome_sequences/yjiA_1.fa.aln
2026/04/21 18:36:13 Running command: mafft --auto --quiet pan_genome_sequences/amnD.fa > pan_genome_sequences/amnD.fa.aln
2026/04/21 18:36:02 Running command: mafft --auto --quiet pan_genome_sequences/yejB_1.fa > pan_genome_sequences/yejB_1.fa.aln
2026/04/21 18:36:14 Running command: mafft --auto --quiet pan_genome_sequences/algF.fa > pan_genome_sequences/algF.fa.aln
2026/04/21 18:36:14 Running command: mafft --auto --quiet pan_genome_sequences/ccmC.fa > pan_genome_sequences/ccmC.fa.aln
2026/04/21 18:35:24 Running command: mafft --auto --quiet pan_genome_sequences/group_2017.fa > pan_genome_sequences/group_2017.fa.aln
2026/04/21 18:36:22 Running command: mafft --auto --quiet pan_genome_sequences/yqgF.fa > pan_genome_sequences/yqgF.fa.aln
2026/04/21 18:36:20 Running command: mafft --auto --quiet pan_genome_sequences/tauD_1.fa > pan_genome_sequences/tauD_1.fa.aln
2026/04/21 18:36:07 Running command: mafft --auto --quiet pan_genome_sequences/group_4740.fa > pan_genome_sequences/group_4740.fa.aln
2026/04/21 18:36:26 Running command: mafft --auto --quiet pan_genome_sequences/cheB_1.fa > pan_genome_sequences/cheB_1.fa.aln
2026/04/21 18:36:41 Running command: mafft --auto --quiet pan_genome_sequences/group_5379.fa > pan_genome_sequences/group_5379.fa.aln
2026/04/21 18:36:20 Running command: mafft --auto --quiet pan_genome_sequences/citN.fa > pan_genome_sequences/citN.fa.aln
2026/04/21 18:36:25 Running command: mafft --auto --quiet pan_genome_sequences/murA.fa > pan_genome_sequences/murA.fa.aln
2026/04/21 18:35:55 Running command: mafft --auto --quiet pan_genome_sequences/slt.fa > pan_genome_sequences/slt.fa.aln
2026/04/21 18:36:44 Running command: mafft --auto --quiet pan_genome_sequences/fucA_1.fa > pan_genome_sequences/fucA_1.fa.aln
2026/04/21 18:36:00 Running command: mafft --auto --quiet pan_genome_sequences/btsT.fa > pan_genome_sequences/btsT.fa.aln
2026/04/21 18:36:48 Running command: mafft --auto --quiet pan_genome_sequences/cntI_1.fa > pan_genome_sequences/cntI_1.fa.aln
2026/04/21 18:36:59 Running command: mafft --auto --quiet pan_genome_sequences/group_5956.fa > pan_genome_sequences/group_5956.fa.aln
2026/04/21 18:36:44 Running command: mafft --auto --quiet pan_genome_sequences/hemE.fa > pan_genome_sequences/hemE.fa.aln
2026/04/21 18:36:30 Running command: mafft --auto --quiet pan_genome_sequences/mmsA_2.fa > pan_genome_sequences/mmsA_2.fa.aln
2026/04/21 18:36:59 Running command: mafft --auto --quiet pan_genome_sequences/group_5350.fa > pan_genome_sequences/group_5350.fa.aln
2026/04/21 18:37:02 Running command: mafft --auto --quiet pan_genome_sequences/group_4244.fa > pan_genome_sequences/group_4244.fa.aln
2026/04/21 18:36:33 Running command: mafft --auto --quiet pan_genome_sequences/der.fa > pan_genome_sequences/der.fa.aln
2026/04/21 18:36:53 Running command: mafft --auto --quiet pan_genome_sequences/group_5490.fa > pan_genome_sequences/group_5490.fa.aln
2026/04/21 18:37:04 Running command: mafft --auto --quiet pan_genome_sequences/ureB.fa > pan_genome_sequences/ureB.fa.aln
2026/04/21 18:37:04 Running command: mafft --auto --quiet pan_genome_sequences/group_5723.fa > pan_genome_sequences/group_5723.fa.aln
2026/04/21 18:36:48 Running command: mafft --auto --quiet pan_genome_sequences/thlA_2.fa > pan_genome_sequences/thlA_2.fa.aln
2026/04/21 18:37:06 Running command: mafft --auto --quiet pan_genome_sequences/group_2082.fa > pan_genome_sequences/group_2082.fa.aln
2026/04/21 18:37:00 Running command: mafft --auto --quiet pan_genome_sequences/group_3390.fa > pan_genome_sequences/group_3390.fa.aln
2026/04/21 18:37:07 Running command: mafft --auto --quiet pan_genome_sequences/group_18493.fa > pan_genome_sequences/group_18493.fa.aln
2026/04/21 18:37:04 Running command: mafft --auto --quiet pan_genome_sequences/group_18450.fa > pan_genome_sequences/group_18450.fa.aln
2026/04/21 18:37:09 Running command: mafft --auto --quiet pan_genome_sequences/fliP.fa > pan_genome_sequences/fliP.fa.aln
2026/04/21 18:37:17 Running command: mafft --auto --quiet pan_genome_sequences/group_17109.fa > pan_genome_sequences/group_17109.fa.aln
2026/04/21 18:37:10 Running command: mafft --auto --quiet pan_genome_sequences/emrA_1.fa > pan_genome_sequences/emrA_1.fa.aln
2026/04/21 18:37:06 Running command: mafft --auto --quiet pan_genome_sequences/group_5776.fa > pan_genome_sequences/group_5776.fa.aln
2026/04/21 18:37:26 Running command: mafft --auto --quiet pan_genome_sequences/gloA_1.fa > pan_genome_sequences/gloA_1.fa.aln
2026/04/21 18:37:28 Running command: mafft --auto --quiet pan_genome_sequences/rapZ.fa > pan_genome_sequences/rapZ.fa.aln
2026/04/21 18:37:00 Running command: mafft --auto --quiet pan_genome_sequences/phaC_1.fa > pan_genome_sequences/phaC_1.fa.aln
2026/04/21 18:37:28 Running command: mafft --auto --quiet pan_genome_sequences/mdtE.fa > pan_genome_sequences/mdtE.fa.aln
2026/04/21 18:37:15 Running command: mafft --auto --quiet pan_genome_sequences/ccoN1_4.fa > pan_genome_sequences/ccoN1_4.fa.aln
2026/04/21 18:37:39 Running command: mafft --auto --quiet pan_genome_sequences/group_5320.fa > pan_genome_sequences/group_5320.fa.aln
2026/04/21 18:37:44 Running command: mafft --auto --quiet pan_genome_sequences/group_4875.fa > pan_genome_sequences/group_4875.fa.aln
2026/04/21 18:37:40 Running command: mafft --auto --quiet pan_genome_sequences/glpR.fa > pan_genome_sequences/glpR.fa.aln
2026/04/21 18:37:17 Running command: mafft --auto --quiet pan_genome_sequences/farB_2.fa > pan_genome_sequences/farB_2.fa.aln
2026/04/21 18:37:47 Running command: mafft --auto --quiet pan_genome_sequences/group_6039.fa > pan_genome_sequences/group_6039.fa.aln
2026/04/21 18:37:49 Running command: mafft --auto --quiet pan_genome_sequences/ascD.fa > pan_genome_sequences/ascD.fa.aln
2026/04/21 18:37:58 Running command: mafft --auto --quiet pan_genome_sequences/rfaP_1.fa > pan_genome_sequences/rfaP_1.fa.aln
2026/04/21 18:37:10 Running command: mafft --auto --quiet pan_genome_sequences/prlC.fa > pan_genome_sequences/prlC.fa.aln
2026/04/21 18:37:44 Running command: mafft --auto --quiet pan_genome_sequences/rseP.fa > pan_genome_sequences/rseP.fa.aln
2026/04/21 18:36:16 Running command: mafft --auto --quiet pan_genome_sequences/group_17134.fa > pan_genome_sequences/group_17134.fa.aln
2026/04/21 18:37:48 Running command: mafft --auto --quiet pan_genome_sequences/phoD.fa > pan_genome_sequences/phoD.fa.aln
2026/04/21 18:38:10 Running command: mafft --auto --quiet pan_genome_sequences/group_18213.fa > pan_genome_sequences/group_18213.fa.aln
2026/04/21 18:38:05 Running command: mafft --auto --quiet pan_genome_sequences/group_3278.fa > pan_genome_sequences/group_3278.fa.aln
2026/04/21 18:38:10 Running command: mafft --auto --quiet pan_genome_sequences/prsE_2.fa > pan_genome_sequences/prsE_2.fa.aln
2026/04/21 18:38:28 Running command: mafft --auto --quiet pan_genome_sequences/group_17312.fa > pan_genome_sequences/group_17312.fa.aln
2026/04/21 18:37:18 Running command: mafft --auto --quiet pan_genome_sequences/hemR.fa > pan_genome_sequences/hemR.fa.aln
2026/04/21 18:37:49 Running command: mafft --auto --quiet pan_genome_sequences/eptC.fa > pan_genome_sequences/eptC.fa.aln
2026/04/21 18:38:11 Running command: mafft --auto --quiet pan_genome_sequences/amtB_2.fa > pan_genome_sequences/amtB_2.fa.aln
2026/04/21 18:38:02 Running command: mafft --auto --quiet pan_genome_sequences/aer.fa > pan_genome_sequences/aer.fa.aln
2026/04/21 18:38:37 Running command: mafft --auto --quiet pan_genome_sequences/xcpT_1.fa > pan_genome_sequences/xcpT_1.fa.aln
2026/04/21 18:38:31 Running command: mafft --auto --quiet pan_genome_sequences/group_18054.fa > pan_genome_sequences/group_18054.fa.aln
2026/04/21 18:38:30 Running command: mafft --auto --quiet pan_genome_sequences/group_17884.fa > pan_genome_sequences/group_17884.fa.aln
2026/04/21 18:38:23 Running command: mafft --auto --quiet pan_genome_sequences/algJ.fa > pan_genome_sequences/algJ.fa.aln
2026/04/21 18:38:33 Running command: mafft --auto --quiet pan_genome_sequences/mtfA.fa > pan_genome_sequences/mtfA.fa.aln
2026/04/21 18:38:40 Running command: mafft --auto --quiet pan_genome_sequences/group_5328.fa > pan_genome_sequences/group_5328.fa.aln
2026/04/21 18:38:27 Running command: mafft --auto --quiet pan_genome_sequences/mutY.fa > pan_genome_sequences/mutY.fa.aln
2026/04/21 18:38:42 Running command: mafft --auto --quiet pan_genome_sequences/group_4790.fa > pan_genome_sequences/group_4790.fa.aln
2026/04/21 18:38:43 Running command: mafft --auto --quiet pan_genome_sequences/dctQ_2.fa > pan_genome_sequences/dctQ_2.fa.aln
2026/04/21 18:38:35 Running command: mafft --auto --quiet pan_genome_sequences/motB.fa > pan_genome_sequences/motB.fa.aln
2026/04/21 18:38:43 Running command: mafft --auto --quiet pan_genome_sequences/group_4475.fa > pan_genome_sequences/group_4475.fa.aln
2026/04/21 18:38:41 Running command: mafft --auto --quiet pan_genome_sequences/pikAII.fa > pan_genome_sequences/pikAII.fa.aln
2026/04/21 18:38:49 Running command: mafft --auto --quiet pan_genome_sequences/thrH.fa > pan_genome_sequences/thrH.fa.aln
2026/04/21 18:38:36 Running command: mafft --auto --quiet pan_genome_sequences/acdA_1.fa > pan_genome_sequences/acdA_1.fa.aln
2026/04/21 18:38:48 Running command: mafft --auto --quiet pan_genome_sequences/group_2458.fa > pan_genome_sequences/group_2458.fa.aln
2026/04/21 18:38:55 Running command: mafft --auto --quiet pan_genome_sequences/cysQ.fa > pan_genome_sequences/cysQ.fa.aln
2026/04/21 18:39:03 Running command: mafft --auto --quiet pan_genome_sequences/group_4615.fa > pan_genome_sequences/group_4615.fa.aln
2026/04/21 18:38:43 Running command: mafft --auto --quiet pan_genome_sequences/preA.fa > pan_genome_sequences/preA.fa.aln
2026/04/21 18:38:51 Running command: mafft --auto --quiet pan_genome_sequences/alkT.fa > pan_genome_sequences/alkT.fa.aln
2026/04/21 18:39:06 Running command: mafft --auto --quiet pan_genome_sequences/phoP.fa > pan_genome_sequences/phoP.fa.aln
2026/04/21 18:38:43 Running command: mafft --auto --quiet pan_genome_sequences/gatA.fa > pan_genome_sequences/gatA.fa.aln
2026/04/21 18:39:04 Running command: mafft --auto --quiet pan_genome_sequences/fabG_5.fa > pan_genome_sequences/fabG_5.fa.aln
2026/04/21 18:39:04 Running command: mafft --auto --quiet pan_genome_sequences/menH_1.fa > pan_genome_sequences/menH_1.fa.aln
2026/04/21 18:38:53 Running command: mafft --auto --quiet pan_genome_sequences/yhdG_2.fa > pan_genome_sequences/yhdG_2.fa.aln
2026/04/21 18:39:13 Running command: mafft --auto --quiet pan_genome_sequences/czcR_2.fa > pan_genome_sequences/czcR_2.fa.aln
2026/04/21 18:38:55 Running command: mafft --auto --quiet pan_genome_sequences/group_3217.fa > pan_genome_sequences/group_3217.fa.aln
2026/04/21 18:39:20 Running command: mafft --auto --quiet pan_genome_sequences/group_18037.fa > pan_genome_sequences/group_18037.fa.aln
2026/04/21 18:39:21 Running command: mafft --auto --quiet pan_genome_sequences/group_1313.fa > pan_genome_sequences/group_1313.fa.aln
2026/04/21 18:39:12 Running command: mafft --auto --quiet pan_genome_sequences/catD_4.fa > pan_genome_sequences/catD_4.fa.aln
2026/04/21 18:39:23 Running command: mafft --auto --quiet pan_genome_sequences/cheY_1.fa > pan_genome_sequences/cheY_1.fa.aln
2026/04/21 18:39:23 Running command: mafft --auto --quiet pan_genome_sequences/leuE_1.fa > pan_genome_sequences/leuE_1.fa.aln
2026/04/21 18:39:21 Running command: mafft --auto --quiet pan_genome_sequences/fpr_2.fa > pan_genome_sequences/fpr_2.fa.aln
2026/04/21 18:39:20 Running command: mafft --auto --quiet pan_genome_sequences/benM_1.fa > pan_genome_sequences/benM_1.fa.aln
2026/04/21 18:39:10 Running command: mafft --auto --quiet pan_genome_sequences/sucB.fa > pan_genome_sequences/sucB.fa.aln
2026/04/21 18:39:17 Running command: mafft --auto --quiet pan_genome_sequences/group_5938.fa > pan_genome_sequences/group_5938.fa.aln
2026/04/21 18:39:31 Running command: mafft --auto --quiet pan_genome_sequences/group_18497.fa > pan_genome_sequences/group_18497.fa.aln
2026/04/21 18:39:30 Running command: mafft --auto --quiet pan_genome_sequences/era.fa > pan_genome_sequences/era.fa.aln
2026/04/21 18:39:31 Running command: mafft --auto --quiet pan_genome_sequences/liuE.fa > pan_genome_sequences/liuE.fa.aln
2026/04/21 18:39:42 Running command: mafft --auto --quiet pan_genome_sequences/group_17778.fa > pan_genome_sequences/group_17778.fa.aln
2026/04/21 18:39:29 Running command: mafft --auto --quiet pan_genome_sequences/purK.fa > pan_genome_sequences/purK.fa.aln
2026/04/21 18:38:58 Running command: mafft --auto --quiet pan_genome_sequences/group_5114.fa > pan_genome_sequences/group_5114.fa.aln
2026/04/21 18:39:40 Running command: mafft --auto --quiet pan_genome_sequences/ung.fa > pan_genome_sequences/ung.fa.aln
2026/04/21 18:39:32 Running command: mafft --auto --quiet pan_genome_sequences/group_5223.fa > pan_genome_sequences/group_5223.fa.aln
2026/04/21 18:39:47 Running command: mafft --auto --quiet pan_genome_sequences/group_3444.fa > pan_genome_sequences/group_3444.fa.aln
2026/04/21 18:39:45 Running command: mafft --auto --quiet pan_genome_sequences/cheZ.fa > pan_genome_sequences/cheZ.fa.aln
2026/04/21 18:39:47 Running command: mafft --auto --quiet pan_genome_sequences/kdgR_1.fa > pan_genome_sequences/kdgR_1.fa.aln
2026/04/21 18:39:55 Running command: mafft --auto --quiet pan_genome_sequences/fliY_1.fa > pan_genome_sequences/fliY_1.fa.aln
2026/04/21 18:39:54 Running command: mafft --auto --quiet pan_genome_sequences/ecfA2.fa > pan_genome_sequences/ecfA2.fa.aln
2026/04/21 18:39:49 Running command: mafft --auto --quiet pan_genome_sequences/ubiH.fa > pan_genome_sequences/ubiH.fa.aln
2026/04/21 18:40:03 Running command: mafft --auto --quiet pan_genome_sequences/fabG_4.fa > pan_genome_sequences/fabG_4.fa.aln
2026/04/21 18:39:13 Running command: mafft --auto --quiet pan_genome_sequences/glyS.fa > pan_genome_sequences/glyS.fa.aln
2026/04/21 18:39:48 Running command: mafft --auto --quiet pan_genome_sequences/puuP_2.fa > pan_genome_sequences/puuP_2.fa.aln
2026/04/21 18:40:13 Running command: mafft --auto --quiet pan_genome_sequences/group_17070.fa > pan_genome_sequences/group_17070.fa.aln
2026/04/21 18:39:46 Running command: mafft --auto --quiet pan_genome_sequences/nirS_1.fa > pan_genome_sequences/nirS_1.fa.aln
2026/04/21 18:39:43 Running command: mafft --auto --quiet pan_genome_sequences/group_3218.fa > pan_genome_sequences/group_3218.fa.aln
2026/04/21 18:40:12 Running command: mafft --auto --quiet pan_genome_sequences/rfaP_2.fa > pan_genome_sequences/rfaP_2.fa.aln
2026/04/21 18:40:09 Running command: mafft --auto --quiet pan_genome_sequences/gcvA_6.fa > pan_genome_sequences/gcvA_6.fa.aln
2026/04/21 18:40:21 Running command: mafft --auto --quiet pan_genome_sequences/group_5537.fa > pan_genome_sequences/group_5537.fa.aln
2026/04/21 18:40:13 Running command: mafft --auto --quiet pan_genome_sequences/fliG.fa > pan_genome_sequences/fliG.fa.aln
2026/04/21 18:40:03 Running command: mafft --auto --quiet pan_genome_sequences/group_2028.fa > pan_genome_sequences/group_2028.fa.aln
2026/04/21 18:40:25 Running command: mafft --auto --quiet pan_genome_sequences/group_17904.fa > pan_genome_sequences/group_17904.fa.aln
2026/04/21 18:40:21 Running command: mafft --auto --quiet pan_genome_sequences/anoR.fa > pan_genome_sequences/anoR.fa.aln
2026/04/21 18:39:25 Running command: mafft --auto --quiet pan_genome_sequences/cntO_3.fa > pan_genome_sequences/cntO_3.fa.aln
2026/04/21 18:40:29 Running command: mafft --auto --quiet pan_genome_sequences/group_5461.fa > pan_genome_sequences/group_5461.fa.aln
2026/04/21 18:40:14 Running command: mafft --auto --quiet pan_genome_sequences/group_4519.fa > pan_genome_sequences/group_4519.fa.aln
2026/04/21 18:40:17 Running command: mafft --auto --quiet pan_genome_sequences/group_4058.fa > pan_genome_sequences/group_4058.fa.aln
2026/04/21 18:40:32 Running command: mafft --auto --quiet pan_genome_sequences/pgpA.fa > pan_genome_sequences/pgpA.fa.aln
2026/04/21 18:40:31 Running command: mafft --auto --quiet pan_genome_sequences/rutR_1.fa > pan_genome_sequences/rutR_1.fa.aln
2026/04/21 18:40:32 Running command: mafft --auto --quiet pan_genome_sequences/metR.fa > pan_genome_sequences/metR.fa.aln
2026/04/21 18:40:37 Running command: mafft --auto --quiet pan_genome_sequences/bcd.fa > pan_genome_sequences/bcd.fa.aln
2026/04/21 18:40:29 Running command: mafft --auto --quiet pan_genome_sequences/thiI.fa > pan_genome_sequences/thiI.fa.aln
2026/04/21 18:40:28 Running command: mafft --auto --quiet pan_genome_sequences/steT.fa > pan_genome_sequences/steT.fa.aln
2026/04/21 18:40:29 Running command: mafft --auto --quiet pan_genome_sequences/group_5666.fa > pan_genome_sequences/group_5666.fa.aln
2026/04/21 18:40:36 Running command: mafft --auto --quiet pan_genome_sequences/group_18502.fa > pan_genome_sequences/group_18502.fa.aln
2026/04/21 18:41:01 Running command: mafft --auto --quiet pan_genome_sequences/group_1749.fa > pan_genome_sequences/group_1749.fa.aln
2026/04/21 18:40:44 Running command: mafft --auto --quiet pan_genome_sequences/bamB.fa > pan_genome_sequences/bamB.fa.aln
2026/04/21 18:40:21 Running command: mafft --auto --quiet pan_genome_sequences/ybaL.fa > pan_genome_sequences/ybaL.fa.aln
2026/04/21 18:40:32 Running command: mafft --auto --quiet pan_genome_sequences/fumA.fa > pan_genome_sequences/fumA.fa.aln
2026/04/21 18:40:59 Running command: mafft --auto --quiet pan_genome_sequences/speD.fa > pan_genome_sequences/speD.fa.aln
2026/04/21 18:40:58 Running command: mafft --auto --quiet pan_genome_sequences/yihG_1.fa > pan_genome_sequences/yihG_1.fa.aln
2026/04/21 18:41:02 Running command: mafft --auto --quiet pan_genome_sequences/prpC_1.fa > pan_genome_sequences/prpC_1.fa.aln
2026/04/21 18:41:10 Running command: mafft --auto --quiet pan_genome_sequences/iscX.fa > pan_genome_sequences/iscX.fa.aln
2026/04/21 18:41:11 Running command: mafft --auto --quiet pan_genome_sequences/ygfA.fa > pan_genome_sequences/ygfA.fa.aln
2026/04/21 18:41:10 Running command: mafft --auto --quiet pan_genome_sequences/arcC1.fa > pan_genome_sequences/arcC1.fa.aln
2026/04/21 18:41:08 Running command: mafft --auto --quiet pan_genome_sequences/hcf136_1.fa > pan_genome_sequences/hcf136_1.fa.aln
2026/04/21 18:40:59 Running command: mafft --auto --quiet pan_genome_sequences/puuP_1.fa > pan_genome_sequences/puuP_1.fa.aln
2026/04/21 18:41:00 Running command: mafft --auto --quiet pan_genome_sequences/dbpA.fa > pan_genome_sequences/dbpA.fa.aln
2026/04/21 18:41:25 Running command: mafft --auto --quiet pan_genome_sequences/group_18048.fa > pan_genome_sequences/group_18048.fa.aln
2026/04/21 18:41:03 Running command: mafft --auto --quiet pan_genome_sequences/group_18382.fa > pan_genome_sequences/group_18382.fa.aln
2026/04/21 18:41:29 Running command: mafft --auto --quiet pan_genome_sequences/cidA_2.fa > pan_genome_sequences/cidA_2.fa.aln
2026/04/21 18:41:22 Running command: mafft --auto --quiet pan_genome_sequences/group_1581.fa > pan_genome_sequences/group_1581.fa.aln
2026/04/21 18:41:27 Running command: mafft --auto --quiet pan_genome_sequences/modE.fa > pan_genome_sequences/modE.fa.aln
2026/04/21 18:41:03 Running command: mafft --auto --quiet pan_genome_sequences/glpK_1.fa > pan_genome_sequences/glpK_1.fa.aln
2026/04/21 18:41:34 Running command: mafft --auto --quiet pan_genome_sequences/group_17136.fa > pan_genome_sequences/group_17136.fa.aln
2026/04/21 18:41:05 Running command: mafft --auto --quiet pan_genome_sequences/tyrR_1.fa > pan_genome_sequences/tyrR_1.fa.aln
2026/04/21 18:41:17 Running command: mafft --auto --quiet pan_genome_sequences/proA.fa > pan_genome_sequences/proA.fa.aln
2026/04/21 18:41:36 Running command: mafft --auto --quiet pan_genome_sequences/ubiX.fa > pan_genome_sequences/ubiX.fa.aln
2026/04/21 18:41:40 Running command: mafft --auto --quiet pan_genome_sequences/ynbA.fa > pan_genome_sequences/ynbA.fa.aln
2026/04/21 18:41:27 Running command: mafft --auto --quiet pan_genome_sequences/lysN.fa > pan_genome_sequences/lysN.fa.aln
2026/04/21 18:41:46 Running command: mafft --auto --quiet pan_genome_sequences/ygiW.fa > pan_genome_sequences/ygiW.fa.aln
2026/04/21 18:41:48 Running command: mafft --auto --quiet pan_genome_sequences/group_18584.fa > pan_genome_sequences/group_18584.fa.aln
2026/04/21 18:41:35 Running command: mafft --auto --quiet pan_genome_sequences/spuD_2.fa > pan_genome_sequences/spuD_2.fa.aln
2026/04/21 18:41:32 Running command: mafft --auto --quiet pan_genome_sequences/group_5491.fa > pan_genome_sequences/group_5491.fa.aln
2026/04/21 18:41:53 Running command: mafft --auto --quiet pan_genome_sequences/queD.fa > pan_genome_sequences/queD.fa.aln
2026/04/21 18:41:28 Running command: mafft --auto --quiet pan_genome_sequences/argH.fa > pan_genome_sequences/argH.fa.aln
2026/04/21 18:41:57 Running command: mafft --auto --quiet pan_genome_sequences/yciO.fa > pan_genome_sequences/yciO.fa.aln
2026/04/21 18:41:51 Running command: mafft --auto --quiet pan_genome_sequences/aphA.fa > pan_genome_sequences/aphA.fa.aln
2026/04/21 18:41:41 Running command: mafft --auto --quiet pan_genome_sequences/gdhA.fa > pan_genome_sequences/gdhA.fa.aln
2026/04/21 18:42:03 Running command: mafft --auto --quiet pan_genome_sequences/mtnD.fa > pan_genome_sequences/mtnD.fa.aln
2026/04/21 18:41:55 Running command: mafft --auto --quiet pan_genome_sequences/group_4976.fa > pan_genome_sequences/group_4976.fa.aln
2026/04/21 18:41:47 Running command: mafft --auto --quiet pan_genome_sequences/adeP_2.fa > pan_genome_sequences/adeP_2.fa.aln
2026/04/21 18:42:07 Running command: mafft --auto --quiet pan_genome_sequences/pth.fa > pan_genome_sequences/pth.fa.aln
2026/04/21 18:41:50 Running command: mafft --auto --quiet pan_genome_sequences/glpT_2.fa > pan_genome_sequences/glpT_2.fa.aln
2026/04/21 18:42:07 Running command: mafft --auto --quiet pan_genome_sequences/paaF_2.fa > pan_genome_sequences/paaF_2.fa.aln
2026/04/21 18:42:16 Running command: mafft --auto --quiet pan_genome_sequences/group_17314.fa > pan_genome_sequences/group_17314.fa.aln
2026/04/21 18:42:16 Running command: mafft --auto --quiet pan_genome_sequences/group_3538.fa > pan_genome_sequences/group_3538.fa.aln
2026/04/21 18:42:06 Running command: mafft --auto --quiet pan_genome_sequences/ybiS.fa > pan_genome_sequences/ybiS.fa.aln
2026/04/21 18:41:37 Running command: mafft --auto --quiet pan_genome_sequences/fimW.fa > pan_genome_sequences/fimW.fa.aln
2026/04/21 18:42:25 Running command: mafft --auto --quiet pan_genome_sequences/group_4788.fa > pan_genome_sequences/group_4788.fa.aln
2026/04/21 18:42:13 Running command: mafft --auto --quiet pan_genome_sequences/group_4797.fa > pan_genome_sequences/group_4797.fa.aln
2026/04/21 18:42:11 Running command: mafft --auto --quiet pan_genome_sequences/pdhA.fa > pan_genome_sequences/pdhA.fa.aln
2026/04/21 18:42:10 Running command: mafft --auto --quiet pan_genome_sequences/mmgC_2.fa > pan_genome_sequences/mmgC_2.fa.aln
2026/04/21 18:42:28 Running command: mafft --auto --quiet pan_genome_sequences/phnG.fa > pan_genome_sequences/phnG.fa.aln
2026/04/21 18:42:26 Running command: mafft --auto --quiet pan_genome_sequences/ccmA.fa > pan_genome_sequences/ccmA.fa.aln
2026/04/21 18:42:26 Running command: mafft --auto --quiet pan_genome_sequences/group_3661.fa > pan_genome_sequences/group_3661.fa.aln
2026/04/21 18:42:20 Running command: mafft --auto --quiet pan_genome_sequences/fgd.fa > pan_genome_sequences/fgd.fa.aln
2026/04/21 18:42:34 Running command: mafft --auto --quiet pan_genome_sequences/group_18476.fa > pan_genome_sequences/group_18476.fa.aln
2026/04/21 18:42:34 Running command: mafft --auto --quiet pan_genome_sequences/group_4800.fa > pan_genome_sequences/group_4800.fa.aln
2026/04/21 18:42:28 Running command: mafft --auto --quiet pan_genome_sequences/panS_2.fa > pan_genome_sequences/panS_2.fa.aln
2026/04/21 18:42:32 Running command: mafft --auto --quiet pan_genome_sequences/group_3206.fa > pan_genome_sequences/group_3206.fa.aln
2026/04/21 18:42:19 Running command: mafft --auto --quiet pan_genome_sequences/hyuC.fa > pan_genome_sequences/hyuC.fa.aln
2026/04/21 18:42:41 Running command: mafft --auto --quiet pan_genome_sequences/group_17050.fa > pan_genome_sequences/group_17050.fa.aln
2026/04/21 18:42:36 Running command: mafft --auto --quiet pan_genome_sequences/group_4310.fa > pan_genome_sequences/group_4310.fa.aln
2026/04/21 18:42:39 Running command: mafft --auto --quiet pan_genome_sequences/group_3279.fa > pan_genome_sequences/group_3279.fa.aln
2026/04/21 18:41:39 Running command: mafft --auto --quiet pan_genome_sequences/mdoB_1.fa > pan_genome_sequences/mdoB_1.fa.aln
2026/04/21 18:42:45 Running command: mafft --auto --quiet pan_genome_sequences/nrdR.fa > pan_genome_sequences/nrdR.fa.aln
2026/04/21 18:42:47 Running command: mafft --auto --quiet pan_genome_sequences/upp.fa > pan_genome_sequences/upp.fa.aln
2026/04/21 18:42:42 Running command: mafft --auto --quiet pan_genome_sequences/pstS.fa > pan_genome_sequences/pstS.fa.aln
2026/04/21 18:42:43 Running command: mafft --auto --quiet pan_genome_sequences/group_18433.fa > pan_genome_sequences/group_18433.fa.aln
2026/04/21 18:42:53 Running command: mafft --auto --quiet pan_genome_sequences/gcvH_3.fa > pan_genome_sequences/gcvH_3.fa.aln
2026/04/21 18:42:49 Running command: mafft --auto --quiet pan_genome_sequences/ribN.fa > pan_genome_sequences/ribN.fa.aln
2026/04/21 18:42:56 Running command: mafft --auto --quiet pan_genome_sequences/flgF.fa > pan_genome_sequences/flgF.fa.aln
2026/04/21 18:42:55 Running command: mafft --auto --quiet pan_genome_sequences/prfB_1.fa > pan_genome_sequences/prfB_1.fa.aln
2026/04/21 18:43:08 Running command: mafft --auto --quiet pan_genome_sequences/group_4220.fa > pan_genome_sequences/group_4220.fa.aln
2026/04/21 18:42:57 Running command: mafft --auto --quiet pan_genome_sequences/hmuU_1.fa > pan_genome_sequences/hmuU_1.fa.aln
2026/04/21 18:42:20 Running command: mafft --auto --quiet pan_genome_sequences/dnaG.fa > pan_genome_sequences/dnaG.fa.aln
2026/04/21 18:43:12 Running command: mafft --auto --quiet pan_genome_sequences/group_3768.fa > pan_genome_sequences/group_3768.fa.aln
2026/04/21 18:43:10 Running command: mafft --auto --quiet pan_genome_sequences/ped.fa > pan_genome_sequences/ped.fa.aln
2026/04/21 18:43:18 Running command: mafft --auto --quiet pan_genome_sequences/lytR.fa > pan_genome_sequences/lytR.fa.aln
2026/04/21 18:43:19 Running command: mafft --auto --quiet pan_genome_sequences/group_4912.fa > pan_genome_sequences/group_4912.fa.aln
2026/04/21 18:43:16 Running command: mafft --auto --quiet pan_genome_sequences/cysL_3.fa > pan_genome_sequences/cysL_3.fa.aln
2026/04/21 18:43:04 Running command: mafft --auto --quiet pan_genome_sequences/envZ.fa > pan_genome_sequences/envZ.fa.aln
2026/04/21 18:42:37 Running command: mafft --auto --quiet pan_genome_sequences/kdpB.fa > pan_genome_sequences/kdpB.fa.aln
2026/04/21 18:43:00 Running command: mafft --auto --quiet pan_genome_sequences/lap.fa > pan_genome_sequences/lap.fa.aln
2026/04/21 18:43:26 Running command: mafft --auto --quiet pan_genome_sequences/btr.fa > pan_genome_sequences/btr.fa.aln
2026/04/21 18:43:36 Running command: mafft --auto --quiet pan_genome_sequences/group_17083.fa > pan_genome_sequences/group_17083.fa.aln
2026/04/21 18:43:28 Running command: mafft --auto --quiet pan_genome_sequences/hslO.fa > pan_genome_sequences/hslO.fa.aln
2026/04/21 18:43:35 Running command: mafft --auto --quiet pan_genome_sequences/fucA_2.fa > pan_genome_sequences/fucA_2.fa.aln
2026/04/21 18:43:37 Running command: mafft --auto --quiet pan_genome_sequences/thiG.fa > pan_genome_sequences/thiG.fa.aln
2026/04/21 18:43:40 Running command: mafft --auto --quiet pan_genome_sequences/aaeA_1.fa > pan_genome_sequences/aaeA_1.fa.aln
2026/04/21 18:43:29 Running command: mafft --auto --quiet pan_genome_sequences/glmM_1.fa > pan_genome_sequences/glmM_1.fa.aln
2026/04/21 18:43:44 Running command: mafft --auto --quiet pan_genome_sequences/livH_1.fa > pan_genome_sequences/livH_1.fa.aln
2026/04/21 18:43:47 Running command: mafft --auto --quiet pan_genome_sequences/tesB.fa > pan_genome_sequences/tesB.fa.aln
2026/04/21 18:42:34 Running command: mafft --auto --quiet pan_genome_sequences/nasD.fa > pan_genome_sequences/nasD.fa.aln
2026/04/21 18:43:52 Running command: mafft --auto --quiet pan_genome_sequences/rhaS_2.fa > pan_genome_sequences/rhaS_2.fa.aln
2026/04/21 18:44:03 Running command: mafft --auto --quiet pan_genome_sequences/gmhB.fa > pan_genome_sequences/gmhB.fa.aln
2026/04/21 18:43:56 Running command: mafft --auto --quiet pan_genome_sequences/rsgA.fa > pan_genome_sequences/rsgA.fa.aln
2026/04/21 18:43:39 Running command: mafft --auto --quiet pan_genome_sequences/nhaK.fa > pan_genome_sequences/nhaK.fa.aln
2026/04/21 18:44:11 Running command: mafft --auto --quiet pan_genome_sequences/group_18503.fa > pan_genome_sequences/group_18503.fa.aln
2026/04/21 18:44:18 Running command: mafft --auto --quiet pan_genome_sequences/thyA.fa > pan_genome_sequences/thyA.fa.aln
2026/04/21 18:42:47 Running command: mafft --auto --quiet pan_genome_sequences/pepN.fa > pan_genome_sequences/pepN.fa.aln
2026/04/21 18:44:08 Running command: mafft --auto --quiet pan_genome_sequences/rssB_2.fa > pan_genome_sequences/rssB_2.fa.aln
2026/04/21 18:43:59 Running command: mafft --auto --quiet pan_genome_sequences/gabR_2.fa > pan_genome_sequences/gabR_2.fa.aln
2026/04/21 18:43:54 Running command: mafft --auto --quiet pan_genome_sequences/phaC_2.fa > pan_genome_sequences/phaC_2.fa.aln
2026/04/21 18:44:27 Running command: mafft --auto --quiet pan_genome_sequences/rhaS_1.fa > pan_genome_sequences/rhaS_1.fa.aln
2026/04/21 18:44:27 Running command: mafft --auto --quiet pan_genome_sequences/yhaJ_2.fa > pan_genome_sequences/yhaJ_2.fa.aln
2026/04/21 18:44:27 Running command: mafft --auto --quiet pan_genome_sequences/hemY.fa > pan_genome_sequences/hemY.fa.aln
2026/04/21 18:44:35 Running command: mafft --auto --quiet pan_genome_sequences/mshA_1.fa > pan_genome_sequences/mshA_1.fa.aln
2026/04/21 18:44:27 Running command: mafft --auto --quiet pan_genome_sequences/katB.fa > pan_genome_sequences/katB.fa.aln
2026/04/21 18:43:28 Running command: mafft --auto --quiet pan_genome_sequences/group_5918.fa > pan_genome_sequences/group_5918.fa.aln
2026/04/21 18:44:39 Running command: mafft --auto --quiet pan_genome_sequences/bauA_1.fa > pan_genome_sequences/bauA_1.fa.aln
2026/04/21 18:45:03 Running command: mafft --auto --quiet pan_genome_sequences/oxyR_1.fa > pan_genome_sequences/oxyR_1.fa.aln
2026/04/21 18:43:58 Running command: mafft --auto --quiet pan_genome_sequences/cntO_1.fa > pan_genome_sequences/cntO_1.fa.aln
2026/04/21 18:44:49 Running command: mafft --auto --quiet pan_genome_sequences/group_5186.fa > pan_genome_sequences/group_5186.fa.aln
2026/04/21 18:45:19 Running command: mafft --auto --quiet pan_genome_sequences/group_17657.fa > pan_genome_sequences/group_17657.fa.aln
2026/04/21 18:45:23 Running command: mafft --auto --quiet pan_genome_sequences/csaA.fa > pan_genome_sequences/csaA.fa.aln
2026/04/21 18:45:05 Running command: mafft --auto --quiet pan_genome_sequences/ubiI.fa > pan_genome_sequences/ubiI.fa.aln
2026/04/21 18:44:53 Running command: mafft --auto --quiet pan_genome_sequences/emrB_1.fa > pan_genome_sequences/emrB_1.fa.aln
2026/04/21 18:44:36 Running command: mafft --auto --quiet pan_genome_sequences/group_6033.fa > pan_genome_sequences/group_6033.fa.aln
2026/04/21 18:45:27 Running command: mafft --auto --quiet pan_genome_sequences/dtd.fa > pan_genome_sequences/dtd.fa.aln
2026/04/21 18:45:25 Running command: mafft --auto --quiet pan_genome_sequences/cheR2.fa > pan_genome_sequences/cheR2.fa.aln
2026/04/21 18:45:30 Running command: mafft --auto --quiet pan_genome_sequences/group_18324.fa > pan_genome_sequences/group_18324.fa.aln
2026/04/21 18:45:21 Running command: mafft --auto --quiet pan_genome_sequences/group_18257.fa > pan_genome_sequences/group_18257.fa.aln
2026/04/21 18:45:26 Running command: mafft --auto --quiet pan_genome_sequences/group_4841.fa > pan_genome_sequences/group_4841.fa.aln
2026/04/21 18:45:38 Running command: mafft --auto --quiet pan_genome_sequences/tusB.fa > pan_genome_sequences/tusB.fa.aln
2026/04/21 18:45:36 Running command: mafft --auto --quiet pan_genome_sequences/clpP_2.fa > pan_genome_sequences/clpP_2.fa.aln
2026/04/21 18:45:42 Running command: mafft --auto --quiet pan_genome_sequences/group_4943.fa > pan_genome_sequences/group_4943.fa.aln
2026/04/21 18:45:40 Running command: mafft --auto --quiet pan_genome_sequences/recX.fa > pan_genome_sequences/recX.fa.aln
2026/04/21 18:45:39 Running command: mafft --auto --quiet pan_genome_sequences/phnN.fa > pan_genome_sequences/phnN.fa.aln
2026/04/21 18:45:01 Running command: mafft --auto --quiet pan_genome_sequences/tobZ.fa > pan_genome_sequences/tobZ.fa.aln
2026/04/21 18:45:39 Running command: mafft --auto --quiet pan_genome_sequences/truA.fa > pan_genome_sequences/truA.fa.aln
2026/04/21 18:45:45 Running command: mafft --auto --quiet pan_genome_sequences/narW.fa > pan_genome_sequences/narW.fa.aln
2026/04/21 18:44:30 Running command: mafft --auto --quiet pan_genome_sequences/copA_3.fa > pan_genome_sequences/copA_3.fa.aln
2026/04/21 18:45:50 Running command: mafft --auto --quiet pan_genome_sequences/ydjF.fa > pan_genome_sequences/ydjF.fa.aln
2026/04/21 18:45:29 Running command: mafft --auto --quiet pan_genome_sequences/lpdG.fa > pan_genome_sequences/lpdG.fa.aln
2026/04/21 18:45:53 Running command: mafft --auto --quiet pan_genome_sequences/group_6215.fa > pan_genome_sequences/group_6215.fa.aln
2026/04/21 18:45:53 Running command: mafft --auto --quiet pan_genome_sequences/hflD.fa > pan_genome_sequences/hflD.fa.aln
2026/04/21 18:45:44 Running command: mafft --auto --quiet pan_genome_sequences/moeA.fa > pan_genome_sequences/moeA.fa.aln
2026/04/21 18:45:43 Running command: mafft --auto --quiet pan_genome_sequences/cobL.fa > pan_genome_sequences/cobL.fa.aln
2026/04/21 18:45:57 Running command: mafft --auto --quiet pan_genome_sequences/mltF_4.fa > pan_genome_sequences/mltF_4.fa.aln
2026/04/21 18:45:58 Running command: mafft --auto --quiet pan_genome_sequences/nimR_1.fa > pan_genome_sequences/nimR_1.fa.aln
2026/04/21 18:45:59 Running command: mafft --auto --quiet pan_genome_sequences/apbE.fa > pan_genome_sequences/apbE.fa.aln
2026/04/21 18:46:06 Running command: mafft --auto --quiet pan_genome_sequences/phnE_2.fa > pan_genome_sequences/phnE_2.fa.aln
2026/04/21 18:46:07 Running command: mafft --auto --quiet pan_genome_sequences/group_18381.fa > pan_genome_sequences/group_18381.fa.aln
2026/04/21 18:46:15 Running command: mafft --auto --quiet pan_genome_sequences/bauB.fa > pan_genome_sequences/bauB.fa.aln
2026/04/21 18:46:13 Running command: mafft --auto --quiet pan_genome_sequences/engB.fa > pan_genome_sequences/engB.fa.aln
2026/04/21 18:45:58 Running command: mafft --auto --quiet pan_genome_sequences/cca.fa > pan_genome_sequences/cca.fa.aln
2026/04/21 18:46:20 Running command: mafft --auto --quiet pan_genome_sequences/group_5634.fa > pan_genome_sequences/group_5634.fa.aln
2026/04/21 18:46:20 Running command: mafft --auto --quiet pan_genome_sequences/smrA.fa > pan_genome_sequences/smrA.fa.aln
2026/04/21 18:46:24 Running command: mafft --auto --quiet pan_genome_sequences/group_18148.fa > pan_genome_sequences/group_18148.fa.aln
2026/04/21 18:46:25 Running command: mafft --auto --quiet pan_genome_sequences/group_3799.fa > pan_genome_sequences/group_3799.fa.aln
2026/04/21 18:46:14 Running command: mafft --auto --quiet pan_genome_sequences/mucB.fa > pan_genome_sequences/mucB.fa.aln
2026/04/21 18:46:07 Running command: mafft --auto --quiet pan_genome_sequences/epsF_3.fa > pan_genome_sequences/epsF_3.fa.aln
2026/04/21 18:46:17 Running command: mafft --auto --quiet pan_genome_sequences/btuD_3.fa > pan_genome_sequences/btuD_3.fa.aln
2026/04/21 18:46:25 Running command: mafft --auto --quiet pan_genome_sequences/ghrA.fa > pan_genome_sequences/ghrA.fa.aln
2026/04/21 18:46:27 Running command: mafft --auto --quiet pan_genome_sequences/opuAB_1.fa > pan_genome_sequences/opuAB_1.fa.aln
2026/04/21 18:46:27 Running command: mafft --auto --quiet pan_genome_sequences/glpG.fa > pan_genome_sequences/glpG.fa.aln
2026/04/21 18:46:38 Running command: mafft --auto --quiet pan_genome_sequences/group_17802.fa > pan_genome_sequences/group_17802.fa.aln
2026/04/21 18:45:43 Running command: mafft --auto --quiet pan_genome_sequences/group_1630.fa > pan_genome_sequences/group_1630.fa.aln
2026/04/21 18:46:38 Running command: mafft --auto --quiet pan_genome_sequences/alyA_2.fa > pan_genome_sequences/alyA_2.fa.aln
2026/04/21 18:45:15 Running command: mafft --auto --quiet pan_genome_sequences/infB.fa > pan_genome_sequences/infB.fa.aln
2026/04/21 18:46:43 Running command: mafft --auto --quiet pan_genome_sequences/fur.fa > pan_genome_sequences/fur.fa.aln
2026/04/21 18:46:45 Running command: mafft --auto --quiet pan_genome_sequences/rnfA.fa > pan_genome_sequences/rnfA.fa.aln
2026/04/21 18:46:42 Running command: mafft --auto --quiet pan_genome_sequences/group_6045.fa > pan_genome_sequences/group_6045.fa.aln
2026/04/21 18:46:50 Running command: mafft --auto --quiet pan_genome_sequences/group_3022.fa > pan_genome_sequences/group_3022.fa.aln
2026/04/21 18:46:45 Running command: mafft --auto --quiet pan_genome_sequences/group_4314.fa > pan_genome_sequences/group_4314.fa.aln
2026/04/21 18:46:33 Running command: mafft --auto --quiet pan_genome_sequences/cbiA.fa > pan_genome_sequences/cbiA.fa.aln
2026/04/21 18:46:51 Running command: mafft --auto --quiet pan_genome_sequences/rpsB.fa > pan_genome_sequences/rpsB.fa.aln
2026/04/21 18:46:58 Running command: mafft --auto --quiet pan_genome_sequences/isfD.fa > pan_genome_sequences/isfD.fa.aln
2026/04/21 18:46:46 Running command: mafft --auto --quiet pan_genome_sequences/clpX_2.fa > pan_genome_sequences/clpX_2.fa.aln
2026/04/21 18:46:38 Running command: mafft --auto --quiet pan_genome_sequences/gltX.fa > pan_genome_sequences/gltX.fa.aln
2026/04/21 18:46:05 Running command: mafft --auto --quiet pan_genome_sequences/bamA_2.fa > pan_genome_sequences/bamA_2.fa.aln
2026/04/21 18:47:09 Running command: mafft --auto --quiet pan_genome_sequences/group_1980.fa > pan_genome_sequences/group_1980.fa.aln
2026/04/21 18:47:09 Running command: mafft --auto --quiet pan_genome_sequences/group_4213.fa > pan_genome_sequences/group_4213.fa.aln
2026/04/21 18:46:55 Running command: mafft --auto --quiet pan_genome_sequences/group_2392.fa > pan_genome_sequences/group_2392.fa.aln
2026/04/21 18:46:59 Running command: mafft --auto --quiet pan_genome_sequences/hemH.fa > pan_genome_sequences/hemH.fa.aln
2026/04/21 18:46:50 Running command: mafft --auto --quiet pan_genome_sequences/oprO.fa > pan_genome_sequences/oprO.fa.aln
2026/04/21 18:47:14 Running command: mafft --auto --quiet pan_genome_sequences/group_2512.fa > pan_genome_sequences/group_2512.fa.aln
2026/04/21 18:46:28 Running command: mafft --auto --quiet pan_genome_sequences/hscA.fa > pan_genome_sequences/hscA.fa.aln
2026/04/21 18:47:15 Running command: mafft --auto --quiet pan_genome_sequences/group_5463.fa > pan_genome_sequences/group_5463.fa.aln
2026/04/21 18:47:12 Running command: mafft --auto --quiet pan_genome_sequences/serB1.fa > pan_genome_sequences/serB1.fa.aln
2026/04/21 18:47:11 Running command: mafft --auto --quiet pan_genome_sequences/group_18260.fa > pan_genome_sequences/group_18260.fa.aln
2026/04/21 18:47:15 Running command: mafft --auto --quiet pan_genome_sequences/lolD_1.fa > pan_genome_sequences/lolD_1.fa.aln
2026/04/21 18:47:19 Running command: mafft --auto --quiet pan_genome_sequences/algU_1.fa > pan_genome_sequences/algU_1.fa.aln
2026/04/21 18:47:15 Running command: mafft --auto --quiet pan_genome_sequences/group_4463.fa > pan_genome_sequences/group_4463.fa.aln
2026/04/21 18:47:18 Running command: mafft --auto --quiet pan_genome_sequences/yhaJ_4.fa > pan_genome_sequences/yhaJ_4.fa.aln
2026/04/21 18:47:22 Running command: mafft --auto --quiet pan_genome_sequences/group_18500.fa > pan_genome_sequences/group_18500.fa.aln
2026/04/21 18:47:17 Running command: mafft --auto --quiet pan_genome_sequences/group_17803.fa > pan_genome_sequences/group_17803.fa.aln
2026/04/21 18:47:30 Running command: mafft --auto --quiet pan_genome_sequences/group_5953.fa > pan_genome_sequences/group_5953.fa.aln
2026/04/21 18:47:25 Running command: mafft --auto --quiet pan_genome_sequences/opuAB_2.fa > pan_genome_sequences/opuAB_2.fa.aln
2026/04/21 18:47:30 Running command: mafft --auto --quiet pan_genome_sequences/pqiA_3.fa > pan_genome_sequences/pqiA_3.fa.aln
2026/04/21 18:47:06 Running command: mafft --auto --quiet pan_genome_sequences/algE.fa > pan_genome_sequences/algE.fa.aln
2026/04/21 18:47:09 Running command: mafft --auto --quiet pan_genome_sequences/puuB_5.fa > pan_genome_sequences/puuB_5.fa.aln
2026/04/21 18:47:17 Running command: mafft --auto --quiet pan_genome_sequences/lolE_2.fa > pan_genome_sequences/lolE_2.fa.aln
2026/04/21 18:47:37 Running command: mafft --auto --quiet pan_genome_sequences/drgA.fa > pan_genome_sequences/drgA.fa.aln
2026/04/21 18:47:31 Running command: mafft --auto --quiet pan_genome_sequences/dmlR_1.fa > pan_genome_sequences/dmlR_1.fa.aln
2026/04/21 18:47:36 Running command: mafft --auto --quiet pan_genome_sequences/znuC_2.fa > pan_genome_sequences/znuC_2.fa.aln
2026/04/21 18:47:39 Running command: mafft --auto --quiet pan_genome_sequences/group_18103.fa > pan_genome_sequences/group_18103.fa.aln
2026/04/21 18:47:40 Running command: mafft --auto --quiet pan_genome_sequences/group_4278.fa > pan_genome_sequences/group_4278.fa.aln
2026/04/21 18:47:43 Running command: mafft --auto --quiet pan_genome_sequences/yohK_1.fa > pan_genome_sequences/yohK_1.fa.aln
2026/04/21 18:47:50 Running command: mafft --auto --quiet pan_genome_sequences/ppiA.fa > pan_genome_sequences/ppiA.fa.aln
2026/04/21 18:47:47 Running command: mafft --auto --quiet pan_genome_sequences/hmuV.fa > pan_genome_sequences/hmuV.fa.aln
2026/04/21 18:47:46 Running command: mafft --auto --quiet pan_genome_sequences/nosF.fa > pan_genome_sequences/nosF.fa.aln
2026/04/21 18:47:28 Running command: mafft --auto --quiet pan_genome_sequences/group_2187.fa > pan_genome_sequences/group_2187.fa.aln
2026/04/21 18:47:59 Running command: mafft --auto --quiet pan_genome_sequences/adk.fa > pan_genome_sequences/adk.fa.aln
2026/04/21 18:47:43 Running command: mafft --auto --quiet pan_genome_sequences/gap2.fa > pan_genome_sequences/gap2.fa.aln
2026/04/21 18:47:34 Running command: mafft --auto --quiet pan_genome_sequences/hxuB_2.fa > pan_genome_sequences/hxuB_2.fa.aln
2026/04/21 18:48:05 Running command: mafft --auto --quiet pan_genome_sequences/cbiO.fa > pan_genome_sequences/cbiO.fa.aln
2026/04/21 18:48:05 Running command: mafft --auto --quiet pan_genome_sequences/pqsE.fa > pan_genome_sequences/pqsE.fa.aln
2026/04/21 18:48:16 Running command: mafft --auto --quiet pan_genome_sequences/group_5218.fa > pan_genome_sequences/group_5218.fa.aln
2026/04/21 18:47:36 Running command: mafft --auto --quiet pan_genome_sequences/kefC.fa > pan_genome_sequences/kefC.fa.aln
2026/04/21 18:47:55 Running command: mafft --auto --quiet pan_genome_sequences/gatB.fa > pan_genome_sequences/gatB.fa.aln
2026/04/21 18:48:18 Running command: mafft --auto --quiet pan_genome_sequences/glxR_1.fa > pan_genome_sequences/glxR_1.fa.aln
2026/04/21 18:48:13 Running command: mafft --auto --quiet pan_genome_sequences/bphD.fa > pan_genome_sequences/bphD.fa.aln
2026/04/21 18:47:45 Running command: mafft --auto --quiet pan_genome_sequences/dctB_2.fa > pan_genome_sequences/dctB_2.fa.aln
2026/04/21 18:48:25 Running command: mafft --auto --quiet pan_genome_sequences/group_3412.fa > pan_genome_sequences/group_3412.fa.aln
2026/04/21 18:47:55 Running command: mafft --auto --quiet pan_genome_sequences/group_4757.fa > pan_genome_sequences/group_4757.fa.aln
2026/04/21 18:48:15 Running command: mafft --auto --quiet pan_genome_sequences/gltD_2.fa > pan_genome_sequences/gltD_2.fa.aln
2026/04/21 18:48:18 Running command: mafft --auto --quiet pan_genome_sequences/bepA_4.fa > pan_genome_sequences/bepA_4.fa.aln
2026/04/21 18:48:31 Running command: mafft --auto --quiet pan_genome_sequences/ribD.fa > pan_genome_sequences/ribD.fa.aln
2026/04/21 18:48:25 Running command: mafft --auto --quiet pan_genome_sequences/siaM.fa > pan_genome_sequences/siaM.fa.aln
2026/04/21 18:48:44 Running command: mafft --auto --quiet pan_genome_sequences/bvgA_2.fa > pan_genome_sequences/bvgA_2.fa.aln
2026/04/21 18:48:47 Running command: mafft --auto --quiet pan_genome_sequences/group_2423.fa > pan_genome_sequences/group_2423.fa.aln
2026/04/21 18:48:25 Running command: mafft --auto --quiet pan_genome_sequences/sasA_13.fa > pan_genome_sequences/sasA_13.fa.aln
2026/04/21 18:48:26 Running command: mafft --auto --quiet pan_genome_sequences/sasA_4.fa > pan_genome_sequences/sasA_4.fa.aln
2026/04/21 18:48:49 Running command: mafft --auto --quiet pan_genome_sequences/group_5121.fa > pan_genome_sequences/group_5121.fa.aln
2026/04/21 18:48:50 Running command: mafft --auto --quiet pan_genome_sequences/puuR_2.fa > pan_genome_sequences/puuR_2.fa.aln
2026/04/21 18:48:52 Running command: mafft --auto --quiet pan_genome_sequences/group_4397.fa > pan_genome_sequences/group_4397.fa.aln
2026/04/21 18:48:31 Running command: mafft --auto --quiet pan_genome_sequences/gshA.fa > pan_genome_sequences/gshA.fa.aln
2026/04/21 18:48:32 Running command: mafft --auto --quiet pan_genome_sequences/group_5365.fa > pan_genome_sequences/group_5365.fa.aln
2026/04/21 18:48:53 Running command: mafft --auto --quiet pan_genome_sequences/pilT_1.fa > pan_genome_sequences/pilT_1.fa.aln
2026/04/21 18:48:50 Running command: mafft --auto --quiet pan_genome_sequences/hcaT_1.fa > pan_genome_sequences/hcaT_1.fa.aln
2026/04/21 18:49:08 Running command: mafft --auto --quiet pan_genome_sequences/sufE.fa > pan_genome_sequences/sufE.fa.aln
2026/04/21 18:49:06 Running command: mafft --auto --quiet pan_genome_sequences/amiD_1.fa > pan_genome_sequences/amiD_1.fa.aln
2026/04/21 18:48:56 Running command: mafft --auto --quiet pan_genome_sequences/group_2161.fa > pan_genome_sequences/group_2161.fa.aln
2026/04/21 18:49:09 Running command: mafft --auto --quiet pan_genome_sequences/prtR_1.fa > pan_genome_sequences/prtR_1.fa.aln
2026/04/21 18:49:18 Running command: mafft --auto --quiet pan_genome_sequences/group_4441.fa > pan_genome_sequences/group_4441.fa.aln
2026/04/21 18:49:11 Running command: mafft --auto --quiet pan_genome_sequences/map_1.fa > pan_genome_sequences/map_1.fa.aln
2026/04/21 18:49:15 Running command: mafft --auto --quiet pan_genome_sequences/tesA.fa > pan_genome_sequences/tesA.fa.aln
2026/04/21 18:49:15 Running command: mafft --auto --quiet pan_genome_sequences/hdfR_2.fa > pan_genome_sequences/hdfR_2.fa.aln
2026/04/21 18:49:20 Running command: mafft --auto --quiet pan_genome_sequences/creB.fa > pan_genome_sequences/creB.fa.aln
2026/04/21 18:49:26 Running command: mafft --auto --quiet pan_genome_sequences/group_4589.fa > pan_genome_sequences/group_4589.fa.aln
2026/04/21 18:49:20 Running command: mafft --auto --quiet pan_genome_sequences/group_2882.fa > pan_genome_sequences/group_2882.fa.aln
2026/04/21 18:49:09 Running command: mafft --auto --quiet pan_genome_sequences/puuB_9.fa > pan_genome_sequences/puuB_9.fa.aln
2026/04/21 18:49:28 Running command: mafft --auto --quiet pan_genome_sequences/ansB.fa > pan_genome_sequences/ansB.fa.aln
2026/04/21 18:48:50 Running command: mafft --auto --quiet pan_genome_sequences/group_18344.fa > pan_genome_sequences/group_18344.fa.aln
2026/04/21 18:49:25 Running command: mafft --auto --quiet pan_genome_sequences/creD.fa > pan_genome_sequences/creD.fa.aln
2026/04/21 18:49:30 Running command: mafft --auto --quiet pan_genome_sequences/group_5301.fa > pan_genome_sequences/group_5301.fa.aln
2026/04/21 18:49:45 Running command: mafft --auto --quiet pan_genome_sequences/dmlR_25.fa > pan_genome_sequences/dmlR_25.fa.aln
2026/04/21 18:48:58 Running command: mafft --auto --quiet pan_genome_sequences/sasA_15.fa > pan_genome_sequences/sasA_15.fa.aln
2026/04/21 18:49:33 Running command: mafft --auto --quiet pan_genome_sequences/pitA_2.fa > pan_genome_sequences/pitA_2.fa.aln
2026/04/21 18:49:56 Running command: mafft --auto --quiet pan_genome_sequences/petC.fa > pan_genome_sequences/petC.fa.aln
2026/04/21 18:50:01 Running command: mafft --auto --quiet pan_genome_sequences/iscR.fa > pan_genome_sequences/iscR.fa.aln
2026/04/21 18:49:58 Running command: mafft --auto --quiet pan_genome_sequences/group_18400.fa > pan_genome_sequences/group_18400.fa.aln
2026/04/21 18:49:50 Running command: mafft --auto --quiet pan_genome_sequences/ribBA.fa > pan_genome_sequences/ribBA.fa.aln
2026/04/21 18:50:05 Running command: mafft --auto --quiet pan_genome_sequences/fdoI.fa > pan_genome_sequences/fdoI.fa.aln
2026/04/21 18:50:11 Running command: mafft --auto --quiet pan_genome_sequences/ubiK.fa > pan_genome_sequences/ubiK.fa.aln
2026/04/21 18:50:07 Running command: mafft --auto --quiet pan_genome_sequences/cysK.fa > pan_genome_sequences/cysK.fa.aln
2026/04/21 18:49:20 Running command: mafft --auto --quiet pan_genome_sequences/stcD.fa > pan_genome_sequences/stcD.fa.aln
2026/04/21 18:48:49 Running command: mafft --auto --quiet pan_genome_sequences/malT_6.fa > pan_genome_sequences/malT_6.fa.aln
2026/04/21 18:50:24 Running command: mafft --auto --quiet pan_genome_sequences/cobM.fa > pan_genome_sequences/cobM.fa.aln
2026/04/21 18:50:05 Running command: mafft --auto --quiet pan_genome_sequences/group_18263.fa > pan_genome_sequences/group_18263.fa.aln
2026/04/21 18:50:12 Running command: mafft --auto --quiet pan_genome_sequences/pykA.fa > pan_genome_sequences/pykA.fa.aln
2026/04/21 18:50:06 Running command: mafft --auto --quiet pan_genome_sequences/group_2133.fa > pan_genome_sequences/group_2133.fa.aln
2026/04/21 18:50:33 Running command: mafft --auto --quiet pan_genome_sequences/msrP.fa > pan_genome_sequences/msrP.fa.aln
2026/04/21 18:50:47 Running command: mafft --auto --quiet pan_genome_sequences/group_18585.fa > pan_genome_sequences/group_18585.fa.aln
2026/04/21 18:50:50 Running command: mafft --auto --quiet pan_genome_sequences/rpmA.fa > pan_genome_sequences/rpmA.fa.aln
2026/04/21 18:50:48 Running command: mafft --auto --quiet pan_genome_sequences/group_17760.fa > pan_genome_sequences/group_17760.fa.aln
2026/04/21 18:50:42 Running command: mafft --auto --quiet pan_genome_sequences/truD.fa > pan_genome_sequences/truD.fa.aln
2026/04/21 18:50:54 Running command: mafft --auto --quiet pan_genome_sequences/group_17494.fa > pan_genome_sequences/group_17494.fa.aln
2026/04/21 18:50:51 Running command: mafft --auto --quiet pan_genome_sequences/pucA.fa > pan_genome_sequences/pucA.fa.aln
2026/04/21 18:50:59 Running command: mafft --auto --quiet pan_genome_sequences/gshB.fa > pan_genome_sequences/gshB.fa.aln
2026/04/21 18:50:22 Running command: mafft --auto --quiet pan_genome_sequences/mnmG.fa > pan_genome_sequences/mnmG.fa.aln
2026/04/21 18:50:21 Running command: mafft --auto --quiet pan_genome_sequences/fadF.fa > pan_genome_sequences/fadF.fa.aln
2026/04/21 18:50:32 Running command: mafft --auto --quiet pan_genome_sequences/ephD.fa > pan_genome_sequences/ephD.fa.aln
2026/04/21 18:51:06 Running command: mafft --auto --quiet pan_genome_sequences/occR.fa > pan_genome_sequences/occR.fa.aln
2026/04/21 18:50:04 Running command: mafft --auto --quiet pan_genome_sequences/bamA_1.fa > pan_genome_sequences/bamA_1.fa.aln
2026/04/21 18:51:03 Running command: mafft --auto --quiet pan_genome_sequences/nicP_6.fa > pan_genome_sequences/nicP_6.fa.aln
2026/04/21 18:51:14 Running command: mafft --auto --quiet pan_genome_sequences/group_5253.fa > pan_genome_sequences/group_5253.fa.aln
2026/04/21 18:51:24 Running command: mafft --auto --quiet pan_genome_sequences/rsd.fa > pan_genome_sequences/rsd.fa.aln
2026/04/21 18:51:27 Running command: mafft --auto --quiet pan_genome_sequences/yffB.fa > pan_genome_sequences/yffB.fa.aln
2026/04/21 18:51:15 Running command: mafft --auto --quiet pan_genome_sequences/yiaV.fa > pan_genome_sequences/yiaV.fa.aln
2026/04/21 18:51:18 Running command: mafft --auto --quiet pan_genome_sequences/apaH_2.fa > pan_genome_sequences/apaH_2.fa.aln
2026/04/21 18:51:19 Running command: mafft --auto --quiet pan_genome_sequences/dadX.fa > pan_genome_sequences/dadX.fa.aln
2026/04/21 18:51:33 Running command: mafft --auto --quiet pan_genome_sequences/group_4594.fa > pan_genome_sequences/group_4594.fa.aln
2026/04/21 18:51:11 Running command: mafft --auto --quiet pan_genome_sequences/puuB_4.fa > pan_genome_sequences/puuB_4.fa.aln
2026/04/21 18:51:28 Running command: mafft --auto --quiet pan_genome_sequences/speE_2.fa > pan_genome_sequences/speE_2.fa.aln
2026/04/21 18:51:35 Running command: mafft --auto --quiet pan_genome_sequences/group_4944.fa > pan_genome_sequences/group_4944.fa.aln
2026/04/21 18:51:25 Running command: mafft --auto --quiet pan_genome_sequences/sbnA.fa > pan_genome_sequences/sbnA.fa.aln
2026/04/21 18:51:30 Running command: mafft --auto --quiet pan_genome_sequences/dnaJ.fa > pan_genome_sequences/dnaJ.fa.aln
2026/04/21 18:51:39 Running command: mafft --auto --quiet pan_genome_sequences/pchR.fa > pan_genome_sequences/pchR.fa.aln
2026/04/21 18:51:50 Running command: mafft --auto --quiet pan_genome_sequences/group_5470.fa > pan_genome_sequences/group_5470.fa.aln
2026/04/21 18:51:31 Running command: mafft --auto --quiet pan_genome_sequences/hflX.fa > pan_genome_sequences/hflX.fa.aln
2026/04/21 18:49:51 Running command: mafft --auto --quiet pan_genome_sequences/glnE.fa > pan_genome_sequences/glnE.fa.aln
2026/04/21 18:51:35 Running command: mafft --auto --quiet pan_genome_sequences/guaD_3.fa > pan_genome_sequences/guaD_3.fa.aln
2026/04/21 18:51:54 Running command: mafft --auto --quiet pan_genome_sequences/trmR_2.fa > pan_genome_sequences/trmR_2.fa.aln
2026/04/21 18:51:56 Running command: mafft --auto --quiet pan_genome_sequences/group_4411.fa > pan_genome_sequences/group_4411.fa.aln
2026/04/21 18:51:35 Running command: mafft --auto --quiet pan_genome_sequences/group_4501.fa > pan_genome_sequences/group_4501.fa.aln
2026/04/21 18:52:02 Running command: mafft --auto --quiet pan_genome_sequences/fliN.fa > pan_genome_sequences/fliN.fa.aln
2026/04/21 18:51:39 Running command: mafft --auto --quiet pan_genome_sequences/phoA.fa > pan_genome_sequences/phoA.fa.aln
2026/04/21 18:51:42 Running command: mafft --auto --quiet pan_genome_sequences/group_5383.fa > pan_genome_sequences/group_5383.fa.aln
2026/04/21 18:52:08 Running command: mafft --auto --quiet pan_genome_sequences/rnc.fa > pan_genome_sequences/rnc.fa.aln
2026/04/21 18:51:48 Running command: mafft --auto --quiet pan_genome_sequences/fumC_1.fa > pan_genome_sequences/fumC_1.fa.aln
2026/04/21 18:51:54 Running command: mafft --auto --quiet pan_genome_sequences/amiC_3.fa > pan_genome_sequences/amiC_3.fa.aln
2026/04/21 18:52:09 Running command: mafft --auto --quiet pan_genome_sequences/group_4566.fa > pan_genome_sequences/group_4566.fa.aln
2026/04/21 18:52:00 Running command: mafft --auto --quiet pan_genome_sequences/accC_1.fa > pan_genome_sequences/accC_1.fa.aln
2026/04/21 18:52:16 Running command: mafft --auto --quiet pan_genome_sequences/dmlR_22.fa > pan_genome_sequences/dmlR_22.fa.aln
2026/04/21 18:52:05 Running command: mafft --auto --quiet pan_genome_sequences/group_6890.fa > pan_genome_sequences/group_6890.fa.aln
2026/04/21 18:52:24 Running command: mafft --auto --quiet pan_genome_sequences/group_2023.fa > pan_genome_sequences/group_2023.fa.aln
2026/04/21 18:52:28 Running command: mafft --auto --quiet pan_genome_sequences/ubiJ_2.fa > pan_genome_sequences/ubiJ_2.fa.aln
2026/04/21 18:52:29 Running command: mafft --auto --quiet pan_genome_sequences/glnQ_1.fa > pan_genome_sequences/glnQ_1.fa.aln
2026/04/21 18:52:24 Running command: mafft --auto --quiet pan_genome_sequences/rhaS_9.fa > pan_genome_sequences/rhaS_9.fa.aln
2026/04/21 18:52:38 Running command: mafft --auto --quiet pan_genome_sequences/group_17813.fa > pan_genome_sequences/group_17813.fa.aln
2026/04/21 18:52:37 Running command: mafft --auto --quiet pan_genome_sequences/group_5813.fa > pan_genome_sequences/group_5813.fa.aln
2026/04/21 18:52:41 Running command: mafft --auto --quiet pan_genome_sequences/group_17099.fa > pan_genome_sequences/group_17099.fa.aln
2026/04/21 18:52:27 Running command: mafft --auto --quiet pan_genome_sequences/group_5637.fa > pan_genome_sequences/group_5637.fa.aln
2026/04/21 18:52:29 Running command: mafft --auto --quiet pan_genome_sequences/argC.fa > pan_genome_sequences/argC.fa.aln
2026/04/21 18:52:44 Running command: mafft --auto --quiet pan_genome_sequences/btuE_1.fa > pan_genome_sequences/btuE_1.fa.aln
2026/04/21 18:52:02 Running command: mafft --auto --quiet pan_genome_sequences/vgrG1_1.fa > pan_genome_sequences/vgrG1_1.fa.aln
2026/04/21 18:52:43 Running command: mafft --auto --quiet pan_genome_sequences/group_17974.fa > pan_genome_sequences/group_17974.fa.aln
2026/04/21 18:52:55 Running command: mafft --auto --quiet pan_genome_sequences/tusA_1.fa > pan_genome_sequences/tusA_1.fa.aln
2026/04/21 18:52:55 Running command: mafft --auto --quiet pan_genome_sequences/ohrR.fa > pan_genome_sequences/ohrR.fa.aln
2026/04/21 18:52:49 Running command: mafft --auto --quiet pan_genome_sequences/dapB.fa > pan_genome_sequences/dapB.fa.aln
2026/04/21 18:52:59 Running command: mafft --auto --quiet pan_genome_sequences/sutR_1.fa > pan_genome_sequences/sutR_1.fa.aln
2026/04/21 18:52:56 Running command: mafft --auto --quiet pan_genome_sequences/yfcA.fa > pan_genome_sequences/yfcA.fa.aln
2026/04/21 18:52:58 Running command: mafft --auto --quiet pan_genome_sequences/tctD.fa > pan_genome_sequences/tctD.fa.aln
2026/04/21 18:53:03 Running command: mafft --auto --quiet pan_genome_sequences/flgB.fa > pan_genome_sequences/flgB.fa.aln
2026/04/21 18:53:06 Running command: mafft --auto --quiet pan_genome_sequences/group_5135.fa > pan_genome_sequences/group_5135.fa.aln
2026/04/21 18:52:33 Running command: mafft --auto --quiet pan_genome_sequences/glnS.fa > pan_genome_sequences/glnS.fa.aln
2026/04/21 18:52:01 Running command: mafft --auto --quiet pan_genome_sequences/group_5798.fa > pan_genome_sequences/group_5798.fa.aln
2026/04/21 18:52:40 Running command: mafft --auto --quiet pan_genome_sequences/entS_2.fa > pan_genome_sequences/entS_2.fa.aln
2026/04/21 18:52:16 Running command: mafft --auto --quiet pan_genome_sequences/fadJ.fa > pan_genome_sequences/fadJ.fa.aln
2026/04/21 18:53:05 Running command: mafft --auto --quiet pan_genome_sequences/cefD_2.fa > pan_genome_sequences/cefD_2.fa.aln
2026/04/21 18:53:27 Running command: mafft --auto --quiet pan_genome_sequences/aaeX_1.fa > pan_genome_sequences/aaeX_1.fa.aln
2026/04/21 18:53:10 Running command: mafft --auto --quiet pan_genome_sequences/group_2089.fa > pan_genome_sequences/group_2089.fa.aln
2026/04/21 18:53:31 Running command: mafft --auto --quiet pan_genome_sequences/csrA_2.fa > pan_genome_sequences/csrA_2.fa.aln
2026/04/21 18:53:13 Running command: mafft --auto --quiet pan_genome_sequences/ynfM_2.fa > pan_genome_sequences/ynfM_2.fa.aln
2026/04/21 18:53:32 Running command: mafft --auto --quiet pan_genome_sequences/tpx.fa > pan_genome_sequences/tpx.fa.aln
2026/04/21 18:53:28 Running command: mafft --auto --quiet pan_genome_sequences/secF.fa > pan_genome_sequences/secF.fa.aln
2026/04/21 18:53:05 Running command: mafft --auto --quiet pan_genome_sequences/pitA_1.fa > pan_genome_sequences/pitA_1.fa.aln
2026/04/21 18:53:21 Running command: mafft --auto --quiet pan_genome_sequences/group_2530.fa > pan_genome_sequences/group_2530.fa.aln
2026/04/21 18:53:34 Running command: mafft --auto --quiet pan_genome_sequences/group_4492.fa > pan_genome_sequences/group_4492.fa.aln
2026/04/21 18:53:40 Running command: mafft --auto --quiet pan_genome_sequences/gloC.fa > pan_genome_sequences/gloC.fa.aln
2026/04/21 18:53:42 Running command: mafft --auto --quiet pan_genome_sequences/group_4923.fa > pan_genome_sequences/group_4923.fa.aln
2026/04/21 18:53:43 Running command: mafft --auto --quiet pan_genome_sequences/group_3109.fa > pan_genome_sequences/group_3109.fa.aln
2026/04/21 18:53:47 Running command: mafft --auto --quiet pan_genome_sequences/group_17444.fa > pan_genome_sequences/group_17444.fa.aln
2026/04/21 18:53:49 Running command: mafft --auto --quiet pan_genome_sequences/btuF_2.fa > pan_genome_sequences/btuF_2.fa.aln
2026/04/21 18:52:42 Running command: mafft --auto --quiet pan_genome_sequences/ppsA.fa > pan_genome_sequences/ppsA.fa.aln
2026/04/21 18:53:13 Running command: mafft --auto --quiet pan_genome_sequences/btuB_1.fa > pan_genome_sequences/btuB_1.fa.aln
2026/04/21 18:53:59 Running command: mafft --auto --quiet pan_genome_sequences/prmC_1.fa > pan_genome_sequences/prmC_1.fa.aln
2026/04/21 18:54:01 Running command: mafft --auto --quiet pan_genome_sequences/fhuC.fa > pan_genome_sequences/fhuC.fa.aln
2026/04/21 18:54:02 Running command: mafft --auto --quiet pan_genome_sequences/ugpQ.fa > pan_genome_sequences/ugpQ.fa.aln
2026/04/21 18:53:43 Running command: mafft --auto --quiet pan_genome_sequences/cydA.fa > pan_genome_sequences/cydA.fa.aln
2026/04/21 18:53:48 Running command: mafft --auto --quiet pan_genome_sequences/dctD_2.fa > pan_genome_sequences/dctD_2.fa.aln
2026/04/21 18:53:16 Running command: mafft --auto --quiet pan_genome_sequences/group_4425.fa > pan_genome_sequences/group_4425.fa.aln
2026/04/21 18:54:17 Running command: mafft --auto --quiet pan_genome_sequences/azu.fa > pan_genome_sequences/azu.fa.aln
2026/04/21 18:54:16 Running command: mafft --auto --quiet pan_genome_sequences/group_5261.fa > pan_genome_sequences/group_5261.fa.aln
2026/04/21 18:54:05 Running command: mafft --auto --quiet pan_genome_sequences/mmgC_4.fa > pan_genome_sequences/mmgC_4.fa.aln
2026/04/21 18:54:20 Running command: mafft --auto --quiet pan_genome_sequences/group_18151.fa > pan_genome_sequences/group_18151.fa.aln
2026/04/21 18:54:24 Running command: mafft --auto --quiet pan_genome_sequences/group_3402.fa > pan_genome_sequences/group_3402.fa.aln
2026/04/21 18:54:24 Running command: mafft --auto --quiet pan_genome_sequences/argP_2.fa > pan_genome_sequences/argP_2.fa.aln
2026/04/21 18:54:10 Running command: mafft --auto --quiet pan_genome_sequences/mepM.fa > pan_genome_sequences/mepM.fa.aln
2026/04/21 18:54:10 Running command: mafft --auto --quiet pan_genome_sequences/ccoN1_2.fa > pan_genome_sequences/ccoN1_2.fa.aln
2026/04/21 18:54:27 Running command: mafft --auto --quiet pan_genome_sequences/dppD.fa > pan_genome_sequences/dppD.fa.aln
2026/04/21 18:54:35 Running command: mafft --auto --quiet pan_genome_sequences/mtnB.fa > pan_genome_sequences/mtnB.fa.aln
2026/04/21 18:54:39 Running command: mafft --auto --quiet pan_genome_sequences/mscL.fa > pan_genome_sequences/mscL.fa.aln
2026/04/21 18:54:41 Running command: mafft --auto --quiet pan_genome_sequences/gcvP_1.fa > pan_genome_sequences/gcvP_1.fa.aln
2026/04/21 18:54:43 Running command: mafft --auto --quiet pan_genome_sequences/group_4503.fa > pan_genome_sequences/group_4503.fa.aln
2026/04/21 18:54:41 Running command: mafft --auto --quiet pan_genome_sequences/fabG_7.fa > pan_genome_sequences/fabG_7.fa.aln
2026/04/21 18:53:36 Running command: mafft --auto --quiet pan_genome_sequences/group_5414.fa > pan_genome_sequences/group_5414.fa.aln
2026/04/21 18:54:45 Running command: mafft --auto --quiet pan_genome_sequences/trmO.fa > pan_genome_sequences/trmO.fa.aln
2026/04/21 18:54:35 Running command: mafft --auto --quiet pan_genome_sequences/selU.fa > pan_genome_sequences/selU.fa.aln
2026/04/21 18:54:39 Running command: mafft --auto --quiet pan_genome_sequences/lysA.fa > pan_genome_sequences/lysA.fa.aln
2026/04/21 18:54:13 Running command: mafft --auto --quiet pan_genome_sequences/htpG_2.fa > pan_genome_sequences/htpG_2.fa.aln
2026/04/21 18:54:52 Running command: mafft --auto --quiet pan_genome_sequences/thiL.fa > pan_genome_sequences/thiL.fa.aln
2026/04/21 18:54:52 Running command: mafft --auto --quiet pan_genome_sequences/epd_2.fa > pan_genome_sequences/epd_2.fa.aln
2026/04/21 18:54:42 Running command: mafft --auto --quiet pan_genome_sequences/group_17612.fa > pan_genome_sequences/group_17612.fa.aln
2026/04/21 18:55:05 Running command: mafft --auto --quiet pan_genome_sequences/group_18232.fa > pan_genome_sequences/group_18232.fa.aln
2026/04/21 18:55:07 Running command: mafft --auto --quiet pan_genome_sequences/group_17110.fa > pan_genome_sequences/group_17110.fa.aln
2026/04/21 18:55:08 Running command: mafft --auto --quiet pan_genome_sequences/apaG.fa > pan_genome_sequences/apaG.fa.aln
2026/04/21 18:55:07 Running command: mafft --auto --quiet pan_genome_sequences/apt.fa > pan_genome_sequences/apt.fa.aln
2026/04/21 18:55:11 Running command: mafft --auto --quiet pan_genome_sequences/group_17848.fa > pan_genome_sequences/group_17848.fa.aln
2026/04/21 18:55:12 Running command: mafft --auto --quiet pan_genome_sequences/group_4211.fa > pan_genome_sequences/group_4211.fa.aln
2026/04/21 18:54:53 Running command: mafft --auto --quiet pan_genome_sequences/group_17933.fa > pan_genome_sequences/group_17933.fa.aln
2026/04/21 18:55:08 Running command: mafft --auto --quiet pan_genome_sequences/group_18586.fa > pan_genome_sequences/group_18586.fa.aln
2026/04/21 18:55:02 Running command: mafft --auto --quiet pan_genome_sequences/yhdW.fa > pan_genome_sequences/yhdW.fa.aln
2026/04/21 18:55:14 Running command: mafft --auto --quiet pan_genome_sequences/group_3492.fa > pan_genome_sequences/group_3492.fa.aln
2026/04/21 18:55:10 Running command: mafft --auto --quiet pan_genome_sequences/trmB.fa > pan_genome_sequences/trmB.fa.aln
2026/04/21 18:55:17 Running command: mafft --auto --quiet pan_genome_sequences/yjiK_2.fa > pan_genome_sequences/yjiK_2.fa.aln
2026/04/21 18:55:15 Running command: mafft --auto --quiet pan_genome_sequences/tgt.fa > pan_genome_sequences/tgt.fa.aln
2026/04/21 18:54:50 Running command: mafft --auto --quiet pan_genome_sequences/kefB.fa > pan_genome_sequences/kefB.fa.aln
2026/04/21 18:53:49 Running command: mafft --auto --quiet pan_genome_sequences/secA.fa > pan_genome_sequences/secA.fa.aln
2026/04/21 18:55:36 Running command: mafft --auto --quiet pan_genome_sequences/lemA_1.fa > pan_genome_sequences/lemA_1.fa.aln
2026/04/21 18:55:29 Running command: mafft --auto --quiet pan_genome_sequences/mltG.fa > pan_genome_sequences/mltG.fa.aln
2026/04/21 18:55:45 Running command: mafft --auto --quiet pan_genome_sequences/feoA.fa > pan_genome_sequences/feoA.fa.aln
2026/04/21 18:55:18 Running command: mafft --auto --quiet pan_genome_sequences/ilvA_1.fa > pan_genome_sequences/ilvA_1.fa.aln
2026/04/21 18:55:02 Running command: mafft --auto --quiet pan_genome_sequences/ftsH_1.fa > pan_genome_sequences/ftsH_1.fa.aln
2026/04/21 18:55:54 Running command: mafft --auto --quiet pan_genome_sequences/group_4956.fa > pan_genome_sequences/group_4956.fa.aln
2026/04/21 18:55:34 Running command: mafft --auto --quiet pan_genome_sequences/folC.fa > pan_genome_sequences/folC.fa.aln
2026/04/21 18:55:33 Running command: mafft --auto --quiet pan_genome_sequences/thrC.fa > pan_genome_sequences/thrC.fa.aln
2026/04/21 18:55:16 Running command: mafft --auto --quiet pan_genome_sequences/yjcS.fa > pan_genome_sequences/yjcS.fa.aln
2026/04/21 18:56:01 Running command: mafft --auto --quiet pan_genome_sequences/cheB_5.fa > pan_genome_sequences/cheB_5.fa.aln
2026/04/21 18:56:13 Running command: mafft --auto --quiet pan_genome_sequences/group_6043.fa > pan_genome_sequences/group_6043.fa.aln
2026/04/21 18:55:51 Running command: mafft --auto --quiet pan_genome_sequences/nicP_10.fa > pan_genome_sequences/nicP_10.fa.aln
2026/04/21 18:55:55 Running command: mafft --auto --quiet pan_genome_sequences/group_4581.fa > pan_genome_sequences/group_4581.fa.aln
2026/04/21 18:56:15 Running command: mafft --auto --quiet pan_genome_sequences/hupA.fa > pan_genome_sequences/hupA.fa.aln
2026/04/21 18:55:17 Running command: mafft --auto --quiet pan_genome_sequences/recG.fa > pan_genome_sequences/recG.fa.aln
2026/04/21 18:56:17 Running command: mafft --auto --quiet pan_genome_sequences/group_3028.fa > pan_genome_sequences/group_3028.fa.aln
2026/04/21 18:55:46 Running command: mafft --auto --quiet pan_genome_sequences/dppA_1.fa > pan_genome_sequences/dppA_1.fa.aln
2026/04/21 18:55:57 Running command: mafft --auto --quiet pan_genome_sequences/adeP_1.fa > pan_genome_sequences/adeP_1.fa.aln
2026/04/21 18:55:41 Running command: mafft --auto --quiet pan_genome_sequences/group_4256.fa > pan_genome_sequences/group_4256.fa.aln
2026/04/21 18:56:14 Running command: mafft --auto --quiet pan_genome_sequences/group_18240.fa > pan_genome_sequences/group_18240.fa.aln
2026/04/21 18:56:14 Running command: mafft --auto --quiet pan_genome_sequences/group_18135.fa > pan_genome_sequences/group_18135.fa.aln
2026/04/21 18:56:18 Running command: mafft --auto --quiet pan_genome_sequences/group_5266.fa > pan_genome_sequences/group_5266.fa.aln
2026/04/21 18:56:20 Running command: mafft --auto --quiet pan_genome_sequences/rtcB_2.fa > pan_genome_sequences/rtcB_2.fa.aln
2026/04/21 18:56:34 Running command: mafft --auto --quiet pan_genome_sequences/group_6892.fa > pan_genome_sequences/group_6892.fa.aln
2026/04/21 18:56:23 Running command: mafft --auto --quiet pan_genome_sequences/group_5182.fa > pan_genome_sequences/group_5182.fa.aln
2026/04/21 18:56:12 Running command: mafft --auto --quiet pan_genome_sequences/malT_1.fa > pan_genome_sequences/malT_1.fa.aln
2026/04/21 18:56:31 Running command: mafft --auto --quiet pan_genome_sequences/fbp_2.fa > pan_genome_sequences/fbp_2.fa.aln
2026/04/21 18:56:28 Running command: mafft --auto --quiet pan_genome_sequences/bcr_1.fa > pan_genome_sequences/bcr_1.fa.aln
2026/04/21 18:56:41 Running command: mafft --auto --quiet pan_genome_sequences/ompR_3.fa > pan_genome_sequences/ompR_3.fa.aln
2026/04/21 18:56:22 Running command: mafft --auto --quiet pan_genome_sequences/rlhA.fa > pan_genome_sequences/rlhA.fa.aln
2026/04/21 18:56:49 Running command: mafft --auto --quiet pan_genome_sequences/group_2426.fa > pan_genome_sequences/group_2426.fa.aln
2026/04/21 18:56:44 Running command: mafft --auto --quiet pan_genome_sequences/group_18524.fa > pan_genome_sequences/group_18524.fa.aln
2026/04/21 18:56:43 Running command: mafft --auto --quiet pan_genome_sequences/potA_6.fa > pan_genome_sequences/potA_6.fa.aln
2026/04/21 18:56:46 Running command: mafft --auto --quiet pan_genome_sequences/group_5289.fa > pan_genome_sequences/group_5289.fa.aln
2026/04/21 18:56:57 Running command: mafft --auto --quiet pan_genome_sequences/dsbC.fa > pan_genome_sequences/dsbC.fa.aln
2026/04/21 18:56:54 Running command: mafft --auto --quiet pan_genome_sequences/accA_1.fa > pan_genome_sequences/accA_1.fa.aln
2026/04/21 18:56:41 Running command: mafft --auto --quiet pan_genome_sequences/group_17623.fa > pan_genome_sequences/group_17623.fa.aln
2026/04/21 18:57:05 Running command: mafft --auto --quiet pan_genome_sequences/group_17185.fa > pan_genome_sequences/group_17185.fa.aln
2026/04/21 18:56:58 Running command: mafft --auto --quiet pan_genome_sequences/rluC.fa > pan_genome_sequences/rluC.fa.aln
2026/04/21 18:56:36 Running command: mafft --auto --quiet pan_genome_sequences/fadD_1.fa > pan_genome_sequences/fadD_1.fa.aln
2026/04/21 18:56:49 Running command: mafft --auto --quiet pan_genome_sequences/sasA_5.fa > pan_genome_sequences/sasA_5.fa.aln
2026/04/21 18:57:07 Running command: mafft --auto --quiet pan_genome_sequences/ispH.fa > pan_genome_sequences/ispH.fa.aln
2026/04/21 18:57:10 Running command: mafft --auto --quiet pan_genome_sequences/kdsA.fa > pan_genome_sequences/kdsA.fa.aln
2026/04/21 18:56:56 Running command: mafft --auto --quiet pan_genome_sequences/rhlE_3.fa > pan_genome_sequences/rhlE_3.fa.aln
2026/04/21 18:57:16 Running command: mafft --auto --quiet pan_genome_sequences/nuoB.fa > pan_genome_sequences/nuoB.fa.aln
2026/04/21 18:57:11 Running command: mafft --auto --quiet pan_genome_sequences/group_3115.fa > pan_genome_sequences/group_3115.fa.aln
2026/04/21 18:57:19 Running command: mafft --auto --quiet pan_genome_sequences/lpxL_2.fa > pan_genome_sequences/lpxL_2.fa.aln
2026/04/21 18:57:25 Running command: mafft --auto --quiet pan_genome_sequences/group_4525.fa > pan_genome_sequences/group_4525.fa.aln
2026/04/21 18:57:21 Running command: mafft --auto --quiet pan_genome_sequences/epd_1.fa > pan_genome_sequences/epd_1.fa.aln
2026/04/21 18:57:32 Running command: mafft --auto --quiet pan_genome_sequences/group_18523.fa > pan_genome_sequences/group_18523.fa.aln
2026/04/21 18:57:20 Running command: mafft --auto --quiet pan_genome_sequences/tyrS_1.fa > pan_genome_sequences/tyrS_1.fa.aln
2026/04/21 18:57:21 Running command: mafft --auto --quiet pan_genome_sequences/amtB_1.fa > pan_genome_sequences/amtB_1.fa.aln
2026/04/21 18:56:47 Running command: mafft --auto --quiet pan_genome_sequences/betT2.fa > pan_genome_sequences/betT2.fa.aln
2026/04/21 18:57:34 Running command: mafft --auto --quiet pan_genome_sequences/nagR_3.fa > pan_genome_sequences/nagR_3.fa.aln
2026/04/21 18:57:41 Running command: mafft --auto --quiet pan_genome_sequences/group_18214.fa > pan_genome_sequences/group_18214.fa.aln
2026/04/21 18:57:23 Running command: mafft --auto --quiet pan_genome_sequences/dctM_1.fa > pan_genome_sequences/dctM_1.fa.aln
2026/04/21 18:57:43 Running command: mafft --auto --quiet pan_genome_sequences/nudC_1.fa > pan_genome_sequences/nudC_1.fa.aln
2026/04/21 18:57:42 Running command: mafft --auto --quiet pan_genome_sequences/msrQ.fa > pan_genome_sequences/msrQ.fa.aln
2026/04/21 18:57:48 Running command: mafft --auto --quiet pan_genome_sequences/ssb.fa > pan_genome_sequences/ssb.fa.aln
2026/04/21 18:57:44 Running command: mafft --auto --quiet pan_genome_sequences/ydcV_3.fa > pan_genome_sequences/ydcV_3.fa.aln
2026/04/21 18:57:51 Running command: mafft --auto --quiet pan_genome_sequences/group_5940.fa > pan_genome_sequences/group_5940.fa.aln
2026/04/21 18:57:48 Running command: mafft --auto --quiet pan_genome_sequences/yciV.fa > pan_genome_sequences/yciV.fa.aln
2026/04/21 18:57:42 Running command: mafft --auto --quiet pan_genome_sequences/menB_2.fa > pan_genome_sequences/menB_2.fa.aln
2026/04/21 18:57:37 Running command: mafft --auto --quiet pan_genome_sequences/spuC_1.fa > pan_genome_sequences/spuC_1.fa.aln
2026/04/21 18:57:09 Running command: mafft --auto --quiet pan_genome_sequences/group_18555.fa > pan_genome_sequences/group_18555.fa.aln
2026/04/21 18:58:00 Running command: mafft --auto --quiet pan_genome_sequences/group_2091.fa > pan_genome_sequences/group_2091.fa.aln
2026/04/21 18:57:46 Running command: mafft --auto --quiet pan_genome_sequences/obg.fa > pan_genome_sequences/obg.fa.aln
2026/04/21 18:58:04 Running command: mafft --auto --quiet pan_genome_sequences/amiD_2.fa > pan_genome_sequences/amiD_2.fa.aln
2026/04/21 18:58:07 Running command: mafft --auto --quiet pan_genome_sequences/cmoM.fa > pan_genome_sequences/cmoM.fa.aln
2026/04/21 18:57:59 Running command: mafft --auto --quiet pan_genome_sequences/ugpC.fa > pan_genome_sequences/ugpC.fa.aln
2026/04/21 18:57:56 Running command: mafft --auto --quiet pan_genome_sequences/group_5669.fa > pan_genome_sequences/group_5669.fa.aln
2026/04/21 18:58:22 Running command: mafft --auto --quiet pan_genome_sequences/group_5290.fa > pan_genome_sequences/group_5290.fa.aln
2026/04/21 18:58:15 Running command: mafft --auto --quiet pan_genome_sequences/pcpR_3.fa > pan_genome_sequences/pcpR_3.fa.aln
2026/04/21 18:58:08 Running command: mafft --auto --quiet pan_genome_sequences/acrE.fa > pan_genome_sequences/acrE.fa.aln
2026/04/21 18:58:25 Running command: mafft --auto --quiet pan_genome_sequences/group_18488.fa > pan_genome_sequences/group_18488.fa.aln
2026/04/21 18:58:27 Running command: mafft --auto --quiet pan_genome_sequences/group_18598.fa > pan_genome_sequences/group_18598.fa.aln
2026/04/21 18:58:27 Running command: mafft --auto --quiet pan_genome_sequences/group_17048.fa > pan_genome_sequences/group_17048.fa.aln
2026/04/21 18:58:05 Running command: mafft --auto --quiet pan_genome_sequences/sthA.fa > pan_genome_sequences/sthA.fa.aln
2026/04/21 18:58:27 Running command: mafft --auto --quiet pan_genome_sequences/cntL.fa > pan_genome_sequences/cntL.fa.aln
2026/04/21 18:58:32 Running command: mafft --auto --quiet pan_genome_sequences/hscB.fa > pan_genome_sequences/hscB.fa.aln
2026/04/21 18:58:28 Running command: mafft --auto --quiet pan_genome_sequences/crt_3.fa > pan_genome_sequences/crt_3.fa.aln
2026/04/21 18:58:38 Running command: mafft --auto --quiet pan_genome_sequences/group_3413.fa > pan_genome_sequences/group_3413.fa.aln
2026/04/21 18:58:18 Running command: mafft --auto --quiet pan_genome_sequences/acrC_1.fa > pan_genome_sequences/acrC_1.fa.aln
2026/04/21 18:58:36 Running command: mafft --auto --quiet pan_genome_sequences/group_3034.fa > pan_genome_sequences/group_3034.fa.aln
2026/04/21 18:57:38 Running command: mafft --auto --quiet pan_genome_sequences/cntO_2.fa > pan_genome_sequences/cntO_2.fa.aln
2026/04/21 18:58:46 Running command: mafft --auto --quiet pan_genome_sequences/gspH.fa > pan_genome_sequences/gspH.fa.aln
2026/04/21 18:58:48 Running command: mafft --auto --quiet pan_genome_sequences/norC.fa > pan_genome_sequences/norC.fa.aln
2026/04/21 18:58:37 Running command: mafft --auto --quiet pan_genome_sequences/lifO.fa > pan_genome_sequences/lifO.fa.aln
2026/04/21 18:58:31 Running command: mafft --auto --quiet pan_genome_sequences/rhlE_2.fa > pan_genome_sequences/rhlE_2.fa.aln
2026/04/21 18:58:52 Running command: mafft --auto --quiet pan_genome_sequences/mprA.fa > pan_genome_sequences/mprA.fa.aln
2026/04/21 18:58:42 Running command: mafft --auto --quiet pan_genome_sequences/lldD_2.fa > pan_genome_sequences/lldD_2.fa.aln
2026/04/21 18:58:42 Running command: mafft --auto --quiet pan_genome_sequences/prpF.fa > pan_genome_sequences/prpF.fa.aln
2026/04/21 18:58:58 Running command: mafft --auto --quiet pan_genome_sequences/ybaK.fa > pan_genome_sequences/ybaK.fa.aln
2026/04/21 18:58:51 Running command: mafft --auto --quiet pan_genome_sequences/tolA.fa > pan_genome_sequences/tolA.fa.aln
2026/04/21 18:59:07 Running command: mafft --auto --quiet pan_genome_sequences/group_4549.fa > pan_genome_sequences/group_4549.fa.aln
2026/04/21 18:59:00 Running command: mafft --auto --quiet pan_genome_sequences/serC.fa > pan_genome_sequences/serC.fa.aln
2026/04/21 18:59:17 Running command: mafft --auto --quiet pan_genome_sequences/narL.fa > pan_genome_sequences/narL.fa.aln
2026/04/21 18:59:02 Running command: mafft --auto --quiet pan_genome_sequences/uraA.fa > pan_genome_sequences/uraA.fa.aln
2026/04/21 18:59:02 Running command: mafft --auto --quiet pan_genome_sequences/trkA.fa > pan_genome_sequences/trkA.fa.aln
2026/04/21 18:59:08 Running command: mafft --auto --quiet pan_genome_sequences/gltA.fa > pan_genome_sequences/gltA.fa.aln
2026/04/21 18:59:24 Running command: mafft --auto --quiet pan_genome_sequences/cysH.fa > pan_genome_sequences/cysH.fa.aln
2026/04/21 18:58:13 Running command: mafft --auto --quiet pan_genome_sequences/copA_1.fa > pan_genome_sequences/copA_1.fa.aln
2026/04/21 18:59:32 Running command: mafft --auto --quiet pan_genome_sequences/rpsM.fa > pan_genome_sequences/rpsM.fa.aln
2026/04/21 18:59:29 Running command: mafft --auto --quiet pan_genome_sequences/group_17822.fa > pan_genome_sequences/group_17822.fa.aln
2026/04/21 18:59:33 Running command: mafft --auto --quiet pan_genome_sequences/rlpA_2.fa > pan_genome_sequences/rlpA_2.fa.aln
2026/04/21 18:59:32 Running command: mafft --auto --quiet pan_genome_sequences/group_4837.fa > pan_genome_sequences/group_4837.fa.aln
2026/04/21 18:57:54 Running command: mafft --auto --quiet pan_genome_sequences/nuoG.fa > pan_genome_sequences/nuoG.fa.aln
2026/04/21 18:59:35 Running command: mafft --auto --quiet pan_genome_sequences/bamE.fa > pan_genome_sequences/bamE.fa.aln
2026/04/21 18:59:39 Running command: mafft --auto --quiet pan_genome_sequences/group_5954.fa > pan_genome_sequences/group_5954.fa.aln
2026/04/21 18:59:36 Running command: mafft --auto --quiet pan_genome_sequences/group_4487.fa > pan_genome_sequences/group_4487.fa.aln
2026/04/21 18:58:50 Running command: mafft --auto --quiet pan_genome_sequences/rhlE_1.fa > pan_genome_sequences/rhlE_1.fa.aln
2026/04/21 18:59:38 Running command: mafft --auto --quiet pan_genome_sequences/yccA.fa > pan_genome_sequences/yccA.fa.aln
2026/04/21 18:59:25 Running command: mafft --auto --quiet pan_genome_sequences/metZ.fa > pan_genome_sequences/metZ.fa.aln
2026/04/21 18:59:40 Running command: mafft --auto --quiet pan_genome_sequences/parA.fa > pan_genome_sequences/parA.fa.aln
2026/04/21 18:59:45 Running command: mafft --auto --quiet pan_genome_sequences/ccmB.fa > pan_genome_sequences/ccmB.fa.aln
2026/04/21 18:59:35 Running command: mafft --auto --quiet pan_genome_sequences/mmgC_6.fa > pan_genome_sequences/mmgC_6.fa.aln
2026/04/21 18:59:46 Running command: mafft --auto --quiet pan_genome_sequences/phzB2.fa > pan_genome_sequences/phzB2.fa.aln
2026/04/21 18:59:54 Running command: mafft --auto --quiet pan_genome_sequences/group_3070.fa > pan_genome_sequences/group_3070.fa.aln
2026/04/21 18:59:42 Running command: mafft --auto --quiet pan_genome_sequences/spuE_3.fa > pan_genome_sequences/spuE_3.fa.aln
2026/04/21 18:59:54 Running command: mafft --auto --quiet pan_genome_sequences/rhtC_4.fa > pan_genome_sequences/rhtC_4.fa.aln
2026/04/21 18:59:59 Running command: mafft --auto --quiet pan_genome_sequences/cspD.fa > pan_genome_sequences/cspD.fa.aln
2026/04/21 18:59:59 Running command: mafft --auto --quiet pan_genome_sequences/sigW.fa > pan_genome_sequences/sigW.fa.aln
2026/04/21 18:59:57 Running command: mafft --auto --quiet pan_genome_sequences/copR.fa > pan_genome_sequences/copR.fa.aln
2026/04/21 19:00:04 Running command: mafft --auto --quiet pan_genome_sequences/group_4277.fa > pan_genome_sequences/group_4277.fa.aln
2026/04/21 18:58:57 Running command: mafft --auto --quiet pan_genome_sequences/group_5609.fa > pan_genome_sequences/group_5609.fa.aln
2026/04/21 19:00:14 Running command: mafft --auto --quiet pan_genome_sequences/grxC.fa > pan_genome_sequences/grxC.fa.aln
2026/04/21 18:59:52 Running command: mafft --auto --quiet pan_genome_sequences/dctD_1.fa > pan_genome_sequences/dctD_1.fa.aln
2026/04/21 19:00:03 Running command: mafft --auto --quiet pan_genome_sequences/group_5134.fa > pan_genome_sequences/group_5134.fa.aln
2026/04/21 18:59:49 Running command: mafft --auto --quiet pan_genome_sequences/group_4652.fa > pan_genome_sequences/group_4652.fa.aln
2026/04/21 19:00:18 Running command: mafft --auto --quiet pan_genome_sequences/group_18600.fa > pan_genome_sequences/group_18600.fa.aln
2026/04/21 19:00:17 Running command: mafft --auto --quiet pan_genome_sequences/modB.fa > pan_genome_sequences/modB.fa.aln
2026/04/21 19:00:17 Running command: mafft --auto --quiet pan_genome_sequences/pomA.fa > pan_genome_sequences/pomA.fa.aln
2026/04/21 19:00:05 Running command: mafft --auto --quiet pan_genome_sequences/group_4812.fa > pan_genome_sequences/group_4812.fa.aln
2026/04/21 19:00:25 Running command: mafft --auto --quiet pan_genome_sequences/group_5360.fa > pan_genome_sequences/group_5360.fa.aln
2026/04/21 19:00:30 Running command: mafft --auto --quiet pan_genome_sequences/gacA.fa > pan_genome_sequences/gacA.fa.aln
2026/04/21 18:59:35 Running command: mafft --auto --quiet pan_genome_sequences/spoT.fa > pan_genome_sequences/spoT.fa.aln
2026/04/21 19:00:01 Running command: mafft --auto --quiet pan_genome_sequences/cheB_4.fa > pan_genome_sequences/cheB_4.fa.aln
2026/04/21 19:00:28 Running command: mafft --auto --quiet pan_genome_sequences/group_5939.fa > pan_genome_sequences/group_5939.fa.aln
2026/04/21 19:00:43 Running command: mafft --auto --quiet pan_genome_sequences/group_17676.fa > pan_genome_sequences/group_17676.fa.aln
2026/04/21 19:00:40 Running command: mafft --auto --quiet pan_genome_sequences/group_17594.fa > pan_genome_sequences/group_17594.fa.aln
2026/04/21 19:00:24 Running command: mafft --auto --quiet pan_genome_sequences/adiC.fa > pan_genome_sequences/adiC.fa.aln
2026/04/21 19:00:39 Running command: mafft --auto --quiet pan_genome_sequences/group_4340.fa > pan_genome_sequences/group_4340.fa.aln
2026/04/21 19:00:51 Running command: mafft --auto --quiet pan_genome_sequences/group_5191.fa > pan_genome_sequences/group_5191.fa.aln
2026/04/21 18:59:43 Running command: mafft --auto --quiet pan_genome_sequences/aroA.fa > pan_genome_sequences/aroA.fa.aln
2026/04/21 19:00:44 Running command: mafft --auto --quiet pan_genome_sequences/tsaQ1.fa > pan_genome_sequences/tsaQ1.fa.aln
2026/04/21 19:00:37 Running command: mafft --auto --quiet pan_genome_sequences/ackA.fa > pan_genome_sequences/ackA.fa.aln
2026/04/21 19:00:54 Running command: mafft --auto --quiet pan_genome_sequences/yohC_1.fa > pan_genome_sequences/yohC_1.fa.aln
2026/04/21 19:00:15 Running command: mafft --auto --quiet pan_genome_sequences/msbA.fa > pan_genome_sequences/msbA.fa.aln
2026/04/21 19:00:55 Running command: mafft --auto --quiet pan_genome_sequences/group_1709.fa > pan_genome_sequences/group_1709.fa.aln
2026/04/21 19:00:54 Running command: mafft --auto --quiet pan_genome_sequences/pyrB.fa > pan_genome_sequences/pyrB.fa.aln
2026/04/21 19:00:47 Running command: mafft --auto --quiet pan_genome_sequences/dctA2.fa > pan_genome_sequences/dctA2.fa.aln
2026/04/21 19:01:08 Running command: mafft --auto --quiet pan_genome_sequences/group_4939.fa > pan_genome_sequences/group_4939.fa.aln
2026/04/21 19:01:02 Running command: mafft --auto --quiet pan_genome_sequences/ilvC.fa > pan_genome_sequences/ilvC.fa.aln
2026/04/21 19:01:00 Running command: mafft --auto --quiet pan_genome_sequences/yhhJ.fa > pan_genome_sequences/yhhJ.fa.aln
2026/04/21 19:00:50 Running command: mafft --auto --quiet pan_genome_sequences/group_17525.fa > pan_genome_sequences/group_17525.fa.aln
2026/04/21 19:01:26 Running command: mafft --auto --quiet pan_genome_sequences/group_17485.fa > pan_genome_sequences/group_17485.fa.aln
2026/04/21 19:01:03 Running command: mafft --auto --quiet pan_genome_sequences/aroH_2.fa > pan_genome_sequences/aroH_2.fa.aln
2026/04/21 19:00:57 Running command: mafft --auto --quiet pan_genome_sequences/lepA.fa > pan_genome_sequences/lepA.fa.aln
2026/04/21 19:01:17 Running command: mafft --auto --quiet pan_genome_sequences/glpK_2.fa > pan_genome_sequences/glpK_2.fa.aln
2026/04/21 19:01:28 Running command: mafft --auto --quiet pan_genome_sequences/aspC_1.fa > pan_genome_sequences/aspC_1.fa.aln
2026/04/21 19:01:14 Running command: mafft --auto --quiet pan_genome_sequences/pgi.fa > pan_genome_sequences/pgi.fa.aln
2026/04/21 19:01:11 Running command: mafft --auto --quiet pan_genome_sequences/fadD3.fa > pan_genome_sequences/fadD3.fa.aln
2026/04/21 19:01:49 Running command: mafft --auto --quiet pan_genome_sequences/degU_1.fa > pan_genome_sequences/degU_1.fa.aln
2026/04/21 19:00:19 Running command: mafft --auto --quiet pan_genome_sequences/ppc.fa > pan_genome_sequences/ppc.fa.aln
2026/04/21 19:01:50 Running command: mafft --auto --quiet pan_genome_sequences/coaE.fa > pan_genome_sequences/coaE.fa.aln
2026/04/21 19:01:55 Running command: mafft --auto --quiet pan_genome_sequences/group_6014.fa > pan_genome_sequences/group_6014.fa.aln
2026/04/21 19:01:29 Running command: mafft --auto --quiet pan_genome_sequences/hsrA.fa > pan_genome_sequences/hsrA.fa.aln
2026/04/21 19:01:55 Running command: mafft --auto --quiet pan_genome_sequences/group_5665.fa > pan_genome_sequences/group_5665.fa.aln
2026/04/21 19:01:53 Running command: mafft --auto --quiet pan_genome_sequences/rarD_1.fa > pan_genome_sequences/rarD_1.fa.aln
2026/04/21 19:02:04 Running command: mafft --auto --quiet pan_genome_sequences/yohD.fa > pan_genome_sequences/yohD.fa.aln
2026/04/21 19:01:18 Running command: mafft --auto --quiet pan_genome_sequences/group_17451.fa > pan_genome_sequences/group_17451.fa.aln
2026/04/21 19:01:56 Running command: mafft --auto --quiet pan_genome_sequences/moaA_2.fa > pan_genome_sequences/moaA_2.fa.aln
2026/04/21 19:02:04 Running command: mafft --auto --quiet pan_genome_sequences/group_5120.fa > pan_genome_sequences/group_5120.fa.aln
2026/04/21 19:02:11 Running command: mafft --auto --quiet pan_genome_sequences/group_5536.fa > pan_genome_sequences/group_5536.fa.aln
2026/04/21 19:02:10 Running command: mafft --auto --quiet pan_genome_sequences/pgl_1.fa > pan_genome_sequences/pgl_1.fa.aln
2026/04/21 19:01:55 Running command: mafft --auto --quiet pan_genome_sequences/lolE_1.fa > pan_genome_sequences/lolE_1.fa.aln
2026/04/21 19:01:42 Running command: mafft --auto --quiet pan_genome_sequences/madA.fa > pan_genome_sequences/madA.fa.aln
2026/04/21 19:02:17 Running command: mafft --auto --quiet pan_genome_sequences/pal_7.fa > pan_genome_sequences/pal_7.fa.aln
2026/04/21 19:02:17 Running command: mafft --auto --quiet pan_genome_sequences/suhB.fa > pan_genome_sequences/suhB.fa.aln
2026/04/21 19:02:21 Running command: mafft --auto --quiet pan_genome_sequences/xcpP_1.fa > pan_genome_sequences/xcpP_1.fa.aln
2026/04/21 19:02:11 Running command: mafft --auto --quiet pan_genome_sequences/aroF_1.fa > pan_genome_sequences/aroF_1.fa.aln
2026/04/21 19:02:28 Running command: mafft --auto --quiet pan_genome_sequences/group_4638.fa > pan_genome_sequences/group_4638.fa.aln
2026/04/21 19:02:29 Running command: mafft --auto --quiet pan_genome_sequences/group_4910.fa > pan_genome_sequences/group_4910.fa.aln
2026/04/21 19:02:23 Running command: mafft --auto --quiet pan_genome_sequences/zipA.fa > pan_genome_sequences/zipA.fa.aln
2026/04/21 19:02:34 Running command: mafft --auto --quiet pan_genome_sequences/yceI.fa > pan_genome_sequences/yceI.fa.aln
2026/04/21 19:02:15 Running command: mafft --auto --quiet pan_genome_sequences/aprA_1.fa > pan_genome_sequences/aprA_1.fa.aln
2026/04/21 19:01:58 Running command: mafft --auto --quiet pan_genome_sequences/lpoA.fa > pan_genome_sequences/lpoA.fa.aln
2026/04/21 19:02:39 Running command: mafft --auto --quiet pan_genome_sequences/exoA.fa > pan_genome_sequences/exoA.fa.aln
2026/04/21 19:02:45 Running command: mafft --auto --quiet pan_genome_sequences/group_18462.fa > pan_genome_sequences/group_18462.fa.aln
2026/04/21 19:02:34 Running command: mafft --auto --quiet pan_genome_sequences/ybeZ.fa > pan_genome_sequences/ybeZ.fa.aln
2026/04/21 19:02:28 Running command: mafft --auto --quiet pan_genome_sequences/group_17295.fa > pan_genome_sequences/group_17295.fa.aln
2026/04/21 19:02:27 Running command: mafft --auto --quiet pan_genome_sequences/calB.fa > pan_genome_sequences/calB.fa.aln
2026/04/21 19:02:45 Running command: mafft --auto --quiet pan_genome_sequences/group_4288.fa > pan_genome_sequences/group_4288.fa.aln
2026/04/21 19:02:49 Running command: mafft --auto --quiet pan_genome_sequences/xerC_2.fa > pan_genome_sequences/xerC_2.fa.aln
2026/04/21 19:02:51 Running command: mafft --auto --quiet pan_genome_sequences/group_4961.fa > pan_genome_sequences/group_4961.fa.aln
2026/04/21 19:02:56 Running command: mafft --auto --quiet pan_genome_sequences/ubiE.fa > pan_genome_sequences/ubiE.fa.aln
2026/04/21 19:02:48 Running command: mafft --auto --quiet pan_genome_sequences/flhB.fa > pan_genome_sequences/flhB.fa.aln
2026/04/21 19:03:05 Running command: mafft --auto --quiet pan_genome_sequences/group_18384.fa > pan_genome_sequences/group_18384.fa.aln
2026/04/21 19:03:01 Running command: mafft --auto --quiet pan_genome_sequences/group_4674.fa > pan_genome_sequences/group_4674.fa.aln
2026/04/21 19:03:04 Running command: mafft --auto --quiet pan_genome_sequences/group_6687.fa > pan_genome_sequences/group_6687.fa.aln
2026/04/21 19:02:09 Running command: mafft --auto --quiet pan_genome_sequences/pta.fa > pan_genome_sequences/pta.fa.aln
2026/04/21 19:03:07 Running command: mafft --auto --quiet pan_genome_sequences/nimR_2.fa > pan_genome_sequences/nimR_2.fa.aln
2026/04/21 19:01:53 Running command: mafft --auto --quiet pan_genome_sequences/iutA_1.fa > pan_genome_sequences/iutA_1.fa.aln
2026/04/21 19:03:08 Running command: mafft --auto --quiet pan_genome_sequences/group_2545.fa > pan_genome_sequences/group_2545.fa.aln
2026/04/21 19:03:09 Running command: mafft --auto --quiet pan_genome_sequences/lpxC.fa > pan_genome_sequences/lpxC.fa.aln
2026/04/21 19:03:10 Running command: mafft --auto --quiet pan_genome_sequences/etfA.fa > pan_genome_sequences/etfA.fa.aln
2026/04/21 19:02:59 Running command: mafft --auto --quiet pan_genome_sequences/yhjE.fa > pan_genome_sequences/yhjE.fa.aln
2026/04/21 19:03:22 Running command: mafft --auto --quiet pan_genome_sequences/group_4495.fa > pan_genome_sequences/group_4495.fa.aln
2026/04/21 19:03:23 Running command: mafft --auto --quiet pan_genome_sequences/cobO.fa > pan_genome_sequences/cobO.fa.aln
2026/04/21 19:03:25 Running command: mafft --auto --quiet pan_genome_sequences/group_4699.fa > pan_genome_sequences/group_4699.fa.aln
2026/04/21 19:03:16 Running command: mafft --auto --quiet pan_genome_sequences/ltaE_2.fa > pan_genome_sequences/ltaE_2.fa.aln
2026/04/21 19:03:28 Running command: mafft --auto --quiet pan_genome_sequences/lexA.fa > pan_genome_sequences/lexA.fa.aln
2026/04/21 19:03:18 Running command: mafft --auto --quiet pan_genome_sequences/gcvT_1.fa > pan_genome_sequences/gcvT_1.fa.aln
2026/04/21 19:03:13 Running command: mafft --auto --quiet pan_genome_sequences/hisD.fa > pan_genome_sequences/hisD.fa.aln
2026/04/21 19:03:32 Running command: mafft --auto --quiet pan_genome_sequences/rsmA.fa > pan_genome_sequences/rsmA.fa.aln
2026/04/21 19:03:38 Running command: mafft --auto --quiet pan_genome_sequences/inaA_2.fa > pan_genome_sequences/inaA_2.fa.aln
2026/04/21 19:03:34 Running command: mafft --auto --quiet pan_genome_sequences/fabD_2.fa > pan_genome_sequences/fabD_2.fa.aln
2026/04/21 19:02:49 Running command: mafft --auto --quiet pan_genome_sequences/group_3087.fa > pan_genome_sequences/group_3087.fa.aln
2026/04/21 19:03:22 Running command: mafft --auto --quiet pan_genome_sequences/group_4447.fa > pan_genome_sequences/group_4447.fa.aln
2026/04/21 19:03:34 Running command: mafft --auto --quiet pan_genome_sequences/group_5484.fa > pan_genome_sequences/group_5484.fa.aln
2026/04/21 19:03:16 Running command: mafft --auto --quiet pan_genome_sequences/bmrA.fa > pan_genome_sequences/bmrA.fa.aln
2026/04/21 19:04:02 Running command: mafft --auto --quiet pan_genome_sequences/group_4296.fa > pan_genome_sequences/group_4296.fa.aln
2026/04/21 19:03:31 Running command: mafft --auto --quiet pan_genome_sequences/hpaB_1.fa > pan_genome_sequences/hpaB_1.fa.aln
2026/04/21 19:03:47 Running command: mafft --auto --quiet pan_genome_sequences/IMPDH_1.fa > pan_genome_sequences/IMPDH_1.fa.aln
2026/04/21 19:04:06 Running command: mafft --auto --quiet pan_genome_sequences/group_3041.fa > pan_genome_sequences/group_3041.fa.aln
2026/04/21 19:03:47 Running command: mafft --auto --quiet pan_genome_sequences/pcaF_1.fa > pan_genome_sequences/pcaF_1.fa.aln
2026/04/21 19:03:41 Running command: mafft --auto --quiet pan_genome_sequences/fliI.fa > pan_genome_sequences/fliI.fa.aln
2026/04/21 19:03:45 Running command: mafft --auto --quiet pan_genome_sequences/pyrC_.fa > pan_genome_sequences/pyrC_.fa.aln
2026/04/21 19:04:06 Running command: mafft --auto --quiet pan_genome_sequences/fliJ.fa > pan_genome_sequences/fliJ.fa.aln
2026/04/21 19:04:05 Running command: mafft --auto --quiet pan_genome_sequences/coq7.fa > pan_genome_sequences/coq7.fa.aln
2026/04/21 19:04:03 Running command: mafft --auto --quiet pan_genome_sequences/mkl.fa > pan_genome_sequences/mkl.fa.aln
2026/04/21 19:04:09 Running command: mafft --auto --quiet pan_genome_sequences/group_18061.fa > pan_genome_sequences/group_18061.fa.aln
2026/04/21 19:04:07 Running command: mafft --auto --quiet pan_genome_sequences/pdxJ.fa > pan_genome_sequences/pdxJ.fa.aln
2026/04/21 19:04:08 Running command: mafft --auto --quiet pan_genome_sequences/prpC_2.fa > pan_genome_sequences/prpC_2.fa.aln
2026/04/21 19:04:15 Running command: mafft --auto --quiet pan_genome_sequences/mgtC_2.fa > pan_genome_sequences/mgtC_2.fa.aln
2026/04/21 19:04:13 Running command: mafft --auto --quiet pan_genome_sequences/group_4752.fa > pan_genome_sequences/group_4752.fa.aln
2026/04/21 19:03:55 Running command: mafft --auto --quiet pan_genome_sequences/zwf_1.fa > pan_genome_sequences/zwf_1.fa.aln
2026/04/21 19:04:15 Running command: mafft --auto --quiet pan_genome_sequences/bioP.fa > pan_genome_sequences/bioP.fa.aln
2026/04/21 19:04:22 Running command: mafft --auto --quiet pan_genome_sequences/fabG_9.fa > pan_genome_sequences/fabG_9.fa.aln
2026/04/21 19:04:23 Running command: mafft --auto --quiet pan_genome_sequences/group_3654.fa > pan_genome_sequences/group_3654.fa.aln
2026/04/21 19:04:08 Running command: mafft --auto --quiet pan_genome_sequences/ynfM_1.fa > pan_genome_sequences/ynfM_1.fa.aln
2026/04/21 19:04:11 Running command: mafft --auto --quiet pan_genome_sequences/group_5729.fa > pan_genome_sequences/group_5729.fa.aln
2026/04/21 19:04:31 Running command: mafft --auto --quiet pan_genome_sequences/napB.fa > pan_genome_sequences/napB.fa.aln
2026/04/21 19:04:32 Running command: mafft --auto --quiet pan_genome_sequences/group_4955.fa > pan_genome_sequences/group_4955.fa.aln
2026/04/21 19:04:36 Running command: mafft --auto --quiet pan_genome_sequences/group_2364.fa > pan_genome_sequences/group_2364.fa.aln
2026/04/21 19:04:39 Running command: mafft --auto --quiet pan_genome_sequences/group_2204.fa > pan_genome_sequences/group_2204.fa.aln
2026/04/21 19:04:35 Running command: mafft --auto --quiet pan_genome_sequences/hasA.fa > pan_genome_sequences/hasA.fa.aln
2026/04/21 19:04:26 Running command: mafft --auto --quiet pan_genome_sequences/cheB_3.fa > pan_genome_sequences/cheB_3.fa.aln
2026/04/21 19:04:13 Running command: mafft --auto --quiet pan_genome_sequences/trpE.fa > pan_genome_sequences/trpE.fa.aln
2026/04/21 19:04:32 Running command: mafft --auto --quiet pan_genome_sequences/alkB2.fa > pan_genome_sequences/alkB2.fa.aln
2026/04/21 19:04:40 Running command: mafft --auto --quiet pan_genome_sequences/group_4828.fa > pan_genome_sequences/group_4828.fa.aln
2026/04/21 19:04:44 Running command: mafft --auto --quiet pan_genome_sequences/flgI.fa > pan_genome_sequences/flgI.fa.aln
2026/04/21 19:05:01 Running command: mafft --auto --quiet pan_genome_sequences/ilvH.fa > pan_genome_sequences/ilvH.fa.aln
2026/04/21 19:04:44 Running command: mafft --auto --quiet pan_genome_sequences/trpB.fa > pan_genome_sequences/trpB.fa.aln
2026/04/21 19:05:02 Running command: mafft --auto --quiet pan_genome_sequences/group_18525.fa > pan_genome_sequences/group_18525.fa.aln
2026/04/21 19:05:04 Running command: mafft --auto --quiet pan_genome_sequences/group_5474.fa > pan_genome_sequences/group_5474.fa.aln
2026/04/21 19:04:08 Running command: mafft --auto --quiet pan_genome_sequences/mcpU_2.fa > pan_genome_sequences/mcpU_2.fa.aln
2026/04/21 19:05:09 Running command: mafft --auto --quiet pan_genome_sequences/cynT_1.fa > pan_genome_sequences/cynT_1.fa.aln
2026/04/21 19:05:07 Running command: mafft --auto --quiet pan_genome_sequences/pal_4.fa > pan_genome_sequences/pal_4.fa.aln
2026/04/21 19:05:04 Running command: mafft --auto --quiet pan_genome_sequences/tsaD.fa > pan_genome_sequences/tsaD.fa.aln
2026/04/21 19:05:19 Running command: mafft --auto --quiet pan_genome_sequences/group_2333.fa > pan_genome_sequences/group_2333.fa.aln
2026/04/21 19:05:17 Running command: mafft --auto --quiet pan_genome_sequences/pqiA_2.fa > pan_genome_sequences/pqiA_2.fa.aln
2026/04/21 19:04:34 Running command: mafft --auto --quiet pan_genome_sequences/ppiD.fa > pan_genome_sequences/ppiD.fa.aln
2026/04/21 19:05:22 Running command: mafft --auto --quiet pan_genome_sequences/yhbO.fa > pan_genome_sequences/yhbO.fa.aln
2026/04/21 19:05:20 Running command: mafft --auto --quiet pan_genome_sequences/catJ.fa > pan_genome_sequences/catJ.fa.aln
2026/04/21 19:05:29 Running command: mafft --auto --quiet pan_genome_sequences/group_3046.fa > pan_genome_sequences/group_3046.fa.aln
2026/04/21 19:04:50 Running command: mafft --auto --quiet pan_genome_sequences/group_18551.fa > pan_genome_sequences/group_18551.fa.aln
2026/04/21 19:04:40 Running command: mafft --auto --quiet pan_genome_sequences/ccmF.fa > pan_genome_sequences/ccmF.fa.aln
2026/04/21 19:05:23 Running command: mafft --auto --quiet pan_genome_sequences/amgK.fa > pan_genome_sequences/amgK.fa.aln
2026/04/21 19:04:25 Running command: mafft --auto --quiet pan_genome_sequences/ptsP.fa > pan_genome_sequences/ptsP.fa.aln
2026/04/21 19:05:39 Running command: mafft --auto --quiet pan_genome_sequences/ohrB.fa > pan_genome_sequences/ohrB.fa.aln
2026/04/21 19:05:31 Running command: mafft --auto --quiet pan_genome_sequences/dmlR_8.fa > pan_genome_sequences/dmlR_8.fa.aln
2026/04/21 19:05:43 Running command: mafft --auto --quiet pan_genome_sequences/group_4807.fa > pan_genome_sequences/group_4807.fa.aln
2026/04/21 19:05:27 Running command: mafft --auto --quiet pan_genome_sequences/ftsW.fa > pan_genome_sequences/ftsW.fa.aln
2026/04/21 19:05:19 Running command: mafft --auto --quiet pan_genome_sequences/mdlC.fa > pan_genome_sequences/mdlC.fa.aln
2026/04/21 19:05:31 Running command: mafft --auto --quiet pan_genome_sequences/norG_2.fa > pan_genome_sequences/norG_2.fa.aln
2026/04/21 19:06:01 Running command: mafft --auto --quiet pan_genome_sequences/rpsI.fa > pan_genome_sequences/rpsI.fa.aln
2026/04/21 19:05:49 Running command: mafft --auto --quiet pan_genome_sequences/serB2.fa > pan_genome_sequences/serB2.fa.aln
2026/04/21 19:05:38 Running command: mafft --auto --quiet pan_genome_sequences/group_17853.fa > pan_genome_sequences/group_17853.fa.aln
2026/04/21 19:05:55 Running command: mafft --auto --quiet pan_genome_sequences/tonB.fa > pan_genome_sequences/tonB.fa.aln
2026/04/21 19:06:10 Running command: mafft --auto --quiet pan_genome_sequences/group_17703.fa > pan_genome_sequences/group_17703.fa.aln
2026/04/21 19:06:10 Running command: mafft --auto --quiet pan_genome_sequences/mnhC1.fa > pan_genome_sequences/mnhC1.fa.aln
2026/04/21 19:06:04 Running command: mafft --auto --quiet pan_genome_sequences/gltI_2.fa > pan_genome_sequences/gltI_2.fa.aln
2026/04/21 19:06:10 Running command: mafft --auto --quiet pan_genome_sequences/tatC.fa > pan_genome_sequences/tatC.fa.aln
2026/04/21 19:05:42 Running command: mafft --auto --quiet pan_genome_sequences/sir_2.fa > pan_genome_sequences/sir_2.fa.aln
2026/04/21 19:05:36 Running command: mafft --auto --quiet pan_genome_sequences/nuoL.fa > pan_genome_sequences/nuoL.fa.aln
2026/04/21 19:05:44 Running command: mafft --auto --quiet pan_genome_sequences/hutU.fa > pan_genome_sequences/hutU.fa.aln
2026/04/21 19:06:16 Running command: mafft --auto --quiet pan_genome_sequences/group_18472.fa > pan_genome_sequences/group_18472.fa.aln
2026/04/21 19:06:12 Running command: mafft --auto --quiet pan_genome_sequences/group_4867.fa > pan_genome_sequences/group_4867.fa.aln
2026/04/21 19:06:34 Running command: mafft --auto --quiet pan_genome_sequences/moaD.fa > pan_genome_sequences/moaD.fa.aln
2026/04/21 19:06:24 Running command: mafft --auto --quiet pan_genome_sequences/lacC.fa > pan_genome_sequences/lacC.fa.aln
2026/04/21 19:06:36 Running command: mafft --auto --quiet pan_genome_sequences/yedF.fa > pan_genome_sequences/yedF.fa.aln
2026/04/21 19:06:21 Running command: mafft --auto --quiet pan_genome_sequences/asd.fa > pan_genome_sequences/asd.fa.aln
2026/04/21 19:06:12 Running command: mafft --auto --quiet pan_genome_sequences/group_4308.fa > pan_genome_sequences/group_4308.fa.aln
2026/04/21 19:06:35 Running command: mafft --auto --quiet pan_genome_sequences/ccmE.fa > pan_genome_sequences/ccmE.fa.aln
2026/04/21 19:06:24 Running command: mafft --auto --quiet pan_genome_sequences/rlmM.fa > pan_genome_sequences/rlmM.fa.aln
2026/04/21 19:05:14 Running command: mafft --auto --quiet pan_genome_sequences/group_4243.fa > pan_genome_sequences/group_4243.fa.aln
2026/04/21 19:06:19 Running command: mafft --auto --quiet pan_genome_sequences/secY.fa > pan_genome_sequences/secY.fa.aln
2026/04/21 19:06:34 Running command: mafft --auto --quiet pan_genome_sequences/plsX.fa > pan_genome_sequences/plsX.fa.aln
2026/04/21 19:06:38 Running command: mafft --auto --quiet pan_genome_sequences/nit1.fa > pan_genome_sequences/nit1.fa.aln
2026/04/21 19:06:43 Running command: mafft --auto --quiet pan_genome_sequences/group_18149.fa > pan_genome_sequences/group_18149.fa.aln
2026/04/21 19:06:39 Running command: mafft --auto --quiet pan_genome_sequences/miaA.fa > pan_genome_sequences/miaA.fa.aln
2026/04/21 19:06:48 Running command: mafft --auto --quiet pan_genome_sequences/lolD_2.fa > pan_genome_sequences/lolD_2.fa.aln
2026/04/21 19:06:52 Running command: mafft --auto --quiet pan_genome_sequences/group_5937.fa > pan_genome_sequences/group_5937.fa.aln
2026/04/21 19:06:39 Running command: mafft --auto --quiet pan_genome_sequences/iscS_1.fa > pan_genome_sequences/iscS_1.fa.aln
2026/04/21 19:07:00 Running command: mafft --auto --quiet pan_genome_sequences/mexR.fa > pan_genome_sequences/mexR.fa.aln
2026/04/21 19:06:44 Running command: mafft --auto --quiet pan_genome_sequences/pdxB.fa > pan_genome_sequences/pdxB.fa.aln
2026/04/21 19:06:58 Running command: mafft --auto --quiet pan_genome_sequences/mgtC_1.fa > pan_genome_sequences/mgtC_1.fa.aln
2026/04/21 19:06:48 Running command: mafft --auto --quiet pan_genome_sequences/lptF.fa > pan_genome_sequences/lptF.fa.aln
2026/04/21 19:07:03 Running command: mafft --auto --quiet pan_genome_sequences/group_2190.fa > pan_genome_sequences/group_2190.fa.aln
2026/04/21 19:06:55 Running command: mafft --auto --quiet pan_genome_sequences/group_918.fa > pan_genome_sequences/group_918.fa.aln
2026/04/21 19:07:06 Running command: mafft --auto --quiet pan_genome_sequences/group_17916.fa > pan_genome_sequences/group_17916.fa.aln
2026/04/21 19:07:06 Running command: mafft --auto --quiet pan_genome_sequences/aaaT.fa > pan_genome_sequences/aaaT.fa.aln
2026/04/21 19:06:47 Running command: mafft --auto --quiet pan_genome_sequences/hisS.fa > pan_genome_sequences/hisS.fa.aln
2026/04/21 19:06:40 Running command: mafft --auto --quiet pan_genome_sequences/group_4247.fa > pan_genome_sequences/group_4247.fa.aln
2026/04/21 19:07:03 Running command: mafft --auto --quiet pan_genome_sequences/group_1963.fa > pan_genome_sequences/group_1963.fa.aln
2026/04/21 19:07:09 Running command: mafft --auto --quiet pan_genome_sequences/group_6012.fa > pan_genome_sequences/group_6012.fa.aln
2026/04/21 19:07:13 Running command: mafft --auto --quiet pan_genome_sequences/group_18317.fa > pan_genome_sequences/group_18317.fa.aln
2026/04/21 19:07:06 Running command: mafft --auto --quiet pan_genome_sequences/group_2388.fa > pan_genome_sequences/group_2388.fa.aln
2026/04/21 19:07:11 Running command: mafft --auto --quiet pan_genome_sequences/fabG_12.fa > pan_genome_sequences/fabG_12.fa.aln
2026/04/21 19:07:08 Running command: mafft --auto --quiet pan_genome_sequences/glyQ.fa > pan_genome_sequences/glyQ.fa.aln
2026/04/21 19:07:11 Running command: mafft --auto --quiet pan_genome_sequences/group_3023.fa > pan_genome_sequences/group_3023.fa.aln
2026/04/21 19:07:21 Running command: mafft --auto --quiet pan_genome_sequences/group_4384.fa > pan_genome_sequences/group_4384.fa.aln
2026/04/21 19:07:11 Running command: mafft --auto --quiet pan_genome_sequences/group_18367.fa > pan_genome_sequences/group_18367.fa.aln
2026/04/21 19:07:19 Running command: mafft --auto --quiet pan_genome_sequences/msrA.fa > pan_genome_sequences/msrA.fa.aln
2026/04/21 19:07:16 Running command: mafft --auto --quiet pan_genome_sequences/lipA.fa > pan_genome_sequences/lipA.fa.aln
2026/04/21 19:07:23 Running command: mafft --auto --quiet pan_genome_sequences/ydcV_1.fa > pan_genome_sequences/ydcV_1.fa.aln
2026/04/21 19:06:39 Running command: mafft --auto --quiet pan_genome_sequences/ctpL.fa > pan_genome_sequences/ctpL.fa.aln
2026/04/21 19:07:30 Running command: mafft --auto --quiet pan_genome_sequences/eda_1.fa > pan_genome_sequences/eda_1.fa.aln
2026/04/21 19:07:20 Running command: mafft --auto --quiet pan_genome_sequences/pilT_2.fa > pan_genome_sequences/pilT_2.fa.aln
2026/04/21 19:07:38 Running command: mafft --auto --quiet pan_genome_sequences/group_3213.fa > pan_genome_sequences/group_3213.fa.aln
2026/04/21 19:07:21 Running command: mafft --auto --quiet pan_genome_sequences/dxr.fa > pan_genome_sequences/dxr.fa.aln
2026/04/21 19:07:37 Running command: mafft --auto --quiet pan_genome_sequences/dcd.fa > pan_genome_sequences/dcd.fa.aln
2026/04/21 19:07:41 Running command: mafft --auto --quiet pan_genome_sequences/group_3284.fa > pan_genome_sequences/group_3284.fa.aln
2026/04/21 19:07:41 Running command: mafft --auto --quiet pan_genome_sequences/group_17901.fa > pan_genome_sequences/group_17901.fa.aln
2026/04/21 19:07:34 Running command: mafft --auto --quiet pan_genome_sequences/glnL.fa > pan_genome_sequences/glnL.fa.aln
2026/04/21 19:07:14 Running command: mafft --auto --quiet pan_genome_sequences/group_4646.fa > pan_genome_sequences/group_4646.fa.aln
2026/04/21 19:07:51 Running command: mafft --auto --quiet pan_genome_sequences/thiE_2.fa > pan_genome_sequences/thiE_2.fa.aln
2026/04/21 19:08:04 Running command: mafft --auto --quiet pan_genome_sequences/greA.fa > pan_genome_sequences/greA.fa.aln
2026/04/21 19:08:07 Running command: mafft --auto --quiet pan_genome_sequences/group_17919.fa > pan_genome_sequences/group_17919.fa.aln
2026/04/21 19:08:09 Running command: mafft --auto --quiet pan_genome_sequences/lrpC_2.fa > pan_genome_sequences/lrpC_2.fa.aln
2026/04/21 19:08:12 Running command: mafft --auto --quiet pan_genome_sequences/soxD.fa > pan_genome_sequences/soxD.fa.aln
2026/04/21 19:07:46 Running command: mafft --auto --quiet pan_genome_sequences/degP.fa > pan_genome_sequences/degP.fa.aln
2026/04/21 19:07:44 Running command: mafft --auto --quiet pan_genome_sequences/sasA_12.fa > pan_genome_sequences/sasA_12.fa.aln
2026/04/21 19:08:14 Running command: mafft --auto --quiet pan_genome_sequences/rph.fa > pan_genome_sequences/rph.fa.aln
2026/04/21 19:07:25 Running command: mafft --auto --quiet pan_genome_sequences/fadH_3.fa > pan_genome_sequences/fadH_3.fa.aln
2026/04/21 19:08:14 Running command: mafft --auto --quiet pan_genome_sequences/pdxY.fa > pan_genome_sequences/pdxY.fa.aln
2026/04/21 19:07:50 Running command: mafft --auto --quiet pan_genome_sequences/eptA_1.fa > pan_genome_sequences/eptA_1.fa.aln
2026/04/21 19:08:25 Running command: mafft --auto --quiet pan_genome_sequences/group_5107.fa > pan_genome_sequences/group_5107.fa.aln
2026/04/21 19:07:39 Running command: mafft --auto --quiet pan_genome_sequences/uup.fa > pan_genome_sequences/uup.fa.aln
2026/04/21 19:08:21 Running command: mafft --auto --quiet pan_genome_sequences/sadH.fa > pan_genome_sequences/sadH.fa.aln
2026/04/21 19:08:32 Running command: mafft --auto --quiet pan_genome_sequences/qoxC.fa > pan_genome_sequences/qoxC.fa.aln
2026/04/21 19:08:30 Running command: mafft --auto --quiet pan_genome_sequences/group_18228.fa > pan_genome_sequences/group_18228.fa.aln
2026/04/21 19:08:40 Running command: mafft --auto --quiet pan_genome_sequences/eda_2.fa > pan_genome_sequences/eda_2.fa.aln
2026/04/21 19:08:47 Running command: mafft --auto --quiet pan_genome_sequences/fabA.fa > pan_genome_sequences/fabA.fa.aln
2026/04/21 19:08:33 Running command: mafft --auto --quiet pan_genome_sequences/phnW.fa > pan_genome_sequences/phnW.fa.aln
2026/04/21 19:08:51 Running command: mafft --auto --quiet pan_genome_sequences/group_18036.fa > pan_genome_sequences/group_18036.fa.aln
2026/04/21 19:08:51 Running command: mafft --auto --quiet pan_genome_sequences/allE.fa > pan_genome_sequences/allE.fa.aln
2026/04/21 19:08:22 Running command: mafft --auto --quiet pan_genome_sequences/acsA_1.fa > pan_genome_sequences/acsA_1.fa.aln
2026/04/21 19:08:52 Running command: mafft --auto --quiet pan_genome_sequences/mdtA_7.fa > pan_genome_sequences/mdtA_7.fa.aln
2026/04/21 19:07:34 Running command: mafft --auto --quiet pan_genome_sequences/clpV1_1.fa > pan_genome_sequences/clpV1_1.fa.aln
2026/04/21 19:08:25 Running command: mafft --auto --quiet pan_genome_sequences/ilvD.fa > pan_genome_sequences/ilvD.fa.aln
2026/04/21 19:07:24 Running command: mafft --auto --quiet pan_genome_sequences/mrpA.fa > pan_genome_sequences/mrpA.fa.aln
2026/04/21 19:09:08 Running command: mafft --auto --quiet pan_genome_sequences/group_17375.fa > pan_genome_sequences/group_17375.fa.aln
2026/04/21 19:09:13 Running command: mafft --auto --quiet pan_genome_sequences/glpE_1.fa > pan_genome_sequences/glpE_1.fa.aln
2026/04/21 19:09:13 Running command: mafft --auto --quiet pan_genome_sequences/gloA_3.fa > pan_genome_sequences/gloA_3.fa.aln
2026/04/21 19:09:15 Running command: mafft --auto --quiet pan_genome_sequences/paaI.fa > pan_genome_sequences/paaI.fa.aln
2026/04/21 19:09:12 Running command: mafft --auto --quiet pan_genome_sequences/group_4789.fa > pan_genome_sequences/group_4789.fa.aln
2026/04/21 19:09:17 Running command: mafft --auto --quiet pan_genome_sequences/group_4228.fa > pan_genome_sequences/group_4228.fa.aln
2026/04/21 19:09:20 Running command: mafft --auto --quiet pan_genome_sequences/pdxH.fa > pan_genome_sequences/pdxH.fa.aln
2026/04/21 19:09:01 Running command: mafft --auto --quiet pan_genome_sequences/group_5511.fa > pan_genome_sequences/group_5511.fa.aln
2026/04/21 19:09:18 Running command: mafft --auto --quiet pan_genome_sequences/holB.fa > pan_genome_sequences/holB.fa.aln
2026/04/21 19:09:14 Running command: mafft --auto --quiet pan_genome_sequences/mshA_5.fa > pan_genome_sequences/mshA_5.fa.aln
2026/04/21 19:09:32 Running command: mafft --auto --quiet pan_genome_sequences/group_4596.fa > pan_genome_sequences/group_4596.fa.aln
2026/04/21 19:08:29 Running command: mafft --auto --quiet pan_genome_sequences/pnp.fa > pan_genome_sequences/pnp.fa.aln
2026/04/21 19:09:26 Running command: mafft --auto --quiet pan_genome_sequences/group_4516.fa > pan_genome_sequences/group_4516.fa.aln
2026/04/21 19:09:32 Running command: mafft --auto --quiet pan_genome_sequences/group_4261.fa > pan_genome_sequences/group_4261.fa.aln
2026/04/21 19:09:01 Running command: mafft --auto --quiet pan_genome_sequences/ilvI.fa > pan_genome_sequences/ilvI.fa.aln
2026/04/21 19:09:35 Running command: mafft --auto --quiet pan_genome_sequences/uacT_2.fa > pan_genome_sequences/uacT_2.fa.aln
2026/04/21 19:09:19 Running command: mafft --auto --quiet pan_genome_sequences/typA.fa > pan_genome_sequences/typA.fa.aln
2026/04/21 19:09:31 Running command: mafft --auto --quiet pan_genome_sequences/ggt_1.fa > pan_genome_sequences/ggt_1.fa.aln
2026/04/21 19:08:37 Running command: mafft --auto --quiet pan_genome_sequences/group_4806.fa > pan_genome_sequences/group_4806.fa.aln
